original_path,output_path,articleurl,status,footer_used
index.html.bak.html,index.html.bak.html,no,merged,/Users/prashantdhingra/e/a3_output/happydeepawali.org/output/content/footer.fragment
index-deepawali.html,index.html,yes,merged,/Users/prashantdhingra/e/a3_output/happydeepawali.org/output/content/footer.fragment
sitemap_content.html,sitemap_content.html,yes,merged,/Users/prashantdhingra/e/a3_output/happydeepawali.org/output/content/footer.fragment
search.html,search.html,no,merged,/Users/prashantdhingra/e/a3_output/happydeepawali.org/output/content/footer.fragment
diwali-topics.html,diwali-topics.html,no,merged,/Users/prashantdhingra/e/a3_output/happydeepawali.org/output/content/footer.fragment
images-wallpapers-rangoli-visuals-and-social-content/diwali-rangoli-image-ideas.html,images-wallpapers-rangoli-visuals-and-social-content/diwali-rangoli-image-ideas.html,no,merged,/Users/prashantdhingra/e/a3_output/happydeepawali.org/output/content/images-wallpapers-rangoli-visuals-and-social-content/footer.fragment
images-wallpapers-rangoli-visuals-and-social-content/diwali-2026-images-greetings-diyas-rangoli-and-festival-lights.html,images-wallpapers-rangoli-visuals-and-social-content/diwali-2026-images-greetings-diyas-rangoli-and-festival-lights.html,no,merged,/Users/prashantdhingra/e/a3_output/happydeepawali.org/output/content/images-wallpapers-rangoli-visuals-and-social-content/footer.fragment
images-wallpapers-rangoli-visuals-and-social-content/lakshmi-ganesha-diwali-image-ideas.html,images-wallpapers-rangoli-visuals-and-social-content/lakshmi-ganesha-diwali-image-ideas.html,no,merged,/Users/prashantdhingra/e/a3_output/happydeepawali.org/output/content/images-wallpapers-rangoli-visuals-and-social-content/footer.fragment
images-wallpapers-rangoli-visuals-and-social-content/diwali-fireworks-photography-ideas.html,images-wallpapers-rangoli-visuals-and-social-content/diwali-fireworks-photography-ideas.html,no,merged,/Users/prashantdhingra/e/a3_output/happydeepawali.org/output/content/images-wallpapers-rangoli-visuals-and-social-content/footer.fragment
images-wallpapers-rangoli-visuals-and-social-content/index.html,images-wallpapers-rangoli-visuals-and-social-content/index.html,no,merged,/Users/prashantdhingra/e/a3_output/happydeepawali.org/output/content/images-wallpapers-rangoli-visuals-and-social-content/footer.fragment
images-wallpapers-rangoli-visuals-and-social-content/diwali-poster-design-ideas.html,images-wallpapers-rangoli-visuals-and-social-content/diwali-poster-design-ideas.html,no,merged,/Users/prashantdhingra/e/a3_output/happydeepawali.org/output/content/images-wallpapers-rangoli-visuals-and-social-content/footer.fragment
images-wallpapers-rangoli-visuals-and-social-content/diwali-desktop-wallpaper-ideas.html,images-wallpapers-rangoli-visuals-and-social-content/diwali-desktop-wallpaper-ideas.html,no,merged,/Users/prashantdhingra/e/a3_output/happydeepawali.org/output/content/images-wallpapers-rangoli-visuals-and-social-content/footer.fragment
images-wallpapers-rangoli-visuals-and-social-content/diwali-diya-images-and-wallpaper-ideas.html,images-wallpapers-rangoli-visuals-and-social-content/diwali-diya-images-and-wallpaper-ideas.html,no,merged,/Users/prashantdhingra/e/a3_output/happydeepawali.org/output/content/images-wallpapers-rangoli-visuals-and-social-content/footer.fragment
images-wallpapers-rangoli-visuals-and-social-content/best-diwali-images-for-whatsapp-facebook-and-instagram.html,images-wallpapers-rangoli-visuals-and-social-content/best-diwali-images-for-whatsapp-facebook-and-instagram.html,no,merged,/Users/prashantdhingra/e/a3_output/happydeepawali.org/output/content/images-wallpapers-rangoli-visuals-and-social-content/footer.fragment
images-wallpapers-rangoli-visuals-and-social-content/diwali-mobile-wallpaper-ideas.html,images-wallpapers-rangoli-visuals-and-social-content/diwali-mobile-wallpaper-ideas.html,no,merged,/Users/prashantdhingra/e/a3_output/happydeepawali.org/output/content/images-wallpapers-rangoli-visuals-and-social-content/footer.fragment
images-wallpapers-rangoli-visuals-and-social-content/diwali-quote-image-ideas.html,images-wallpapers-rangoli-visuals-and-social-content/diwali-quote-image-ideas.html,no,merged,/Users/prashantdhingra/e/a3_output/happydeepawali.org/output/content/images-wallpapers-rangoli-visuals-and-social-content/footer.fragment
images-wallpapers-rangoli-visuals-and-social-content/diwali-photography-shot-list-for-a-complete-festival-story.html,images-wallpapers-rangoli-visuals-and-social-content/diwali-photography-shot-list-for-a-complete-festival-story.html,no,merged,/Users/prashantdhingra/e/a3_output/happydeepawali.org/output/content/images-wallpapers-rangoli-visuals-and-social-content/footer.fragment
images-wallpapers-rangoli-visuals-and-social-content/diwali-instagram-story-ideas.html,images-wallpapers-rangoli-visuals-and-social-content/diwali-instagram-story-ideas.html,no,merged,/Users/prashantdhingra/e/a3_output/happydeepawali.org/output/content/images-wallpapers-rangoli-visuals-and-social-content/footer.fragment
images-wallpapers-rangoli-visuals-and-social-content/diwali-family-photo-ideas.html,images-wallpapers-rangoli-visuals-and-social-content/diwali-family-photo-ideas.html,no,merged,/Users/prashantdhingra/e/a3_output/happydeepawali.org/output/content/images-wallpapers-rangoli-visuals-and-social-content/footer.fragment
images-wallpapers-rangoli-visuals-and-social-content/diwali-home-decor-photo-ideas.html,images-wallpapers-rangoli-visuals-and-social-content/diwali-home-decor-photo-ideas.html,no,merged,/Users/prashantdhingra/e/a3_output/happydeepawali.org/output/content/images-wallpapers-rangoli-visuals-and-social-content/footer.fragment
images-wallpapers-rangoli-visuals-and-social-content/diwali-couple-photo-ideas.html,images-wallpapers-rangoli-visuals-and-social-content/diwali-couple-photo-ideas.html,no,merged,/Users/prashantdhingra/e/a3_output/happydeepawali.org/output/content/images-wallpapers-rangoli-visuals-and-social-content/footer.fragment
images-wallpapers-rangoli-visuals-and-social-content/diwali-kids-photo-ideas.html,images-wallpapers-rangoli-visuals-and-social-content/diwali-kids-photo-ideas.html,no,merged,/Users/prashantdhingra/e/a3_output/happydeepawali.org/output/content/images-wallpapers-rangoli-visuals-and-social-content/footer.fragment
images-wallpapers-rangoli-visuals-and-social-content/diwali-business-greeting-visual-ideas.html,images-wallpapers-rangoli-visuals-and-social-content/diwali-business-greeting-visual-ideas.html,no,merged,/Users/prashantdhingra/e/a3_output/happydeepawali.org/output/content/images-wallpapers-rangoli-visuals-and-social-content/footer.fragment
images-wallpapers-rangoli-visuals-and-social-content/diwali-reel-and-short-video-content-ideas.html,images-wallpapers-rangoli-visuals-and-social-content/diwali-reel-and-short-video-content-ideas.html,no,merged,/Users/prashantdhingra/e/a3_output/happydeepawali.org/output/content/images-wallpapers-rangoli-visuals-and-social-content/footer.fragment
images-wallpapers-rangoli-visuals-and-social-content/diwali-greeting-card-design-ideas.html,images-wallpapers-rangoli-visuals-and-social-content/diwali-greeting-card-design-ideas.html,no,merged,/Users/prashantdhingra/e/a3_output/happydeepawali.org/output/content/images-wallpapers-rangoli-visuals-and-social-content/footer.fragment
images-wallpapers-rangoli-visuals-and-social-content/diwali-social-media-post-template-ideas.html,images-wallpapers-rangoli-visuals-and-social-content/diwali-social-media-post-template-ideas.html,no,merged,/Users/prashantdhingra/e/a3_output/happydeepawali.org/output/content/images-wallpapers-rangoli-visuals-and-social-content/footer.fragment
diyas-rangoli-decor-lights-and-home-design/budget-friendly-diwali-decoration-ideas.html,diyas-rangoli-decor-lights-and-home-design/budget-friendly-diwali-decoration-ideas.html,no,merged,/Users/prashantdhingra/e/a3_output/happydeepawali.org/output/content/diyas-rangoli-decor-lights-and-home-design/footer.fragment
diyas-rangoli-decor-lights-and-home-design/eco-friendly-diwali-decor-ideas.html,diyas-rangoli-decor-lights-and-home-design/eco-friendly-diwali-decor-ideas.html,no,merged,/Users/prashantdhingra/e/a3_output/happydeepawali.org/output/content/diyas-rangoli-decor-lights-and-home-design/footer.fragment
diyas-rangoli-decor-lights-and-home-design/index.html,diyas-rangoli-decor-lights-and-home-design/index.html,no,merged,/Users/prashantdhingra/e/a3_output/happydeepawali.org/output/content/diyas-rangoli-decor-lights-and-home-design/footer.fragment
diyas-rangoli-decor-lights-and-home-design/flower-rangoli-ideas-for-diwali.html,diyas-rangoli-decor-lights-and-home-design/flower-rangoli-ideas-for-diwali.html,no,merged,/Users/prashantdhingra/e/a3_output/happydeepawali.org/output/content/diyas-rangoli-decor-lights-and-home-design/footer.fragment
diyas-rangoli-decor-lights-and-home-design/diwali-entrance-and-door-decoration-ideas.html,diyas-rangoli-decor-lights-and-home-design/diwali-entrance-and-door-decoration-ideas.html,no,merged,/Users/prashantdhingra/e/a3_output/happydeepawali.org/output/content/diyas-rangoli-decor-lights-and-home-design/footer.fragment
diyas-rangoli-decor-lights-and-home-design/diwali-puja-room-decoration-ideas.html,diyas-rangoli-decor-lights-and-home-design/diwali-puja-room-decoration-ideas.html,no,merged,/Users/prashantdhingra/e/a3_output/happydeepawali.org/output/content/diyas-rangoli-decor-lights-and-home-design/footer.fragment
diyas-rangoli-decor-lights-and-home-design/diwali-lantern-and-kandil-ideas.html,diyas-rangoli-decor-lights-and-home-design/diwali-lantern-and-kandil-ideas.html,no,merged,/Users/prashantdhingra/e/a3_output/happydeepawali.org/output/content/diyas-rangoli-decor-lights-and-home-design/footer.fragment
diyas-rangoli-decor-lights-and-home-design/diwali-living-room-decoration-ideas.html,diyas-rangoli-decor-lights-and-home-design/diwali-living-room-decoration-ideas.html,no,merged,/Users/prashantdhingra/e/a3_output/happydeepawali.org/output/content/diyas-rangoli-decor-lights-and-home-design/footer.fragment
diyas-rangoli-decor-lights-and-home-design/diwali-rangoli-designs-traditional-and-modern-ideas.html,diyas-rangoli-decor-lights-and-home-design/diwali-rangoli-designs-traditional-and-modern-ideas.html,no,merged,/Users/prashantdhingra/e/a3_output/happydeepawali.org/output/content/diyas-rangoli-decor-lights-and-home-design/footer.fragment
diyas-rangoli-decor-lights-and-home-design/diwali-rangoli-ideas-for-small-spaces.html,diyas-rangoli-decor-lights-and-home-design/diwali-rangoli-ideas-for-small-spaces.html,no,merged,/Users/prashantdhingra/e/a3_output/happydeepawali.org/output/content/diyas-rangoli-decor-lights-and-home-design/footer.fragment
diyas-rangoli-decor-lights-and-home-design/diwali-table-decoration-ideas.html,diyas-rangoli-decor-lights-and-home-design/diwali-table-decoration-ideas.html,no,merged,/Users/prashantdhingra/e/a3_output/happydeepawali.org/output/content/diyas-rangoli-decor-lights-and-home-design/footer.fragment
diyas-rangoli-decor-lights-and-home-design/diwali-fairy-light-decoration-ideas.html,diyas-rangoli-decor-lights-and-home-design/diwali-fairy-light-decoration-ideas.html,no,merged,/Users/prashantdhingra/e/a3_output/happydeepawali.org/output/content/diyas-rangoli-decor-lights-and-home-design/footer.fragment
diyas-rangoli-decor-lights-and-home-design/modern-diwali-decoration-ideas.html,diyas-rangoli-decor-lights-and-home-design/modern-diwali-decoration-ideas.html,no,merged,/Users/prashantdhingra/e/a3_output/happydeepawali.org/output/content/diyas-rangoli-decor-lights-and-home-design/footer.fragment
diyas-rangoli-decor-lights-and-home-design/traditional-diwali-decor-ideas.html,diyas-rangoli-decor-lights-and-home-design/traditional-diwali-decor-ideas.html,no,merged,/Users/prashantdhingra/e/a3_output/happydeepawali.org/output/content/diyas-rangoli-decor-lights-and-home-design/footer.fragment
diyas-rangoli-decor-lights-and-home-design/diwali-balcony-decoration-ideas.html,diyas-rangoli-decor-lights-and-home-design/diwali-balcony-decoration-ideas.html,no,merged,/Users/prashantdhingra/e/a3_output/happydeepawali.org/output/content/diyas-rangoli-decor-lights-and-home-design/footer.fragment
diyas-rangoli-decor-lights-and-home-design/how-to-arrange-diyas-around-your-home-safely.html,diyas-rangoli-decor-lights-and-home-design/how-to-arrange-diyas-around-your-home-safely.html,no,merged,/Users/prashantdhingra/e/a3_output/happydeepawali.org/output/content/diyas-rangoli-decor-lights-and-home-design/footer.fragment
diyas-rangoli-decor-lights-and-home-design/diwali-diya-decoration-ideas.html,diyas-rangoli-decor-lights-and-home-design/diwali-diya-decoration-ideas.html,no,merged,/Users/prashantdhingra/e/a3_output/happydeepawali.org/output/content/diyas-rangoli-decor-lights-and-home-design/footer.fragment
diyas-rangoli-decor-lights-and-home-design/diwali-toran-ideas-for-doors-and-entrances.html,diyas-rangoli-decor-lights-and-home-design/diwali-toran-ideas-for-doors-and-entrances.html,no,merged,/Users/prashantdhingra/e/a3_output/happydeepawali.org/output/content/diyas-rangoli-decor-lights-and-home-design/footer.fragment
diyas-rangoli-decor-lights-and-home-design/diwali-flower-decoration-ideas.html,diyas-rangoli-decor-lights-and-home-design/diwali-flower-decoration-ideas.html,no,merged,/Users/prashantdhingra/e/a3_output/happydeepawali.org/output/content/diyas-rangoli-decor-lights-and-home-design/footer.fragment
diyas-rangoli-decor-lights-and-home-design/easy-diwali-rangoli-designs-for-beginners.html,diyas-rangoli-decor-lights-and-home-design/easy-diwali-rangoli-designs-for-beginners.html,no,merged,/Users/prashantdhingra/e/a3_output/happydeepawali.org/output/content/diyas-rangoli-decor-lights-and-home-design/footer.fragment
diyas-rangoli-decor-lights-and-home-design/diwali-decoration-ideas-for-home.html,diyas-rangoli-decor-lights-and-home-design/diwali-decoration-ideas-for-home.html,no,merged,/Users/prashantdhingra/e/a3_output/happydeepawali.org/output/content/diyas-rangoli-decor-lights-and-home-design/footer.fragment
uttarayan/uttarayan-info.html,uttarayan/uttarayan-info.html,yes,merged,/Users/prashantdhingra/e/a3_output/happydeepawali.org/output/content/uttarayan/footer.fragment
valentineday/valentine-day-gift-guide.html,valentineday/gift-selection.html,yes,merged,/Users/prashantdhingra/e/a3_output/happydeepawali.org/output/content/valentineday/footer.fragment
valentineday/ldr-valentineday-pink.html,valentineday/long-distance-relationship-and-valentineday.html,yes,merged,/Users/prashantdhingra/e/a3_output/happydeepawali.org/output/content/valentineday/footer.fragment
valentineday/first-valentine-day.html,valentineday/how-to-spend-first-valentine-day.html,yes,merged,/Users/prashantdhingra/e/a3_output/happydeepawali.org/output/content/valentineday/footer.fragment
valentineday/valentineday-ideas.html,valentineday/ideas.html,yes,merged,/Users/prashantdhingra/e/a3_output/happydeepawali.org/output/content/valentineday/footer.fragment
valentineday/valentine-day-wishes.html,valentineday/valentine-day-special-wishes.html,yes,merged,/Users/prashantdhingra/e/a3_output/happydeepawali.org/output/content/valentineday/footer.fragment
valentineday/valentineday-research.html,valentineday/index.html,yes,merged,/Users/prashantdhingra/e/a3_output/happydeepawali.org/output/content/valentineday/footer.fragment
valentineday/valentineday-married-couple.html,valentineday/index-2.html,yes,"collision, renamed to index-2.html",/Users/prashantdhingra/e/a3_output/happydeepawali.org/output/content/valentineday/footer.fragment
valentineday/valentine-day-hub.html,valentineday/valentine-day-guide.html,yes,merged,/Users/prashantdhingra/e/a3_output/happydeepawali.org/output/content/valentineday/footer.fragment
valentineday/experience-vs-physical-gifts.html,valentineday/experience-vs-physical-object.html,yes,merged,/Users/prashantdhingra/e/a3_output/happydeepawali.org/output/content/valentineday/footer.fragment
valentineday/valentine-day-for-singles.html,valentineday/how-singles-can-enjoy-feb14.html,yes,merged,/Users/prashantdhingra/e/a3_output/happydeepawali.org/output/content/valentineday/footer.fragment
valentineday/2026-valentine-gift-ideas.html,valentineday/2026-valentine-gift.html,yes,merged,/Users/prashantdhingra/e/a3_output/happydeepawali.org/output/content/valentineday/footer.fragment
valentineday/ldr-valentineday-guide.html,valentineday/how-to-celebrate-valentineday-in-long-distance-relationship.html,yes,merged,/Users/prashantdhingra/e/a3_output/happydeepawali.org/output/content/valentineday/footer.fragment
valentineday/diy-valentineday-gift-guide.html,valentineday/do-it-yourself-gift.html,yes,merged,/Users/prashantdhingra/e/a3_output/happydeepawali.org/output/content/valentineday/footer.fragment
karwa-chauth/index.html,karwa-chauth/index.html,no,merged,/Users/prashantdhingra/e/a3_output/happydeepawali.org/output/content/karwa-chauth/footer.fragment
karwa-chauth/date-calendar-moonrise-and-puja-timing/what-time-can-the-karwa-chauth-fast-be-broken.html,karwa-chauth/date-calendar-moonrise-and-puja-timing/what-time-can-the-karwa-chauth-fast-be-broken.html,no,merged,/Users/prashantdhingra/e/a3_output/happydeepawali.org/output/content/karwa-chauth/date-calendar-moonrise-and-puja-timing/footer.fragment
karwa-chauth/date-calendar-moonrise-and-puja-timing/karwa-chauth-date-in-india-vs-united-states-why-it-may-differ.html,karwa-chauth/date-calendar-moonrise-and-puja-timing/karwa-chauth-date-in-india-vs-united-states-why-it-may-differ.html,no,merged,/Users/prashantdhingra/e/a3_output/happydeepawali.org/output/content/karwa-chauth/date-calendar-moonrise-and-puja-timing/footer.fragment
karwa-chauth/date-calendar-moonrise-and-puja-timing/index.html,karwa-chauth/date-calendar-moonrise-and-puja-timing/index.html,no,merged,/Users/prashantdhingra/e/a3_output/happydeepawali.org/output/content/karwa-chauth/date-calendar-moonrise-and-puja-timing/footer.fragment
karwa-chauth/date-calendar-moonrise-and-puja-timing/karwa-chauth-2026-timing-faq-date-puja-and-moonrise-questions.html,karwa-chauth/date-calendar-moonrise-and-puja-timing/karwa-chauth-2026-timing-faq-date-puja-and-moonrise-questions.html,no,merged,/Users/prashantdhingra/e/a3_output/happydeepawali.org/output/content/karwa-chauth/date-calendar-moonrise-and-puja-timing/footer.fragment
karwa-chauth/date-calendar-moonrise-and-puja-timing/karwa-chauth-panchang-terms-explained-tithi-muhurat-and-moonrise.html,karwa-chauth/date-calendar-moonrise-and-puja-timing/karwa-chauth-panchang-terms-explained-tithi-muhurat-and-moonrise.html,no,merged,/Users/prashantdhingra/e/a3_output/happydeepawali.org/output/content/karwa-chauth/date-calendar-moonrise-and-puja-timing/footer.fragment
karwa-chauth/date-calendar-moonrise-and-puja-timing/how-is-the-karwa-chauth-date-determined-each-year.html,karwa-chauth/date-calendar-moonrise-and-puja-timing/how-is-the-karwa-chauth-date-determined-each-year.html,no,merged,/Users/prashantdhingra/e/a3_output/happydeepawali.org/output/content/karwa-chauth/date-calendar-moonrise-and-puja-timing/footer.fragment
karwa-chauth/date-calendar-moonrise-and-puja-timing/karwa-chauth-puja-muhurat-what-it-means-and-how-to-use-it.html,karwa-chauth/date-calendar-moonrise-and-puja-timing/karwa-chauth-puja-muhurat-what-it-means-and-how-to-use-it.html,no,merged,/Users/prashantdhingra/e/a3_output/happydeepawali.org/output/content/karwa-chauth/date-calendar-moonrise-and-puja-timing/footer.fragment
karwa-chauth/date-calendar-moonrise-and-puja-timing/karwa-chauth-evening-timeline-puja-katha-moonrise-and-fast-breaking.html,karwa-chauth/date-calendar-moonrise-and-puja-timing/karwa-chauth-evening-timeline-puja-katha-moonrise-and-fast-breaking.html,no,merged,/Users/prashantdhingra/e/a3_output/happydeepawali.org/output/content/karwa-chauth/date-calendar-moonrise-and-puja-timing/footer.fragment
karwa-chauth/date-calendar-moonrise-and-puja-timing/what-time-does-karwa-chauth-fasting-begin.html,karwa-chauth/date-calendar-moonrise-and-puja-timing/what-time-does-karwa-chauth-fasting-begin.html,no,merged,/Users/prashantdhingra/e/a3_output/happydeepawali.org/output/content/karwa-chauth/date-calendar-moonrise-and-puja-timing/footer.fragment
karwa-chauth/date-calendar-moonrise-and-puja-timing/karwa-chauth-2026-planning-checklist-by-time-of-day.html,karwa-chauth/date-calendar-moonrise-and-puja-timing/karwa-chauth-2026-planning-checklist-by-time-of-day.html,no,merged,/Users/prashantdhingra/e/a3_output/happydeepawali.org/output/content/karwa-chauth/date-calendar-moonrise-and-puja-timing/footer.fragment
karwa-chauth/date-calendar-moonrise-and-puja-timing/how-weather-can-affect-moon-sighting-on-karwa-chauth.html,karwa-chauth/date-calendar-moonrise-and-puja-timing/how-weather-can-affect-moon-sighting-on-karwa-chauth.html,no,merged,/Users/prashantdhingra/e/a3_output/happydeepawali.org/output/content/karwa-chauth/date-calendar-moonrise-and-puja-timing/footer.fragment
karwa-chauth/date-calendar-moonrise-and-puja-timing/why-does-the-karwa-chauth-date-change-every-year.html,karwa-chauth/date-calendar-moonrise-and-puja-timing/why-does-the-karwa-chauth-date-change-every-year.html,no,merged,/Users/prashantdhingra/e/a3_output/happydeepawali.org/output/content/karwa-chauth/date-calendar-moonrise-and-puja-timing/footer.fragment
karwa-chauth/date-calendar-moonrise-and-puja-timing/karwa-chauth-sunrise-and-moonrise-complete-timing-guide.html,karwa-chauth/date-calendar-moonrise-and-puja-timing/karwa-chauth-sunrise-and-moonrise-complete-timing-guide.html,no,merged,/Users/prashantdhingra/e/a3_output/happydeepawali.org/output/content/karwa-chauth/date-calendar-moonrise-and-puja-timing/footer.fragment
karwa-chauth/date-calendar-moonrise-and-puja-timing/how-to-verify-karwa-chauth-date-and-timings-before-publishing-or-sharing.html,karwa-chauth/date-calendar-moonrise-and-puja-timing/how-to-verify-karwa-chauth-date-and-timings-before-publishing-or-sharing.html,no,merged,/Users/prashantdhingra/e/a3_output/happydeepawali.org/output/content/karwa-chauth/date-calendar-moonrise-and-puja-timing/footer.fragment
karwa-chauth/date-calendar-moonrise-and-puja-timing/karwa-chauth-2026-date-day-puja-timing-and-moonrise-guide.html,karwa-chauth/date-calendar-moonrise-and-puja-timing/karwa-chauth-2026-date-day-puja-timing-and-moonrise-guide.html,no,merged,/Users/prashantdhingra/e/a3_output/happydeepawali.org/output/content/karwa-chauth/date-calendar-moonrise-and-puja-timing/footer.fragment
karwa-chauth/date-calendar-moonrise-and-puja-timing/how-to-plan-karwa-chauth-around-work-and-commute.html,karwa-chauth/date-calendar-moonrise-and-puja-timing/how-to-plan-karwa-chauth-around-work-and-commute.html,no,merged,/Users/prashantdhingra/e/a3_output/happydeepawali.org/output/content/karwa-chauth/date-calendar-moonrise-and-puja-timing/footer.fragment
karwa-chauth/date-calendar-moonrise-and-puja-timing/how-to-check-karwa-chauth-moonrise-time-for-your-city.html,karwa-chauth/date-calendar-moonrise-and-puja-timing/how-to-check-karwa-chauth-moonrise-time-for-your-city.html,no,merged,/Users/prashantdhingra/e/a3_output/happydeepawali.org/output/content/karwa-chauth/date-calendar-moonrise-and-puja-timing/footer.fragment
karwa-chauth/date-calendar-moonrise-and-puja-timing/karwa-chauth-moonrise-time-why-it-differs-by-location.html,karwa-chauth/date-calendar-moonrise-and-puja-timing/karwa-chauth-moonrise-time-why-it-differs-by-location.html,no,merged,/Users/prashantdhingra/e/a3_output/happydeepawali.org/output/content/karwa-chauth/date-calendar-moonrise-and-puja-timing/footer.fragment
karwa-chauth/date-calendar-moonrise-and-puja-timing/what-if-the-moon-is-not-visible-on-karwa-chauth.html,karwa-chauth/date-calendar-moonrise-and-puja-timing/what-if-the-moon-is-not-visible-on-karwa-chauth.html,no,merged,/Users/prashantdhingra/e/a3_output/happydeepawali.org/output/content/karwa-chauth/date-calendar-moonrise-and-puja-timing/footer.fragment
karwa-chauth/date-calendar-moonrise-and-puja-timing/karwa-chauth-date-and-moonrise-for-families-living-abroad.html,karwa-chauth/date-calendar-moonrise-and-puja-timing/karwa-chauth-date-and-moonrise-for-families-living-abroad.html,no,merged,/Users/prashantdhingra/e/a3_output/happydeepawali.org/output/content/karwa-chauth/date-calendar-moonrise-and-puja-timing/footer.fragment
karwa-chauth/date-calendar-moonrise-and-puja-timing/karwa-chauth-calendar-from-sunrise-to-moonrise.html,karwa-chauth/date-calendar-moonrise-and-puja-timing/karwa-chauth-calendar-from-sunrise-to-moonrise.html,no,merged,/Users/prashantdhingra/e/a3_output/happydeepawali.org/output/content/karwa-chauth/date-calendar-moonrise-and-puja-timing/footer.fragment
karwa-chauth/sarees-lehengas-mehndi-jewelry-and-beauty/karwa-chauth-couple-outfit-coordination-ideas.html,karwa-chauth/sarees-lehengas-mehndi-jewelry-and-beauty/karwa-chauth-couple-outfit-coordination-ideas.html,no,merged,/Users/prashantdhingra/e/a3_output/happydeepawali.org/output/content/karwa-chauth/sarees-lehengas-mehndi-jewelry-and-beauty/footer.fragment
karwa-chauth/sarees-lehengas-mehndi-jewelry-and-beauty/karwa-chauth-mangalsutra-and-traditional-jewelry-styling.html,karwa-chauth/sarees-lehengas-mehndi-jewelry-and-beauty/karwa-chauth-mangalsutra-and-traditional-jewelry-styling.html,no,merged,/Users/prashantdhingra/e/a3_output/happydeepawali.org/output/content/karwa-chauth/sarees-lehengas-mehndi-jewelry-and-beauty/footer.fragment
karwa-chauth/sarees-lehengas-mehndi-jewelry-and-beauty/karwa-chauth-outfit-ideas-for-working-women.html,karwa-chauth/sarees-lehengas-mehndi-jewelry-and-beauty/karwa-chauth-outfit-ideas-for-working-women.html,no,merged,/Users/prashantdhingra/e/a3_output/happydeepawali.org/output/content/karwa-chauth/sarees-lehengas-mehndi-jewelry-and-beauty/footer.fragment
karwa-chauth/sarees-lehengas-mehndi-jewelry-and-beauty/what-to-wear-on-karwa-chauth-complete-festive-fashion-guide.html,karwa-chauth/sarees-lehengas-mehndi-jewelry-and-beauty/what-to-wear-on-karwa-chauth-complete-festive-fashion-guide.html,no,merged,/Users/prashantdhingra/e/a3_output/happydeepawali.org/output/content/karwa-chauth/sarees-lehengas-mehndi-jewelry-and-beauty/footer.fragment
karwa-chauth/sarees-lehengas-mehndi-jewelry-and-beauty/karwa-chauth-saree-ideas-for-a-traditional-look.html,karwa-chauth/sarees-lehengas-mehndi-jewelry-and-beauty/karwa-chauth-saree-ideas-for-a-traditional-look.html,no,merged,/Users/prashantdhingra/e/a3_output/happydeepawali.org/output/content/karwa-chauth/sarees-lehengas-mehndi-jewelry-and-beauty/footer.fragment
karwa-chauth/sarees-lehengas-mehndi-jewelry-and-beauty/index.html,karwa-chauth/sarees-lehengas-mehndi-jewelry-and-beauty/index.html,no,merged,/Users/prashantdhingra/e/a3_output/happydeepawali.org/output/content/karwa-chauth/sarees-lehengas-mehndi-jewelry-and-beauty/footer.fragment
karwa-chauth/sarees-lehengas-mehndi-jewelry-and-beauty/karwa-chauth-suit-and-anarkali-ideas.html,karwa-chauth/sarees-lehengas-mehndi-jewelry-and-beauty/karwa-chauth-suit-and-anarkali-ideas.html,no,merged,/Users/prashantdhingra/e/a3_output/happydeepawali.org/output/content/karwa-chauth/sarees-lehengas-mehndi-jewelry-and-beauty/footer.fragment
karwa-chauth/sarees-lehengas-mehndi-jewelry-and-beauty/red-karwa-chauth-outfit-ideas.html,karwa-chauth/sarees-lehengas-mehndi-jewelry-and-beauty/red-karwa-chauth-outfit-ideas.html,no,merged,/Users/prashantdhingra/e/a3_output/happydeepawali.org/output/content/karwa-chauth/sarees-lehengas-mehndi-jewelry-and-beauty/footer.fragment
karwa-chauth/sarees-lehengas-mehndi-jewelry-and-beauty/karwa-chauth-bindi-and-sindoor-styling-ideas.html,karwa-chauth/sarees-lehengas-mehndi-jewelry-and-beauty/karwa-chauth-bindi-and-sindoor-styling-ideas.html,no,merged,/Users/prashantdhingra/e/a3_output/happydeepawali.org/output/content/karwa-chauth/sarees-lehengas-mehndi-jewelry-and-beauty/footer.fragment
karwa-chauth/sarees-lehengas-mehndi-jewelry-and-beauty/karwa-chauth-hairstyle-ideas.html,karwa-chauth/sarees-lehengas-mehndi-jewelry-and-beauty/karwa-chauth-hairstyle-ideas.html,no,merged,/Users/prashantdhingra/e/a3_output/happydeepawali.org/output/content/karwa-chauth/sarees-lehengas-mehndi-jewelry-and-beauty/footer.fragment
karwa-chauth/sarees-lehengas-mehndi-jewelry-and-beauty/karwa-chauth-mehndi-designs-for-hands.html,karwa-chauth/sarees-lehengas-mehndi-jewelry-and-beauty/karwa-chauth-mehndi-designs-for-hands.html,no,merged,/Users/prashantdhingra/e/a3_output/happydeepawali.org/output/content/karwa-chauth/sarees-lehengas-mehndi-jewelry-and-beauty/footer.fragment
karwa-chauth/sarees-lehengas-mehndi-jewelry-and-beauty/karwa-chauth-outfit-ideas-for-first-time-brides.html,karwa-chauth/sarees-lehengas-mehndi-jewelry-and-beauty/karwa-chauth-outfit-ideas-for-first-time-brides.html,no,merged,/Users/prashantdhingra/e/a3_output/happydeepawali.org/output/content/karwa-chauth/sarees-lehengas-mehndi-jewelry-and-beauty/footer.fragment
karwa-chauth/sarees-lehengas-mehndi-jewelry-and-beauty/karwa-chauth-bangles-and-chooda-styling-ideas.html,karwa-chauth/sarees-lehengas-mehndi-jewelry-and-beauty/karwa-chauth-bangles-and-chooda-styling-ideas.html,no,merged,/Users/prashantdhingra/e/a3_output/happydeepawali.org/output/content/karwa-chauth/sarees-lehengas-mehndi-jewelry-and-beauty/footer.fragment
karwa-chauth/sarees-lehengas-mehndi-jewelry-and-beauty/karwa-chauth-bridal-mehndi-ideas.html,karwa-chauth/sarees-lehengas-mehndi-jewelry-and-beauty/karwa-chauth-bridal-mehndi-ideas.html,no,merged,/Users/prashantdhingra/e/a3_output/happydeepawali.org/output/content/karwa-chauth/sarees-lehengas-mehndi-jewelry-and-beauty/footer.fragment
karwa-chauth/sarees-lehengas-mehndi-jewelry-and-beauty/karwa-chauth-lehenga-ideas.html,karwa-chauth/sarees-lehengas-mehndi-jewelry-and-beauty/karwa-chauth-lehenga-ideas.html,no,merged,/Users/prashantdhingra/e/a3_output/happydeepawali.org/output/content/karwa-chauth/sarees-lehengas-mehndi-jewelry-and-beauty/footer.fragment
karwa-chauth/sarees-lehengas-mehndi-jewelry-and-beauty/karwa-chauth-outfit-ideas-beyond-red.html,karwa-chauth/sarees-lehengas-mehndi-jewelry-and-beauty/karwa-chauth-outfit-ideas-beyond-red.html,no,merged,/Users/prashantdhingra/e/a3_output/happydeepawali.org/output/content/karwa-chauth/sarees-lehengas-mehndi-jewelry-and-beauty/footer.fragment
karwa-chauth/sarees-lehengas-mehndi-jewelry-and-beauty/karwa-chauth-nail-art-ideas.html,karwa-chauth/sarees-lehengas-mehndi-jewelry-and-beauty/karwa-chauth-nail-art-ideas.html,no,merged,/Users/prashantdhingra/e/a3_output/happydeepawali.org/output/content/karwa-chauth/sarees-lehengas-mehndi-jewelry-and-beauty/footer.fragment
karwa-chauth/sarees-lehengas-mehndi-jewelry-and-beauty/how-to-build-a-karwa-chauth-festive-look-on-a-budget.html,karwa-chauth/sarees-lehengas-mehndi-jewelry-and-beauty/how-to-build-a-karwa-chauth-festive-look-on-a-budget.html,no,merged,/Users/prashantdhingra/e/a3_output/happydeepawali.org/output/content/karwa-chauth/sarees-lehengas-mehndi-jewelry-and-beauty/footer.fragment
karwa-chauth/sarees-lehengas-mehndi-jewelry-and-beauty/simple-karwa-chauth-mehndi-designs-for-beginners.html,karwa-chauth/sarees-lehengas-mehndi-jewelry-and-beauty/simple-karwa-chauth-mehndi-designs-for-beginners.html,no,merged,/Users/prashantdhingra/e/a3_output/happydeepawali.org/output/content/karwa-chauth/sarees-lehengas-mehndi-jewelry-and-beauty/footer.fragment
karwa-chauth/sarees-lehengas-mehndi-jewelry-and-beauty/karwa-chauth-makeup-ideas-for-day-to-night-wear.html,karwa-chauth/sarees-lehengas-mehndi-jewelry-and-beauty/karwa-chauth-makeup-ideas-for-day-to-night-wear.html,no,merged,/Users/prashantdhingra/e/a3_output/happydeepawali.org/output/content/karwa-chauth/sarees-lehengas-mehndi-jewelry-and-beauty/footer.fragment
karwa-chauth/sarees-lehengas-mehndi-jewelry-and-beauty/karwa-chauth-jewelry-ideas.html,karwa-chauth/sarees-lehengas-mehndi-jewelry-and-beauty/karwa-chauth-jewelry-ideas.html,no,merged,/Users/prashantdhingra/e/a3_output/happydeepawali.org/output/content/karwa-chauth/sarees-lehengas-mehndi-jewelry-and-beauty/footer.fragment
karwa-chauth/puja-thali-karwa-katha-and-rituals/karwa-chauth-puja-at-home-for-a-small-family.html,karwa-chauth/puja-thali-karwa-katha-and-rituals/karwa-chauth-puja-at-home-for-a-small-family.html,no,merged,/Users/prashantdhingra/e/a3_output/happydeepawali.org/output/content/karwa-chauth/puja-thali-karwa-katha-and-rituals/footer.fragment
karwa-chauth/puja-thali-karwa-katha-and-rituals/karwa-chauth-thali-decoration-ideas.html,karwa-chauth/puja-thali-karwa-katha-and-rituals/karwa-chauth-thali-decoration-ideas.html,no,merged,/Users/prashantdhingra/e/a3_output/happydeepawali.org/output/content/karwa-chauth/puja-thali-karwa-katha-and-rituals/footer.fragment
karwa-chauth/puja-thali-karwa-katha-and-rituals/karwa-chauth-baya-thali-ideas.html,karwa-chauth/puja-thali-karwa-katha-and-rituals/karwa-chauth-baya-thali-ideas.html,no,merged,/Users/prashantdhingra/e/a3_output/happydeepawali.org/output/content/karwa-chauth/puja-thali-karwa-katha-and-rituals/footer.fragment
karwa-chauth/puja-thali-karwa-katha-and-rituals/index.html,karwa-chauth/puja-thali-karwa-katha-and-rituals/index.html,no,merged,/Users/prashantdhingra/e/a3_output/happydeepawali.org/output/content/karwa-chauth/puja-thali-karwa-katha-and-rituals/footer.fragment
karwa-chauth/puja-thali-karwa-katha-and-rituals/what-is-baya-on-karwa-chauth-meaning-and-gift-traditions.html,karwa-chauth/puja-thali-karwa-katha-and-rituals/what-is-baya-on-karwa-chauth-meaning-and-gift-traditions.html,no,merged,/Users/prashantdhingra/e/a3_output/happydeepawali.org/output/content/karwa-chauth/puja-thali-karwa-katha-and-rituals/footer.fragment
karwa-chauth/puja-thali-karwa-katha-and-rituals/karwa-chauth-puja-songs-and-folk-traditions-cultural-overview.html,karwa-chauth/puja-thali-karwa-katha-and-rituals/karwa-chauth-puja-songs-and-folk-traditions-cultural-overview.html,no,merged,/Users/prashantdhingra/e/a3_output/happydeepawali.org/output/content/karwa-chauth/puja-thali-karwa-katha-and-rituals/footer.fragment
karwa-chauth/puja-thali-karwa-katha-and-rituals/karwa-chauth-katha-meaning-tradition-and-how-it-is-shared.html,karwa-chauth/puja-thali-karwa-katha-and-rituals/karwa-chauth-katha-meaning-tradition-and-how-it-is-shared.html,no,merged,/Users/prashantdhingra/e/a3_output/happydeepawali.org/output/content/karwa-chauth/puja-thali-karwa-katha-and-rituals/footer.fragment
karwa-chauth/puja-thali-karwa-katha-and-rituals/how-to-prepare-a-karwa-chauth-puja-thali.html,karwa-chauth/puja-thali-karwa-katha-and-rituals/how-to-prepare-a-karwa-chauth-puja-thali.html,no,merged,/Users/prashantdhingra/e/a3_output/happydeepawali.org/output/content/karwa-chauth/puja-thali-karwa-katha-and-rituals/footer.fragment
karwa-chauth/puja-thali-karwa-katha-and-rituals/why-is-the-karwa-chauth-katha-heard-during-puja.html,karwa-chauth/puja-thali-karwa-katha-and-rituals/why-is-the-karwa-chauth-katha-heard-during-puja.html,no,merged,/Users/prashantdhingra/e/a3_output/happydeepawali.org/output/content/karwa-chauth/puja-thali-karwa-katha-and-rituals/footer.fragment
karwa-chauth/puja-thali-karwa-katha-and-rituals/karwa-chauth-stories-and-regional-variations.html,karwa-chauth/puja-thali-karwa-katha-and-rituals/karwa-chauth-stories-and-regional-variations.html,no,merged,/Users/prashantdhingra/e/a3_output/happydeepawali.org/output/content/karwa-chauth/puja-thali-karwa-katha-and-rituals/footer.fragment
karwa-chauth/puja-thali-karwa-katha-and-rituals/karwa-chauth-puja-without-a-priest-family-tradition-guide.html,karwa-chauth/puja-thali-karwa-katha-and-rituals/karwa-chauth-puja-without-a-priest-family-tradition-guide.html,no,merged,/Users/prashantdhingra/e/a3_output/happydeepawali.org/output/content/karwa-chauth/puja-thali-karwa-katha-and-rituals/footer.fragment
karwa-chauth/puja-thali-karwa-katha-and-rituals/karwa-chauth-puja-in-an-apartment-simple-setup-ideas.html,karwa-chauth/puja-thali-karwa-katha-and-rituals/karwa-chauth-puja-in-an-apartment-simple-setup-ideas.html,no,merged,/Users/prashantdhingra/e/a3_output/happydeepawali.org/output/content/karwa-chauth/puja-thali-karwa-katha-and-rituals/footer.fragment
karwa-chauth/puja-thali-karwa-katha-and-rituals/karwa-chauth-puja-samagri-list-everything-you-need.html,karwa-chauth/puja-thali-karwa-katha-and-rituals/karwa-chauth-puja-samagri-list-everything-you-need.html,no,merged,/Users/prashantdhingra/e/a3_output/happydeepawali.org/output/content/karwa-chauth/puja-thali-karwa-katha-and-rituals/footer.fragment
karwa-chauth/puja-thali-karwa-katha-and-rituals/role-of-mothers-in-law-in-traditional-karwa-chauth-customs.html,karwa-chauth/puja-thali-karwa-katha-and-rituals/role-of-mothers-in-law-in-traditional-karwa-chauth-customs.html,no,merged,/Users/prashantdhingra/e/a3_output/happydeepawali.org/output/content/karwa-chauth/puja-thali-karwa-katha-and-rituals/footer.fragment
karwa-chauth/puja-thali-karwa-katha-and-rituals/how-to-decorate-a-karwa-for-karwa-chauth-puja.html,karwa-chauth/puja-thali-karwa-katha-and-rituals/how-to-decorate-a-karwa-for-karwa-chauth-puja.html,no,merged,/Users/prashantdhingra/e/a3_output/happydeepawali.org/output/content/karwa-chauth/puja-thali-karwa-katha-and-rituals/footer.fragment
karwa-chauth/puja-thali-karwa-katha-and-rituals/how-karwa-chauth-group-puja-is-performed.html,karwa-chauth/puja-thali-karwa-katha-and-rituals/how-karwa-chauth-group-puja-is-performed.html,no,merged,/Users/prashantdhingra/e/a3_output/happydeepawali.org/output/content/karwa-chauth/puja-thali-karwa-katha-and-rituals/footer.fragment
karwa-chauth/puja-thali-karwa-katha-and-rituals/karwa-chauth-puja-vidhi-step-by-step-home-guide.html,karwa-chauth/puja-thali-karwa-katha-and-rituals/karwa-chauth-puja-vidhi-step-by-step-home-guide.html,no,merged,/Users/prashantdhingra/e/a3_output/happydeepawali.org/output/content/karwa-chauth/puja-thali-karwa-katha-and-rituals/footer.fragment
karwa-chauth/puja-thali-karwa-katha-and-rituals/common-karwa-chauth-puja-mistakes-to-avoid.html,karwa-chauth/puja-thali-karwa-katha-and-rituals/common-karwa-chauth-puja-mistakes-to-avoid.html,no,merged,/Users/prashantdhingra/e/a3_output/happydeepawali.org/output/content/karwa-chauth/puja-thali-karwa-katha-and-rituals/footer.fragment
karwa-chauth/puja-thali-karwa-katha-and-rituals/karwa-chauth-puja-for-families-living-abroad.html,karwa-chauth/puja-thali-karwa-katha-and-rituals/karwa-chauth-puja-for-families-living-abroad.html,no,merged,/Users/prashantdhingra/e/a3_output/happydeepawali.org/output/content/karwa-chauth/puja-thali-karwa-katha-and-rituals/footer.fragment
karwa-chauth/puja-thali-karwa-katha-and-rituals/karwa-chauth-puja-faq-samagri-katha-thali-and-ritual-questions.html,karwa-chauth/puja-thali-karwa-katha-and-rituals/karwa-chauth-puja-faq-samagri-katha-thali-and-ritual-questions.html,no,merged,/Users/prashantdhingra/e/a3_output/happydeepawali.org/output/content/karwa-chauth/puja-thali-karwa-katha-and-rituals/footer.fragment
karwa-chauth/puja-thali-karwa-katha-and-rituals/the-story-of-veeravati-and-karwa-chauth-folklore-and-cultural-context.html,karwa-chauth/puja-thali-karwa-katha-and-rituals/the-story-of-veeravati-and-karwa-chauth-folklore-and-cultural-context.html,no,merged,/Users/prashantdhingra/e/a3_output/happydeepawali.org/output/content/karwa-chauth/puja-thali-karwa-katha-and-rituals/footer.fragment
karwa-chauth/foundation-history-meaning-and-core-traditions/50-frequently-asked-questions-about-karwa-chauth.html,karwa-chauth/foundation-history-meaning-and-core-traditions/50-frequently-asked-questions-about-karwa-chauth.html,no,merged,/Users/prashantdhingra/e/a3_output/happydeepawali.org/output/content/karwa-chauth/foundation-history-meaning-and-core-traditions/footer.fragment
karwa-chauth/foundation-history-meaning-and-core-traditions/karwa-chauth-etiquette-for-families-guests-and-newlyweds.html,karwa-chauth/foundation-history-meaning-and-core-traditions/karwa-chauth-etiquette-for-families-guests-and-newlyweds.html,no,merged,/Users/prashantdhingra/e/a3_output/happydeepawali.org/output/content/karwa-chauth/foundation-history-meaning-and-core-traditions/footer.fragment
karwa-chauth/foundation-history-meaning-and-core-traditions/what-is-karwa-chauth-and-who-observes-it.html,karwa-chauth/foundation-history-meaning-and-core-traditions/what-is-karwa-chauth-and-who-observes-it.html,no,merged,/Users/prashantdhingra/e/a3_output/happydeepawali.org/output/content/karwa-chauth/foundation-history-meaning-and-core-traditions/footer.fragment
karwa-chauth/foundation-history-meaning-and-core-traditions/karwa-chauth-in-uttar-pradesh-puja-katha-and-moonrise-traditions.html,karwa-chauth/foundation-history-meaning-and-core-traditions/karwa-chauth-in-uttar-pradesh-puja-katha-and-moonrise-traditions.html,no,merged,/Users/prashantdhingra/e/a3_output/happydeepawali.org/output/content/karwa-chauth/foundation-history-meaning-and-core-traditions/footer.fragment
karwa-chauth/foundation-history-meaning-and-core-traditions/karwa-chauth-traditions-sargi-fasting-puja-katha-and-moonrise.html,karwa-chauth/foundation-history-meaning-and-core-traditions/karwa-chauth-traditions-sargi-fasting-puja-katha-and-moonrise.html,no,merged,/Users/prashantdhingra/e/a3_output/happydeepawali.org/output/content/karwa-chauth/foundation-history-meaning-and-core-traditions/footer.fragment
karwa-chauth/foundation-history-meaning-and-core-traditions/karwa-chauth-complete-guide-to-history-meaning-traditions-and-celebration.html,karwa-chauth/foundation-history-meaning-and-core-traditions/karwa-chauth-complete-guide-to-history-meaning-traditions-and-celebration.html,no,merged,/Users/prashantdhingra/e/a3_output/happydeepawali.org/output/content/karwa-chauth/foundation-history-meaning-and-core-traditions/footer.fragment
karwa-chauth/foundation-history-meaning-and-core-traditions/index.html,karwa-chauth/foundation-history-meaning-and-core-traditions/index.html,no,merged,/Users/prashantdhingra/e/a3_output/happydeepawali.org/output/content/karwa-chauth/foundation-history-meaning-and-core-traditions/footer.fragment
karwa-chauth/foundation-history-meaning-and-core-traditions/karwa-chauth-myths-vs-facts.html,karwa-chauth/foundation-history-meaning-and-core-traditions/karwa-chauth-myths-vs-facts.html,no,merged,/Users/prashantdhingra/e/a3_output/happydeepawali.org/output/content/karwa-chauth/foundation-history-meaning-and-core-traditions/footer.fragment
karwa-chauth/foundation-history-meaning-and-core-traditions/why-is-karwa-chauth-celebrated-history-meaning-and-cultural-significance.html,karwa-chauth/foundation-history-meaning-and-core-traditions/why-is-karwa-chauth-celebrated-history-meaning-and-cultural-significance.html,no,merged,/Users/prashantdhingra/e/a3_output/happydeepawali.org/output/content/karwa-chauth/foundation-history-meaning-and-core-traditions/footer.fragment
karwa-chauth/foundation-history-meaning-and-core-traditions/karwa-chauth-across-north-india-regional-customs-and-variations.html,karwa-chauth/foundation-history-meaning-and-core-traditions/karwa-chauth-across-north-india-regional-customs-and-variations.html,no,merged,/Users/prashantdhingra/e/a3_output/happydeepawali.org/output/content/karwa-chauth/foundation-history-meaning-and-core-traditions/footer.fragment
karwa-chauth/foundation-history-meaning-and-core-traditions/why-is-karwa-chauth-celebrated-in-the-kartik-month.html,karwa-chauth/foundation-history-meaning-and-core-traditions/why-is-karwa-chauth-celebrated-in-the-kartik-month.html,no,merged,/Users/prashantdhingra/e/a3_output/happydeepawali.org/output/content/karwa-chauth/foundation-history-meaning-and-core-traditions/footer.fragment
karwa-chauth/foundation-history-meaning-and-core-traditions/why-is-the-moon-important-on-karwa-chauth.html,karwa-chauth/foundation-history-meaning-and-core-traditions/why-is-the-moon-important-on-karwa-chauth.html,no,merged,/Users/prashantdhingra/e/a3_output/happydeepawali.org/output/content/karwa-chauth/foundation-history-meaning-and-core-traditions/footer.fragment
karwa-chauth/foundation-history-meaning-and-core-traditions/karwa-chauth-in-punjab-sargi-baya-and-family-traditions.html,karwa-chauth/foundation-history-meaning-and-core-traditions/karwa-chauth-in-punjab-sargi-baya-and-family-traditions.html,no,merged,/Users/prashantdhingra/e/a3_output/happydeepawali.org/output/content/karwa-chauth/foundation-history-meaning-and-core-traditions/footer.fragment
karwa-chauth/foundation-history-meaning-and-core-traditions/karwa-chauth-in-rajasthan-traditional-dress-puja-and-family-customs.html,karwa-chauth/foundation-history-meaning-and-core-traditions/karwa-chauth-in-rajasthan-traditional-dress-puja-and-family-customs.html,no,merged,/Users/prashantdhingra/e/a3_output/happydeepawali.org/output/content/karwa-chauth/foundation-history-meaning-and-core-traditions/footer.fragment
karwa-chauth/foundation-history-meaning-and-core-traditions/how-karwa-chauth-has-changed-in-modern-families.html,karwa-chauth/foundation-history-meaning-and-core-traditions/how-karwa-chauth-has-changed-in-modern-families.html,no,merged,/Users/prashantdhingra/e/a3_output/happydeepawali.org/output/content/karwa-chauth/foundation-history-meaning-and-core-traditions/footer.fragment
karwa-chauth/foundation-history-meaning-and-core-traditions/karwa-chauth-symbols-and-their-meanings.html,karwa-chauth/foundation-history-meaning-and-core-traditions/karwa-chauth-symbols-and-their-meanings.html,no,merged,/Users/prashantdhingra/e/a3_output/happydeepawali.org/output/content/karwa-chauth/foundation-history-meaning-and-core-traditions/footer.fragment
karwa-chauth/foundation-history-meaning-and-core-traditions/why-do-married-women-traditionally-observe-karwa-chauth.html,karwa-chauth/foundation-history-meaning-and-core-traditions/why-do-married-women-traditionally-observe-karwa-chauth.html,no,merged,/Users/prashantdhingra/e/a3_output/happydeepawali.org/output/content/karwa-chauth/foundation-history-meaning-and-core-traditions/footer.fragment
karwa-chauth/foundation-history-meaning-and-core-traditions/what-does-the-karwa-or-earthen-pot-symbolize.html,karwa-chauth/foundation-history-meaning-and-core-traditions/what-does-the-karwa-or-earthen-pot-symbolize.html,no,merged,/Users/prashantdhingra/e/a3_output/happydeepawali.org/output/content/karwa-chauth/foundation-history-meaning-and-core-traditions/footer.fragment
karwa-chauth/foundation-history-meaning-and-core-traditions/karwa-chauth-for-beginners-everything-you-need-to-know.html,karwa-chauth/foundation-history-meaning-and-core-traditions/karwa-chauth-for-beginners-everything-you-need-to-know.html,no,merged,/Users/prashantdhingra/e/a3_output/happydeepawali.org/output/content/karwa-chauth/foundation-history-meaning-and-core-traditions/footer.fragment
karwa-chauth/foundation-history-meaning-and-core-traditions/karwa-chauth-in-haryana-customs-puja-and-community-traditions.html,karwa-chauth/foundation-history-meaning-and-core-traditions/karwa-chauth-in-haryana-customs-puja-and-community-traditions.html,no,merged,/Users/prashantdhingra/e/a3_output/happydeepawali.org/output/content/karwa-chauth/foundation-history-meaning-and-core-traditions/footer.fragment
karwa-chauth/foundation-history-meaning-and-core-traditions/how-did-karwa-chauth-begin-folklore-history-and-regional-traditions.html,karwa-chauth/foundation-history-meaning-and-core-traditions/how-did-karwa-chauth-begin-folklore-history-and-regional-traditions.html,no,merged,/Users/prashantdhingra/e/a3_output/happydeepawali.org/output/content/karwa-chauth/foundation-history-meaning-and-core-traditions/footer.fragment
karwa-chauth/diaspora-modern-practice-comparisons-faqs-and-micro-topics/what-should-you-gift-on-karwa-chauth.html,karwa-chauth/diaspora-modern-practice-comparisons-faqs-and-micro-topics/what-should-you-gift-on-karwa-chauth.html,no,merged,/Users/prashantdhingra/e/a3_output/happydeepawali.org/output/content/karwa-chauth/diaspora-modern-practice-comparisons-faqs-and-micro-topics/footer.fragment
karwa-chauth/diaspora-modern-practice-comparisons-faqs-and-micro-topics/how-karwa-chauth-is-celebrated-in-the-united-kingdom.html,karwa-chauth/diaspora-modern-practice-comparisons-faqs-and-micro-topics/how-karwa-chauth-is-celebrated-in-the-united-kingdom.html,no,merged,/Users/prashantdhingra/e/a3_output/happydeepawali.org/output/content/karwa-chauth/diaspora-modern-practice-comparisons-faqs-and-micro-topics/footer.fragment
karwa-chauth/diaspora-modern-practice-comparisons-faqs-and-micro-topics/karwa-chauth-vs-teej-what-is-the-difference.html,karwa-chauth/diaspora-modern-practice-comparisons-faqs-and-micro-topics/karwa-chauth-vs-teej-what-is-the-difference.html,no,merged,/Users/prashantdhingra/e/a3_output/happydeepawali.org/output/content/karwa-chauth/diaspora-modern-practice-comparisons-faqs-and-micro-topics/footer.fragment
karwa-chauth/diaspora-modern-practice-comparisons-faqs-and-micro-topics/what-should-you-wear-for-karwa-chauth-puja.html,karwa-chauth/diaspora-modern-practice-comparisons-faqs-and-micro-topics/what-should-you-wear-for-karwa-chauth-puja.html,no,merged,/Users/prashantdhingra/e/a3_output/happydeepawali.org/output/content/karwa-chauth/diaspora-modern-practice-comparisons-faqs-and-micro-topics/footer.fragment
karwa-chauth/diaspora-modern-practice-comparisons-faqs-and-micro-topics/index.html,karwa-chauth/diaspora-modern-practice-comparisons-faqs-and-micro-topics/index.html,no,merged,/Users/prashantdhingra/e/a3_output/happydeepawali.org/output/content/karwa-chauth/diaspora-modern-practice-comparisons-faqs-and-micro-topics/footer.fragment
karwa-chauth/diaspora-modern-practice-comparisons-faqs-and-micro-topics/how-karwa-chauth-is-celebrated-in-the-uae.html,karwa-chauth/diaspora-modern-practice-comparisons-faqs-and-micro-topics/how-karwa-chauth-is-celebrated-in-the-uae.html,no,merged,/Users/prashantdhingra/e/a3_output/happydeepawali.org/output/content/karwa-chauth/diaspora-modern-practice-comparisons-faqs-and-micro-topics/footer.fragment
karwa-chauth/diaspora-modern-practice-comparisons-faqs-and-micro-topics/can-unmarried-women-observe-karwa-chauth.html,karwa-chauth/diaspora-modern-practice-comparisons-faqs-and-micro-topics/can-unmarried-women-observe-karwa-chauth.html,no,merged,/Users/prashantdhingra/e/a3_output/happydeepawali.org/output/content/karwa-chauth/diaspora-modern-practice-comparisons-faqs-and-micro-topics/footer.fragment
karwa-chauth/diaspora-modern-practice-comparisons-faqs-and-micro-topics/can-karwa-chauth-be-celebrated-without-fasting.html,karwa-chauth/diaspora-modern-practice-comparisons-faqs-and-micro-topics/can-karwa-chauth-be-celebrated-without-fasting.html,no,merged,/Users/prashantdhingra/e/a3_output/happydeepawali.org/output/content/karwa-chauth/diaspora-modern-practice-comparisons-faqs-and-micro-topics/footer.fragment
karwa-chauth/diaspora-modern-practice-comparisons-faqs-and-micro-topics/karwa-chauth-glossary-50-rituals-foods-objects-and-traditions-explained.html,karwa-chauth/diaspora-modern-practice-comparisons-faqs-and-micro-topics/karwa-chauth-glossary-50-rituals-foods-objects-and-traditions-explained.html,no,merged,/Users/prashantdhingra/e/a3_output/happydeepawali.org/output/content/karwa-chauth/diaspora-modern-practice-comparisons-faqs-and-micro-topics/footer.fragment
karwa-chauth/diaspora-modern-practice-comparisons-faqs-and-micro-topics/how-karwa-chauth-is-celebrated-in-canada.html,karwa-chauth/diaspora-modern-practice-comparisons-faqs-and-micro-topics/how-karwa-chauth-is-celebrated-in-canada.html,no,merged,/Users/prashantdhingra/e/a3_output/happydeepawali.org/output/content/karwa-chauth/diaspora-modern-practice-comparisons-faqs-and-micro-topics/footer.fragment
karwa-chauth/diaspora-modern-practice-comparisons-faqs-and-micro-topics/karwa-chauth-community-puja-ideas-for-diaspora-groups.html,karwa-chauth/diaspora-modern-practice-comparisons-faqs-and-micro-topics/karwa-chauth-community-puja-ideas-for-diaspora-groups.html,no,merged,/Users/prashantdhingra/e/a3_output/happydeepawali.org/output/content/karwa-chauth/diaspora-modern-practice-comparisons-faqs-and-micro-topics/footer.fragment
karwa-chauth/diaspora-modern-practice-comparisons-faqs-and-micro-topics/100-karwa-chauth-questions-and-answers-complete-festival-faq.html,karwa-chauth/diaspora-modern-practice-comparisons-faqs-and-micro-topics/100-karwa-chauth-questions-and-answers-complete-festival-faq.html,no,merged,/Users/prashantdhingra/e/a3_output/happydeepawali.org/output/content/karwa-chauth/diaspora-modern-practice-comparisons-faqs-and-micro-topics/footer.fragment
karwa-chauth/diaspora-modern-practice-comparisons-faqs-and-micro-topics/what-should-you-put-in-a-karwa-chauth-puja-thali.html,karwa-chauth/diaspora-modern-practice-comparisons-faqs-and-micro-topics/what-should-you-put-in-a-karwa-chauth-puja-thali.html,no,merged,/Users/prashantdhingra/e/a3_output/happydeepawali.org/output/content/karwa-chauth/diaspora-modern-practice-comparisons-faqs-and-micro-topics/footer.fragment
karwa-chauth/diaspora-modern-practice-comparisons-faqs-and-micro-topics/karwa-chauth-for-indian-families-living-abroad.html,karwa-chauth/diaspora-modern-practice-comparisons-faqs-and-micro-topics/karwa-chauth-for-indian-families-living-abroad.html,no,merged,/Users/prashantdhingra/e/a3_output/happydeepawali.org/output/content/karwa-chauth/diaspora-modern-practice-comparisons-faqs-and-micro-topics/footer.fragment
karwa-chauth/diaspora-modern-practice-comparisons-faqs-and-micro-topics/can-couples-observe-karwa-chauth-together.html,karwa-chauth/diaspora-modern-practice-comparisons-faqs-and-micro-topics/can-couples-observe-karwa-chauth-together.html,no,merged,/Users/prashantdhingra/e/a3_output/happydeepawali.org/output/content/karwa-chauth/diaspora-modern-practice-comparisons-faqs-and-micro-topics/footer.fragment
karwa-chauth/diaspora-modern-practice-comparisons-faqs-and-micro-topics/karwa-chauth-vs-hartalika-teej-traditions-compared.html,karwa-chauth/diaspora-modern-practice-comparisons-faqs-and-micro-topics/karwa-chauth-vs-hartalika-teej-traditions-compared.html,no,merged,/Users/prashantdhingra/e/a3_output/happydeepawali.org/output/content/karwa-chauth/diaspora-modern-practice-comparisons-faqs-and-micro-topics/footer.fragment
karwa-chauth/diaspora-modern-practice-comparisons-faqs-and-micro-topics/can-karwa-chauth-puja-be-done-alone.html,karwa-chauth/diaspora-modern-practice-comparisons-faqs-and-micro-topics/can-karwa-chauth-puja-be-done-alone.html,no,merged,/Users/prashantdhingra/e/a3_output/happydeepawali.org/output/content/karwa-chauth/diaspora-modern-practice-comparisons-faqs-and-micro-topics/footer.fragment
karwa-chauth/diaspora-modern-practice-comparisons-faqs-and-micro-topics/karwa-chauth-vs-ahoi-ashtami-dates-purpose-and-traditions-compared.html,karwa-chauth/diaspora-modern-practice-comparisons-faqs-and-micro-topics/karwa-chauth-vs-ahoi-ashtami-dates-purpose-and-traditions-compared.html,no,merged,/Users/prashantdhingra/e/a3_output/happydeepawali.org/output/content/karwa-chauth/diaspora-modern-practice-comparisons-faqs-and-micro-topics/footer.fragment
karwa-chauth/diaspora-modern-practice-comparisons-faqs-and-micro-topics/can-husbands-fast-on-karwa-chauth.html,karwa-chauth/diaspora-modern-practice-comparisons-faqs-and-micro-topics/can-husbands-fast-on-karwa-chauth.html,no,merged,/Users/prashantdhingra/e/a3_output/happydeepawali.org/output/content/karwa-chauth/diaspora-modern-practice-comparisons-faqs-and-micro-topics/footer.fragment
karwa-chauth/diaspora-modern-practice-comparisons-faqs-and-micro-topics/karwa-chauth-vs-vat-savitri-what-is-the-difference.html,karwa-chauth/diaspora-modern-practice-comparisons-faqs-and-micro-topics/karwa-chauth-vs-vat-savitri-what-is-the-difference.html,no,merged,/Users/prashantdhingra/e/a3_output/happydeepawali.org/output/content/karwa-chauth/diaspora-modern-practice-comparisons-faqs-and-micro-topics/footer.fragment
karwa-chauth/diaspora-modern-practice-comparisons-faqs-and-micro-topics/how-karwa-chauth-is-celebrated-in-the-united-states.html,karwa-chauth/diaspora-modern-practice-comparisons-faqs-and-micro-topics/how-karwa-chauth-is-celebrated-in-the-united-states.html,no,merged,/Users/prashantdhingra/e/a3_output/happydeepawali.org/output/content/karwa-chauth/diaspora-modern-practice-comparisons-faqs-and-micro-topics/footer.fragment
karwa-chauth/sargi-recipes-sweets-snacks-and-post-fast-meals/karwa-chauth-sargi-vermicelli-or-seviyan-recipe-ideas.html,karwa-chauth/sargi-recipes-sweets-snacks-and-post-fast-meals/karwa-chauth-sargi-vermicelli-or-seviyan-recipe-ideas.html,no,merged,/Users/prashantdhingra/e/a3_output/happydeepawali.org/output/content/karwa-chauth/sargi-recipes-sweets-snacks-and-post-fast-meals/footer.fragment
karwa-chauth/sargi-recipes-sweets-snacks-and-post-fast-meals/healthy-sargi-breakfast-ideas-for-karwa-chauth.html,karwa-chauth/sargi-recipes-sweets-snacks-and-post-fast-meals/healthy-sargi-breakfast-ideas-for-karwa-chauth.html,no,merged,/Users/prashantdhingra/e/a3_output/happydeepawali.org/output/content/karwa-chauth/sargi-recipes-sweets-snacks-and-post-fast-meals/footer.fragment
karwa-chauth/sargi-recipes-sweets-snacks-and-post-fast-meals/karwa-chauth-halwa-recipe-ideas.html,karwa-chauth/sargi-recipes-sweets-snacks-and-post-fast-meals/karwa-chauth-halwa-recipe-ideas.html,no,merged,/Users/prashantdhingra/e/a3_output/happydeepawali.org/output/content/karwa-chauth/sargi-recipes-sweets-snacks-and-post-fast-meals/footer.fragment
karwa-chauth/sargi-recipes-sweets-snacks-and-post-fast-meals/index.html,karwa-chauth/sargi-recipes-sweets-snacks-and-post-fast-meals/index.html,no,merged,/Users/prashantdhingra/e/a3_output/happydeepawali.org/output/content/karwa-chauth/sargi-recipes-sweets-snacks-and-post-fast-meals/footer.fragment
karwa-chauth/sargi-recipes-sweets-snacks-and-post-fast-meals/karwa-chauth-post-fast-dinner-menu.html,karwa-chauth/sargi-recipes-sweets-snacks-and-post-fast-meals/karwa-chauth-post-fast-dinner-menu.html,no,merged,/Users/prashantdhingra/e/a3_output/happydeepawali.org/output/content/karwa-chauth/sargi-recipes-sweets-snacks-and-post-fast-meals/footer.fragment
karwa-chauth/sargi-recipes-sweets-snacks-and-post-fast-meals/karwa-chauth-vegetarian-dinner-ideas.html,karwa-chauth/sargi-recipes-sweets-snacks-and-post-fast-meals/karwa-chauth-vegetarian-dinner-ideas.html,no,merged,/Users/prashantdhingra/e/a3_output/happydeepawali.org/output/content/karwa-chauth/sargi-recipes-sweets-snacks-and-post-fast-meals/footer.fragment
karwa-chauth/sargi-recipes-sweets-snacks-and-post-fast-meals/karwa-chauth-sweet-ideas-for-puja-and-family-sharing.html,karwa-chauth/sargi-recipes-sweets-snacks-and-post-fast-meals/karwa-chauth-sweet-ideas-for-puja-and-family-sharing.html,no,merged,/Users/prashantdhingra/e/a3_output/happydeepawali.org/output/content/karwa-chauth/sargi-recipes-sweets-snacks-and-post-fast-meals/footer.fragment
karwa-chauth/sargi-recipes-sweets-snacks-and-post-fast-meals/karwa-chauth-mathri-recipe.html,karwa-chauth/sargi-recipes-sweets-snacks-and-post-fast-meals/karwa-chauth-mathri-recipe.html,no,merged,/Users/prashantdhingra/e/a3_output/happydeepawali.org/output/content/karwa-chauth/sargi-recipes-sweets-snacks-and-post-fast-meals/footer.fragment
karwa-chauth/sargi-recipes-sweets-snacks-and-post-fast-meals/karwa-chauth-puja-prasad-ideas.html,karwa-chauth/sargi-recipes-sweets-snacks-and-post-fast-meals/karwa-chauth-puja-prasad-ideas.html,no,merged,/Users/prashantdhingra/e/a3_output/happydeepawali.org/output/content/karwa-chauth/sargi-recipes-sweets-snacks-and-post-fast-meals/footer.fragment
karwa-chauth/sargi-recipes-sweets-snacks-and-post-fast-meals/karwa-chauth-sargi-fruit-and-dry-fruit-ideas.html,karwa-chauth/sargi-recipes-sweets-snacks-and-post-fast-meals/karwa-chauth-sargi-fruit-and-dry-fruit-ideas.html,no,merged,/Users/prashantdhingra/e/a3_output/happydeepawali.org/output/content/karwa-chauth/sargi-recipes-sweets-snacks-and-post-fast-meals/footer.fragment
karwa-chauth/sargi-recipes-sweets-snacks-and-post-fast-meals/karwa-chauth-dessert-ideas.html,karwa-chauth/sargi-recipes-sweets-snacks-and-post-fast-meals/karwa-chauth-dessert-ideas.html,no,merged,/Users/prashantdhingra/e/a3_output/happydeepawali.org/output/content/karwa-chauth/sargi-recipes-sweets-snacks-and-post-fast-meals/footer.fragment
karwa-chauth/sargi-recipes-sweets-snacks-and-post-fast-meals/karwa-chauth-family-dinner-menu-ideas.html,karwa-chauth/sargi-recipes-sweets-snacks-and-post-fast-meals/karwa-chauth-family-dinner-menu-ideas.html,no,merged,/Users/prashantdhingra/e/a3_output/happydeepawali.org/output/content/karwa-chauth/sargi-recipes-sweets-snacks-and-post-fast-meals/footer.fragment
karwa-chauth/sargi-recipes-sweets-snacks-and-post-fast-meals/karwa-chauth-recipe-planning-checklist.html,karwa-chauth/sargi-recipes-sweets-snacks-and-post-fast-meals/karwa-chauth-recipe-planning-checklist.html,no,merged,/Users/prashantdhingra/e/a3_output/happydeepawali.org/output/content/karwa-chauth/sargi-recipes-sweets-snacks-and-post-fast-meals/footer.fragment
karwa-chauth/sargi-recipes-sweets-snacks-and-post-fast-meals/karwa-chauth-food-gift-basket-ideas.html,karwa-chauth/sargi-recipes-sweets-snacks-and-post-fast-meals/karwa-chauth-food-gift-basket-ideas.html,no,merged,/Users/prashantdhingra/e/a3_output/happydeepawali.org/output/content/karwa-chauth/sargi-recipes-sweets-snacks-and-post-fast-meals/footer.fragment
karwa-chauth/sargi-recipes-sweets-snacks-and-post-fast-meals/karwa-chauth-kheer-recipe-ideas.html,karwa-chauth/sargi-recipes-sweets-snacks-and-post-fast-meals/karwa-chauth-kheer-recipe-ideas.html,no,merged,/Users/prashantdhingra/e/a3_output/happydeepawali.org/output/content/karwa-chauth/sargi-recipes-sweets-snacks-and-post-fast-meals/footer.fragment
karwa-chauth/sargi-recipes-sweets-snacks-and-post-fast-meals/karwa-chauth-sargi-menu-ideas.html,karwa-chauth/sargi-recipes-sweets-snacks-and-post-fast-meals/karwa-chauth-sargi-menu-ideas.html,no,merged,/Users/prashantdhingra/e/a3_output/happydeepawali.org/output/content/karwa-chauth/sargi-recipes-sweets-snacks-and-post-fast-meals/footer.fragment
karwa-chauth/sargi-recipes-sweets-snacks-and-post-fast-meals/karwa-chauth-feni-and-pheni-traditions-explained.html,karwa-chauth/sargi-recipes-sweets-snacks-and-post-fast-meals/karwa-chauth-feni-and-pheni-traditions-explained.html,no,merged,/Users/prashantdhingra/e/a3_output/happydeepawali.org/output/content/karwa-chauth/sargi-recipes-sweets-snacks-and-post-fast-meals/footer.fragment
karwa-chauth/sargi-recipes-sweets-snacks-and-post-fast-meals/karwa-chauth-ladoo-ideas.html,karwa-chauth/sargi-recipes-sweets-snacks-and-post-fast-meals/karwa-chauth-ladoo-ideas.html,no,merged,/Users/prashantdhingra/e/a3_output/happydeepawali.org/output/content/karwa-chauth/sargi-recipes-sweets-snacks-and-post-fast-meals/footer.fragment
karwa-chauth/sargi-recipes-sweets-snacks-and-post-fast-meals/karwa-chauth-light-dinner-ideas-after-moonrise.html,karwa-chauth/sargi-recipes-sweets-snacks-and-post-fast-meals/karwa-chauth-light-dinner-ideas-after-moonrise.html,no,merged,/Users/prashantdhingra/e/a3_output/happydeepawali.org/output/content/karwa-chauth/sargi-recipes-sweets-snacks-and-post-fast-meals/footer.fragment
karwa-chauth/sargi-recipes-sweets-snacks-and-post-fast-meals/20-karwa-chauth-recipes-from-sargi-to-dinner.html,karwa-chauth/sargi-recipes-sweets-snacks-and-post-fast-meals/20-karwa-chauth-recipes-from-sargi-to-dinner.html,no,merged,/Users/prashantdhingra/e/a3_output/happydeepawali.org/output/content/karwa-chauth/sargi-recipes-sweets-snacks-and-post-fast-meals/footer.fragment
karwa-chauth/sargi-recipes-sweets-snacks-and-post-fast-meals/karwa-chauth-sargi-paratha-ideas.html,karwa-chauth/sargi-recipes-sweets-snacks-and-post-fast-meals/karwa-chauth-sargi-paratha-ideas.html,no,merged,/Users/prashantdhingra/e/a3_output/happydeepawali.org/output/content/karwa-chauth/sargi-recipes-sweets-snacks-and-post-fast-meals/footer.fragment
karwa-chauth/moon-sighting-fast-breaking-and-evening-traditions/what-if-moonrise-is-very-late-on-karwa-chauth.html,karwa-chauth/moon-sighting-fast-breaking-and-evening-traditions/what-if-moonrise-is-very-late-on-karwa-chauth.html,no,merged,/Users/prashantdhingra/e/a3_output/happydeepawali.org/output/content/karwa-chauth/moon-sighting-fast-breaking-and-evening-traditions/footer.fragment
karwa-chauth/moon-sighting-fast-breaking-and-evening-traditions/what-to-keep-ready-before-moonrise-on-karwa-chauth.html,karwa-chauth/moon-sighting-fast-breaking-and-evening-traditions/what-to-keep-ready-before-moonrise-on-karwa-chauth.html,no,merged,/Users/prashantdhingra/e/a3_output/happydeepawali.org/output/content/karwa-chauth/moon-sighting-fast-breaking-and-evening-traditions/footer.fragment
karwa-chauth/moon-sighting-fast-breaking-and-evening-traditions/index.html,karwa-chauth/moon-sighting-fast-breaking-and-evening-traditions/index.html,no,merged,/Users/prashantdhingra/e/a3_output/happydeepawali.org/output/content/karwa-chauth/moon-sighting-fast-breaking-and-evening-traditions/footer.fragment
karwa-chauth/moon-sighting-fast-breaking-and-evening-traditions/karwa-chauth-moonrise-traditions-across-different-regions.html,karwa-chauth/moon-sighting-fast-breaking-and-evening-traditions/karwa-chauth-moonrise-traditions-across-different-regions.html,no,merged,/Users/prashantdhingra/e/a3_output/happydeepawali.org/output/content/karwa-chauth/moon-sighting-fast-breaking-and-evening-traditions/footer.fragment
karwa-chauth/moon-sighting-fast-breaking-and-evening-traditions/what-if-clouds-hide-the-moon-on-karwa-chauth.html,karwa-chauth/moon-sighting-fast-breaking-and-evening-traditions/what-if-clouds-hide-the-moon-on-karwa-chauth.html,no,merged,/Users/prashantdhingra/e/a3_output/happydeepawali.org/output/content/karwa-chauth/moon-sighting-fast-breaking-and-evening-traditions/footer.fragment
karwa-chauth/moon-sighting-fast-breaking-and-evening-traditions/why-is-the-moon-viewed-through-a-sieve-on-karwa-chauth.html,karwa-chauth/moon-sighting-fast-breaking-and-evening-traditions/why-is-the-moon-viewed-through-a-sieve-on-karwa-chauth.html,no,merged,/Users/prashantdhingra/e/a3_output/happydeepawali.org/output/content/karwa-chauth/moon-sighting-fast-breaking-and-evening-traditions/footer.fragment
karwa-chauth/moon-sighting-fast-breaking-and-evening-traditions/karwa-chauth-evening-celebration-ideas-at-home.html,karwa-chauth/moon-sighting-fast-breaking-and-evening-traditions/karwa-chauth-evening-celebration-ideas-at-home.html,no,merged,/Users/prashantdhingra/e/a3_output/happydeepawali.org/output/content/karwa-chauth/moon-sighting-fast-breaking-and-evening-traditions/footer.fragment
karwa-chauth/moon-sighting-fast-breaking-and-evening-traditions/why-is-water-offered-to-the-moon-on-karwa-chauth.html,karwa-chauth/moon-sighting-fast-breaking-and-evening-traditions/why-is-water-offered-to-the-moon-on-karwa-chauth.html,no,merged,/Users/prashantdhingra/e/a3_output/happydeepawali.org/output/content/karwa-chauth/moon-sighting-fast-breaking-and-evening-traditions/footer.fragment
karwa-chauth/moon-sighting-fast-breaking-and-evening-traditions/karwa-chauth-moon-sighting-for-families-living-abroad.html,karwa-chauth/moon-sighting-fast-breaking-and-evening-traditions/karwa-chauth-moon-sighting-for-families-living-abroad.html,no,merged,/Users/prashantdhingra/e/a3_output/happydeepawali.org/output/content/karwa-chauth/moon-sighting-fast-breaking-and-evening-traditions/footer.fragment
karwa-chauth/moon-sighting-fast-breaking-and-evening-traditions/karwa-chauth-moonrise-photography-ideas.html,karwa-chauth/moon-sighting-fast-breaking-and-evening-traditions/karwa-chauth-moonrise-photography-ideas.html,no,merged,/Users/prashantdhingra/e/a3_output/happydeepawali.org/output/content/karwa-chauth/moon-sighting-fast-breaking-and-evening-traditions/footer.fragment
karwa-chauth/moon-sighting-fast-breaking-and-evening-traditions/karwa-chauth-dinner-ideas-for-couples-and-families.html,karwa-chauth/moon-sighting-fast-breaking-and-evening-traditions/karwa-chauth-dinner-ideas-for-couples-and-families.html,no,merged,/Users/prashantdhingra/e/a3_output/happydeepawali.org/output/content/karwa-chauth/moon-sighting-fast-breaking-and-evening-traditions/footer.fragment
karwa-chauth/moon-sighting-fast-breaking-and-evening-traditions/light-post-fast-meal-ideas-for-karwa-chauth-evening.html,karwa-chauth/moon-sighting-fast-breaking-and-evening-traditions/light-post-fast-meal-ideas-for-karwa-chauth-evening.html,no,merged,/Users/prashantdhingra/e/a3_output/happydeepawali.org/output/content/karwa-chauth/moon-sighting-fast-breaking-and-evening-traditions/footer.fragment
karwa-chauth/moon-sighting-fast-breaking-and-evening-traditions/karwa-chauth-couple-photo-ideas-after-moonrise.html,karwa-chauth/moon-sighting-fast-breaking-and-evening-traditions/karwa-chauth-couple-photo-ideas-after-moonrise.html,no,merged,/Users/prashantdhingra/e/a3_output/happydeepawali.org/output/content/karwa-chauth/moon-sighting-fast-breaking-and-evening-traditions/footer.fragment
karwa-chauth/moon-sighting-fast-breaking-and-evening-traditions/karwa-chauth-moon-sighting-ritual-step-by-step-guide.html,karwa-chauth/moon-sighting-fast-breaking-and-evening-traditions/karwa-chauth-moon-sighting-ritual-step-by-step-guide.html,no,merged,/Users/prashantdhingra/e/a3_output/happydeepawali.org/output/content/karwa-chauth/moon-sighting-fast-breaking-and-evening-traditions/footer.fragment
karwa-chauth/moon-sighting-fast-breaking-and-evening-traditions/karwa-chauth-moonrise-faq-sighting-arghya-and-fast-breaking-questions.html,karwa-chauth/moon-sighting-fast-breaking-and-evening-traditions/karwa-chauth-moonrise-faq-sighting-arghya-and-fast-breaking-questions.html,no,merged,/Users/prashantdhingra/e/a3_output/happydeepawali.org/output/content/karwa-chauth/moon-sighting-fast-breaking-and-evening-traditions/footer.fragment
karwa-chauth/moon-sighting-fast-breaking-and-evening-traditions/karwa-chauth-arghya-to-the-moon-meaning-and-ritual.html,karwa-chauth/moon-sighting-fast-breaking-and-evening-traditions/karwa-chauth-arghya-to-the-moon-meaning-and-ritual.html,no,merged,/Users/prashantdhingra/e/a3_output/happydeepawali.org/output/content/karwa-chauth/moon-sighting-fast-breaking-and-evening-traditions/footer.fragment
karwa-chauth/moon-sighting-fast-breaking-and-evening-traditions/how-is-the-karwa-chauth-fast-traditionally-broken.html,karwa-chauth/moon-sighting-fast-breaking-and-evening-traditions/how-is-the-karwa-chauth-fast-traditionally-broken.html,no,merged,/Users/prashantdhingra/e/a3_output/happydeepawali.org/output/content/karwa-chauth/moon-sighting-fast-breaking-and-evening-traditions/footer.fragment
karwa-chauth/moon-sighting-fast-breaking-and-evening-traditions/how-to-track-moonrise-on-karwa-chauth-without-missing-puja.html,karwa-chauth/moon-sighting-fast-breaking-and-evening-traditions/how-to-track-moonrise-on-karwa-chauth-without-missing-puja.html,no,merged,/Users/prashantdhingra/e/a3_output/happydeepawali.org/output/content/karwa-chauth/moon-sighting-fast-breaking-and-evening-traditions/footer.fragment
karwa-chauth/moon-sighting-fast-breaking-and-evening-traditions/karwa-chauth-channi-or-sieve-tradition-meaning-and-symbolism.html,karwa-chauth/moon-sighting-fast-breaking-and-evening-traditions/karwa-chauth-channi-or-sieve-tradition-meaning-and-symbolism.html,no,merged,/Users/prashantdhingra/e/a3_output/happydeepawali.org/output/content/karwa-chauth/moon-sighting-fast-breaking-and-evening-traditions/footer.fragment
karwa-chauth/moon-sighting-fast-breaking-and-evening-traditions/karwa-chauth-fast-breaking-meal-ideas.html,karwa-chauth/moon-sighting-fast-breaking-and-evening-traditions/karwa-chauth-fast-breaking-meal-ideas.html,no,merged,/Users/prashantdhingra/e/a3_output/happydeepawali.org/output/content/karwa-chauth/moon-sighting-fast-breaking-and-evening-traditions/footer.fragment
karwa-chauth/moon-sighting-fast-breaking-and-evening-traditions/karwa-chauth-evening-puja-and-moonrise-routine.html,karwa-chauth/moon-sighting-fast-breaking-and-evening-traditions/karwa-chauth-evening-puja-and-moonrise-routine.html,no,merged,/Users/prashantdhingra/e/a3_output/happydeepawali.org/output/content/karwa-chauth/moon-sighting-fast-breaking-and-evening-traditions/footer.fragment
karwa-chauth/wishes-quotes-messages-captions-and-social-content/100-happy-karwa-chauth-wishes-for-husband-and-wife.html,karwa-chauth/wishes-quotes-messages-captions-and-social-content/100-happy-karwa-chauth-wishes-for-husband-and-wife.html,no,merged,/Users/prashantdhingra/e/a3_output/happydeepawali.org/output/content/karwa-chauth/wishes-quotes-messages-captions-and-social-content/footer.fragment
karwa-chauth/wishes-quotes-messages-captions-and-social-content/index.html,karwa-chauth/wishes-quotes-messages-captions-and-social-content/index.html,no,merged,/Users/prashantdhingra/e/a3_output/happydeepawali.org/output/content/karwa-chauth/wishes-quotes-messages-captions-and-social-content/footer.fragment
karwa-chauth/wishes-quotes-messages-captions-and-social-content/funny-karwa-chauth-messages-and-lighthearted-captions.html,karwa-chauth/wishes-quotes-messages-captions-and-social-content/funny-karwa-chauth-messages-and-lighthearted-captions.html,no,merged,/Users/prashantdhingra/e/a3_output/happydeepawali.org/output/content/karwa-chauth/wishes-quotes-messages-captions-and-social-content/footer.fragment
karwa-chauth/wishes-quotes-messages-captions-and-social-content/karwa-chauth-wishes-for-husband.html,karwa-chauth/wishes-quotes-messages-captions-and-social-content/karwa-chauth-wishes-for-husband.html,no,merged,/Users/prashantdhingra/e/a3_output/happydeepawali.org/output/content/karwa-chauth/wishes-quotes-messages-captions-and-social-content/footer.fragment
karwa-chauth/wishes-quotes-messages-captions-and-social-content/heartfelt-karwa-chauth-messages-for-couples.html,karwa-chauth/wishes-quotes-messages-captions-and-social-content/heartfelt-karwa-chauth-messages-for-couples.html,no,merged,/Users/prashantdhingra/e/a3_output/happydeepawali.org/output/content/karwa-chauth/wishes-quotes-messages-captions-and-social-content/footer.fragment
karwa-chauth/wishes-quotes-messages-captions-and-social-content/karwa-chauth-instagram-captions.html,karwa-chauth/wishes-quotes-messages-captions-and-social-content/karwa-chauth-instagram-captions.html,no,merged,/Users/prashantdhingra/e/a3_output/happydeepawali.org/output/content/karwa-chauth/wishes-quotes-messages-captions-and-social-content/footer.fragment
karwa-chauth/wishes-quotes-messages-captions-and-social-content/karwa-chauth-2026-wishes-quotes-messages-and-captions.html,karwa-chauth/wishes-quotes-messages-captions-and-social-content/karwa-chauth-2026-wishes-quotes-messages-and-captions.html,no,merged,/Users/prashantdhingra/e/a3_output/happydeepawali.org/output/content/karwa-chauth/wishes-quotes-messages-captions-and-social-content/footer.fragment
karwa-chauth/wishes-quotes-messages-captions-and-social-content/karwa-chauth-captions-for-couple-photos.html,karwa-chauth/wishes-quotes-messages-captions-and-social-content/karwa-chauth-captions-for-couple-photos.html,no,merged,/Users/prashantdhingra/e/a3_output/happydeepawali.org/output/content/karwa-chauth/wishes-quotes-messages-captions-and-social-content/footer.fragment
karwa-chauth/wishes-quotes-messages-captions-and-social-content/karwa-chauth-social-media-content-ideas-for-brands-and-communities.html,karwa-chauth/wishes-quotes-messages-captions-and-social-content/karwa-chauth-social-media-content-ideas-for-brands-and-communities.html,no,merged,/Users/prashantdhingra/e/a3_output/happydeepawali.org/output/content/karwa-chauth/wishes-quotes-messages-captions-and-social-content/footer.fragment
karwa-chauth/wishes-quotes-messages-captions-and-social-content/karwa-chauth-wishes-for-sister-and-sister-in-law.html,karwa-chauth/wishes-quotes-messages-captions-and-social-content/karwa-chauth-wishes-for-sister-and-sister-in-law.html,no,merged,/Users/prashantdhingra/e/a3_output/happydeepawali.org/output/content/karwa-chauth/wishes-quotes-messages-captions-and-social-content/footer.fragment
karwa-chauth/wishes-quotes-messages-captions-and-social-content/karwa-chauth-wishes-for-friends.html,karwa-chauth/wishes-quotes-messages-captions-and-social-content/karwa-chauth-wishes-for-friends.html,no,merged,/Users/prashantdhingra/e/a3_output/happydeepawali.org/output/content/karwa-chauth/wishes-quotes-messages-captions-and-social-content/footer.fragment
karwa-chauth/wishes-quotes-messages-captions-and-social-content/karwa-chauth-whatsapp-status-ideas.html,karwa-chauth/wishes-quotes-messages-captions-and-social-content/karwa-chauth-whatsapp-status-ideas.html,no,merged,/Users/prashantdhingra/e/a3_output/happydeepawali.org/output/content/karwa-chauth/wishes-quotes-messages-captions-and-social-content/footer.fragment
karwa-chauth/wishes-quotes-messages-captions-and-social-content/first-karwa-chauth-wishes-for-newlyweds.html,karwa-chauth/wishes-quotes-messages-captions-and-social-content/first-karwa-chauth-wishes-for-newlyweds.html,no,merged,/Users/prashantdhingra/e/a3_output/happydeepawali.org/output/content/karwa-chauth/wishes-quotes-messages-captions-and-social-content/footer.fragment
karwa-chauth/wishes-quotes-messages-captions-and-social-content/karwa-chauth-facebook-captions-and-social-posts.html,karwa-chauth/wishes-quotes-messages-captions-and-social-content/karwa-chauth-facebook-captions-and-social-posts.html,no,merged,/Users/prashantdhingra/e/a3_output/happydeepawali.org/output/content/karwa-chauth/wishes-quotes-messages-captions-and-social-content/footer.fragment
karwa-chauth/wishes-quotes-messages-captions-and-social-content/karwa-chauth-wishes-for-wife.html,karwa-chauth/wishes-quotes-messages-captions-and-social-content/karwa-chauth-wishes-for-wife.html,no,merged,/Users/prashantdhingra/e/a3_output/happydeepawali.org/output/content/karwa-chauth/wishes-quotes-messages-captions-and-social-content/footer.fragment
karwa-chauth/wishes-quotes-messages-captions-and-social-content/karwa-chauth-wishes-for-daughter-and-daughter-in-law.html,karwa-chauth/wishes-quotes-messages-captions-and-social-content/karwa-chauth-wishes-for-daughter-and-daughter-in-law.html,no,merged,/Users/prashantdhingra/e/a3_output/happydeepawali.org/output/content/karwa-chauth/wishes-quotes-messages-captions-and-social-content/footer.fragment
karwa-chauth/wishes-quotes-messages-captions-and-social-content/karwa-chauth-quotes-about-love-partnership-and-commitment.html,karwa-chauth/wishes-quotes-messages-captions-and-social-content/karwa-chauth-quotes-about-love-partnership-and-commitment.html,no,merged,/Users/prashantdhingra/e/a3_output/happydeepawali.org/output/content/karwa-chauth/wishes-quotes-messages-captions-and-social-content/footer.fragment
karwa-chauth/wishes-quotes-messages-captions-and-social-content/karwa-chauth-greeting-card-messages.html,karwa-chauth/wishes-quotes-messages-captions-and-social-content/karwa-chauth-greeting-card-messages.html,no,merged,/Users/prashantdhingra/e/a3_output/happydeepawali.org/output/content/karwa-chauth/wishes-quotes-messages-captions-and-social-content/footer.fragment
karwa-chauth/wishes-quotes-messages-captions-and-social-content/short-karwa-chauth-messages-for-whatsapp-and-sms.html,karwa-chauth/wishes-quotes-messages-captions-and-social-content/short-karwa-chauth-messages-for-whatsapp-and-sms.html,no,merged,/Users/prashantdhingra/e/a3_output/happydeepawali.org/output/content/karwa-chauth/wishes-quotes-messages-captions-and-social-content/footer.fragment
karwa-chauth/wishes-quotes-messages-captions-and-social-content/karwa-chauth-wishes-in-english.html,karwa-chauth/wishes-quotes-messages-captions-and-social-content/karwa-chauth-wishes-in-english.html,no,merged,/Users/prashantdhingra/e/a3_output/happydeepawali.org/output/content/karwa-chauth/wishes-quotes-messages-captions-and-social-content/footer.fragment
karwa-chauth/wishes-quotes-messages-captions-and-social-content/karwa-chauth-wishes-in-hindi.html,karwa-chauth/wishes-quotes-messages-captions-and-social-content/karwa-chauth-wishes-in-hindi.html,no,merged,/Users/prashantdhingra/e/a3_output/happydeepawali.org/output/content/karwa-chauth/wishes-quotes-messages-captions-and-social-content/footer.fragment
karwa-chauth/karwa-chauth-2026-city-moonrise-and-local-search/index.html,karwa-chauth/karwa-chauth-2026-city-moonrise-and-local-search/index.html,no,merged,/Users/prashantdhingra/e/a3_output/happydeepawali.org/output/content/karwa-chauth/karwa-chauth-2026-city-moonrise-and-local-search/footer.fragment
karwa-chauth/karwa-chauth-2026-city-moonrise-and-local-search/karwa-chauth-2026-in-amritsar-moonrise-puja-timing-and-local-guide.html,karwa-chauth/karwa-chauth-2026-city-moonrise-and-local-search/karwa-chauth-2026-in-amritsar-moonrise-puja-timing-and-local-guide.html,no,merged,/Users/prashantdhingra/e/a3_output/happydeepawali.org/output/content/karwa-chauth/karwa-chauth-2026-city-moonrise-and-local-search/footer.fragment
karwa-chauth/karwa-chauth-2026-city-moonrise-and-local-search/karwa-chauth-2026-in-gurugram-moonrise-puja-timing-and-local-guide.html,karwa-chauth/karwa-chauth-2026-city-moonrise-and-local-search/karwa-chauth-2026-in-gurugram-moonrise-puja-timing-and-local-guide.html,no,merged,/Users/prashantdhingra/e/a3_output/happydeepawali.org/output/content/karwa-chauth/karwa-chauth-2026-city-moonrise-and-local-search/footer.fragment
karwa-chauth/karwa-chauth-2026-city-moonrise-and-local-search/karwa-chauth-2026-near-me-how-to-find-puja-events-moonrise-times-and-community-celebrations.html,karwa-chauth/karwa-chauth-2026-city-moonrise-and-local-search/karwa-chauth-2026-near-me-how-to-find-puja-events-moonrise-times-and-community-celebrations.html,no,merged,/Users/prashantdhingra/e/a3_output/happydeepawali.org/output/content/karwa-chauth/karwa-chauth-2026-city-moonrise-and-local-search/footer.fragment
karwa-chauth/karwa-chauth-2026-city-moonrise-and-local-search/karwa-chauth-2026-in-toronto-moonrise-and-community-guide.html,karwa-chauth/karwa-chauth-2026-city-moonrise-and-local-search/karwa-chauth-2026-in-toronto-moonrise-and-community-guide.html,no,merged,/Users/prashantdhingra/e/a3_output/happydeepawali.org/output/content/karwa-chauth/karwa-chauth-2026-city-moonrise-and-local-search/footer.fragment
karwa-chauth/karwa-chauth-2026-city-moonrise-and-local-search/karwa-chauth-2026-in-delhi-moonrise-puja-timing-and-celebration-guide.html,karwa-chauth/karwa-chauth-2026-city-moonrise-and-local-search/karwa-chauth-2026-in-delhi-moonrise-puja-timing-and-celebration-guide.html,no,merged,/Users/prashantdhingra/e/a3_output/happydeepawali.org/output/content/karwa-chauth/karwa-chauth-2026-city-moonrise-and-local-search/footer.fragment
karwa-chauth/karwa-chauth-2026-city-moonrise-and-local-search/karwa-chauth-2026-in-mumbai-moonrise-puja-timing-and-celebration-guide.html,karwa-chauth/karwa-chauth-2026-city-moonrise-and-local-search/karwa-chauth-2026-in-mumbai-moonrise-puja-timing-and-celebration-guide.html,no,merged,/Users/prashantdhingra/e/a3_output/happydeepawali.org/output/content/karwa-chauth/karwa-chauth-2026-city-moonrise-and-local-search/footer.fragment
karwa-chauth/karwa-chauth-2026-city-moonrise-and-local-search/karwa-chauth-2026-in-bengaluru-moonrise-puja-timing-and-local-guide.html,karwa-chauth/karwa-chauth-2026-city-moonrise-and-local-search/karwa-chauth-2026-in-bengaluru-moonrise-puja-timing-and-local-guide.html,no,merged,/Users/prashantdhingra/e/a3_output/happydeepawali.org/output/content/karwa-chauth/karwa-chauth-2026-city-moonrise-and-local-search/footer.fragment
karwa-chauth/karwa-chauth-2026-city-moonrise-and-local-search/karwa-chauth-2026-in-london-moonrise-and-community-celebration-guide.html,karwa-chauth/karwa-chauth-2026-city-moonrise-and-local-search/karwa-chauth-2026-in-london-moonrise-and-community-celebration-guide.html,no,merged,/Users/prashantdhingra/e/a3_output/happydeepawali.org/output/content/karwa-chauth/karwa-chauth-2026-city-moonrise-and-local-search/footer.fragment
karwa-chauth/karwa-chauth-2026-city-moonrise-and-local-search/karwa-chauth-2026-in-ludhiana-moonrise-puja-timing-and-local-guide.html,karwa-chauth/karwa-chauth-2026-city-moonrise-and-local-search/karwa-chauth-2026-in-ludhiana-moonrise-puja-timing-and-local-guide.html,no,merged,/Users/prashantdhingra/e/a3_output/happydeepawali.org/output/content/karwa-chauth/karwa-chauth-2026-city-moonrise-and-local-search/footer.fragment
karwa-chauth/karwa-chauth-2026-city-moonrise-and-local-search/karwa-chauth-2026-in-jaipur-moonrise-puja-timing-and-local-guide.html,karwa-chauth/karwa-chauth-2026-city-moonrise-and-local-search/karwa-chauth-2026-in-jaipur-moonrise-puja-timing-and-local-guide.html,no,merged,/Users/prashantdhingra/e/a3_output/happydeepawali.org/output/content/karwa-chauth/karwa-chauth-2026-city-moonrise-and-local-search/footer.fragment
karwa-chauth/karwa-chauth-2026-city-moonrise-and-local-search/karwa-chauth-2026-in-dubai-moonrise-and-celebration-guide.html,karwa-chauth/karwa-chauth-2026-city-moonrise-and-local-search/karwa-chauth-2026-in-dubai-moonrise-and-celebration-guide.html,no,merged,/Users/prashantdhingra/e/a3_output/happydeepawali.org/output/content/karwa-chauth/karwa-chauth-2026-city-moonrise-and-local-search/footer.fragment
karwa-chauth/karwa-chauth-2026-city-moonrise-and-local-search/karwa-chauth-2026-in-hyderabad-moonrise-puja-timing-and-local-guide.html,karwa-chauth/karwa-chauth-2026-city-moonrise-and-local-search/karwa-chauth-2026-in-hyderabad-moonrise-puja-timing-and-local-guide.html,no,merged,/Users/prashantdhingra/e/a3_output/happydeepawali.org/output/content/karwa-chauth/karwa-chauth-2026-city-moonrise-and-local-search/footer.fragment
karwa-chauth/karwa-chauth-2026-city-moonrise-and-local-search/karwa-chauth-2026-in-lucknow-moonrise-puja-timing-and-local-guide.html,karwa-chauth/karwa-chauth-2026-city-moonrise-and-local-search/karwa-chauth-2026-in-lucknow-moonrise-puja-timing-and-local-guide.html,no,merged,/Users/prashantdhingra/e/a3_output/happydeepawali.org/output/content/karwa-chauth/karwa-chauth-2026-city-moonrise-and-local-search/footer.fragment
karwa-chauth/karwa-chauth-2026-city-moonrise-and-local-search/karwa-chauth-2026-in-new-york-city-moonrise-and-celebration-guide.html,karwa-chauth/karwa-chauth-2026-city-moonrise-and-local-search/karwa-chauth-2026-in-new-york-city-moonrise-and-celebration-guide.html,no,merged,/Users/prashantdhingra/e/a3_output/happydeepawali.org/output/content/karwa-chauth/karwa-chauth-2026-city-moonrise-and-local-search/footer.fragment
karwa-chauth/karwa-chauth-2026-city-moonrise-and-local-search/karwa-chauth-2026-in-faridabad-moonrise-puja-timing-and-local-guide.html,karwa-chauth/karwa-chauth-2026-city-moonrise-and-local-search/karwa-chauth-2026-in-faridabad-moonrise-puja-timing-and-local-guide.html,no,merged,/Users/prashantdhingra/e/a3_output/happydeepawali.org/output/content/karwa-chauth/karwa-chauth-2026-city-moonrise-and-local-search/footer.fragment
karwa-chauth/karwa-chauth-2026-city-moonrise-and-local-search/karwa-chauth-2026-in-chandigarh-moonrise-puja-timing-and-local-guide.html,karwa-chauth/karwa-chauth-2026-city-moonrise-and-local-search/karwa-chauth-2026-in-chandigarh-moonrise-puja-timing-and-local-guide.html,no,merged,/Users/prashantdhingra/e/a3_output/happydeepawali.org/output/content/karwa-chauth/karwa-chauth-2026-city-moonrise-and-local-search/footer.fragment
karwa-chauth/karwa-chauth-2026-city-moonrise-and-local-search/karwa-chauth-2026-in-ghaziabad-moonrise-puja-timing-and-local-guide.html,karwa-chauth/karwa-chauth-2026-city-moonrise-and-local-search/karwa-chauth-2026-in-ghaziabad-moonrise-puja-timing-and-local-guide.html,no,merged,/Users/prashantdhingra/e/a3_output/happydeepawali.org/output/content/karwa-chauth/karwa-chauth-2026-city-moonrise-and-local-search/footer.fragment
karwa-chauth/karwa-chauth-2026-city-moonrise-and-local-search/karwa-chauth-2026-in-new-jersey-moonrise-and-community-celebration-guide.html,karwa-chauth/karwa-chauth-2026-city-moonrise-and-local-search/karwa-chauth-2026-in-new-jersey-moonrise-and-community-celebration-guide.html,no,merged,/Users/prashantdhingra/e/a3_output/happydeepawali.org/output/content/karwa-chauth/karwa-chauth-2026-city-moonrise-and-local-search/footer.fragment
karwa-chauth/karwa-chauth-2026-city-moonrise-and-local-search/karwa-chauth-2026-in-noida-moonrise-puja-timing-and-local-guide.html,karwa-chauth/karwa-chauth-2026-city-moonrise-and-local-search/karwa-chauth-2026-in-noida-moonrise-puja-timing-and-local-guide.html,no,merged,/Users/prashantdhingra/e/a3_output/happydeepawali.org/output/content/karwa-chauth/karwa-chauth-2026-city-moonrise-and-local-search/footer.fragment
karwa-chauth/karwa-chauth-2026-city-moonrise-and-local-search/karwa-chauth-2026-in-pune-moonrise-puja-timing-and-local-guide.html,karwa-chauth/karwa-chauth-2026-city-moonrise-and-local-search/karwa-chauth-2026-in-pune-moonrise-puja-timing-and-local-guide.html,no,merged,/Users/prashantdhingra/e/a3_output/happydeepawali.org/output/content/karwa-chauth/karwa-chauth-2026-city-moonrise-and-local-search/footer.fragment
karwa-chauth/first-karwa-chauth-gifts-couples-and-family-relationships/karwa-chauth-gift-ideas-for-husband.html,karwa-chauth/first-karwa-chauth-gifts-couples-and-family-relationships/karwa-chauth-gift-ideas-for-husband.html,no,merged,/Users/prashantdhingra/e/a3_output/happydeepawali.org/output/content/karwa-chauth/first-karwa-chauth-gifts-couples-and-family-relationships/footer.fragment
karwa-chauth/first-karwa-chauth-gifts-couples-and-family-relationships/karwa-chauth-gift-ideas-for-wife.html,karwa-chauth/first-karwa-chauth-gifts-couples-and-family-relationships/karwa-chauth-gift-ideas-for-wife.html,no,merged,/Users/prashantdhingra/e/a3_output/happydeepawali.org/output/content/karwa-chauth/first-karwa-chauth-gifts-couples-and-family-relationships/footer.fragment
karwa-chauth/first-karwa-chauth-gifts-couples-and-family-relationships/index.html,karwa-chauth/first-karwa-chauth-gifts-couples-and-family-relationships/index.html,no,merged,/Users/prashantdhingra/e/a3_output/happydeepawali.org/output/content/karwa-chauth/first-karwa-chauth-gifts-couples-and-family-relationships/footer.fragment
karwa-chauth/first-karwa-chauth-gifts-couples-and-family-relationships/karwa-chauth-gift-and-relationship-faq.html,karwa-chauth/first-karwa-chauth-gifts-couples-and-family-relationships/karwa-chauth-gift-and-relationship-faq.html,no,merged,/Users/prashantdhingra/e/a3_output/happydeepawali.org/output/content/karwa-chauth/first-karwa-chauth-gifts-couples-and-family-relationships/footer.fragment
karwa-chauth/first-karwa-chauth-gifts-couples-and-family-relationships/karwa-chauth-at-home-romantic-celebration-ideas-for-couples.html,karwa-chauth/first-karwa-chauth-gifts-couples-and-family-relationships/karwa-chauth-at-home-romantic-celebration-ideas-for-couples.html,no,merged,/Users/prashantdhingra/e/a3_output/happydeepawali.org/output/content/karwa-chauth/first-karwa-chauth-gifts-couples-and-family-relationships/footer.fragment
karwa-chauth/first-karwa-chauth-gifts-couples-and-family-relationships/luxury-karwa-chauth-gift-ideas.html,karwa-chauth/first-karwa-chauth-gifts-couples-and-family-relationships/luxury-karwa-chauth-gift-ideas.html,no,merged,/Users/prashantdhingra/e/a3_output/happydeepawali.org/output/content/karwa-chauth/first-karwa-chauth-gifts-couples-and-family-relationships/footer.fragment
karwa-chauth/first-karwa-chauth-gifts-couples-and-family-relationships/karwa-chauth-date-night-ideas-after-moonrise.html,karwa-chauth/first-karwa-chauth-gifts-couples-and-family-relationships/karwa-chauth-date-night-ideas-after-moonrise.html,no,merged,/Users/prashantdhingra/e/a3_output/happydeepawali.org/output/content/karwa-chauth/first-karwa-chauth-gifts-couples-and-family-relationships/footer.fragment
karwa-chauth/first-karwa-chauth-gifts-couples-and-family-relationships/karwa-chauth-gifts-from-in-laws-and-family.html,karwa-chauth/first-karwa-chauth-gifts-couples-and-family-relationships/karwa-chauth-gifts-from-in-laws-and-family.html,no,merged,/Users/prashantdhingra/e/a3_output/happydeepawali.org/output/content/karwa-chauth/first-karwa-chauth-gifts-couples-and-family-relationships/footer.fragment
karwa-chauth/first-karwa-chauth-gifts-couples-and-family-relationships/last-minute-karwa-chauth-gift-ideas.html,karwa-chauth/first-karwa-chauth-gifts-couples-and-family-relationships/last-minute-karwa-chauth-gift-ideas.html,no,merged,/Users/prashantdhingra/e/a3_output/happydeepawali.org/output/content/karwa-chauth/first-karwa-chauth-gifts-couples-and-family-relationships/footer.fragment
karwa-chauth/first-karwa-chauth-gifts-couples-and-family-relationships/karwa-chauth-baya-gift-ideas.html,karwa-chauth/first-karwa-chauth-gifts-couples-and-family-relationships/karwa-chauth-baya-gift-ideas.html,no,merged,/Users/prashantdhingra/e/a3_output/happydeepawali.org/output/content/karwa-chauth/first-karwa-chauth-gifts-couples-and-family-relationships/footer.fragment
karwa-chauth/first-karwa-chauth-gifts-couples-and-family-relationships/first-karwa-chauth-complete-guide-for-newlyweds.html,karwa-chauth/first-karwa-chauth-gifts-couples-and-family-relationships/first-karwa-chauth-complete-guide-for-newlyweds.html,no,merged,/Users/prashantdhingra/e/a3_output/happydeepawali.org/output/content/karwa-chauth/first-karwa-chauth-gifts-couples-and-family-relationships/footer.fragment
karwa-chauth/first-karwa-chauth-gifts-couples-and-family-relationships/budget-friendly-karwa-chauth-gift-ideas.html,karwa-chauth/first-karwa-chauth-gifts-couples-and-family-relationships/budget-friendly-karwa-chauth-gift-ideas.html,no,merged,/Users/prashantdhingra/e/a3_output/happydeepawali.org/output/content/karwa-chauth/first-karwa-chauth-gifts-couples-and-family-relationships/footer.fragment
karwa-chauth/first-karwa-chauth-gifts-couples-and-family-relationships/first-karwa-chauth-gift-ideas-for-wife.html,karwa-chauth/first-karwa-chauth-gifts-couples-and-family-relationships/first-karwa-chauth-gift-ideas-for-wife.html,no,merged,/Users/prashantdhingra/e/a3_output/happydeepawali.org/output/content/karwa-chauth/first-karwa-chauth-gifts-couples-and-family-relationships/footer.fragment
karwa-chauth/first-karwa-chauth-gifts-couples-and-family-relationships/personalized-karwa-chauth-gift-ideas.html,karwa-chauth/first-karwa-chauth-gifts-couples-and-family-relationships/personalized-karwa-chauth-gift-ideas.html,no,merged,/Users/prashantdhingra/e/a3_output/happydeepawali.org/output/content/karwa-chauth/first-karwa-chauth-gifts-couples-and-family-relationships/footer.fragment
karwa-chauth/first-karwa-chauth-gifts-couples-and-family-relationships/mutual-karwa-chauth-how-couples-can-celebrate-together.html,karwa-chauth/first-karwa-chauth-gifts-couples-and-family-relationships/mutual-karwa-chauth-how-couples-can-celebrate-together.html,no,merged,/Users/prashantdhingra/e/a3_output/happydeepawali.org/output/content/karwa-chauth/first-karwa-chauth-gifts-couples-and-family-relationships/footer.fragment
karwa-chauth/first-karwa-chauth-gifts-couples-and-family-relationships/karwa-chauth-in-modern-marriages-tradition-choice-and-partnership.html,karwa-chauth/first-karwa-chauth-gifts-couples-and-family-relationships/karwa-chauth-in-modern-marriages-tradition-choice-and-partnership.html,no,merged,/Users/prashantdhingra/e/a3_output/happydeepawali.org/output/content/karwa-chauth/first-karwa-chauth-gifts-couples-and-family-relationships/footer.fragment
karwa-chauth/first-karwa-chauth-gifts-couples-and-family-relationships/first-karwa-chauth-celebration-ideas.html,karwa-chauth/first-karwa-chauth-gifts-couples-and-family-relationships/first-karwa-chauth-celebration-ideas.html,no,merged,/Users/prashantdhingra/e/a3_output/happydeepawali.org/output/content/karwa-chauth/first-karwa-chauth-gifts-couples-and-family-relationships/footer.fragment
karwa-chauth/first-karwa-chauth-gifts-couples-and-family-relationships/karwa-chauth-experience-gift-ideas-for-couples.html,karwa-chauth/first-karwa-chauth-gifts-couples-and-family-relationships/karwa-chauth-experience-gift-ideas-for-couples.html,no,merged,/Users/prashantdhingra/e/a3_output/happydeepawali.org/output/content/karwa-chauth/first-karwa-chauth-gifts-couples-and-family-relationships/footer.fragment
karwa-chauth/first-karwa-chauth-gifts-couples-and-family-relationships/how-families-can-support-someone-observing-karwa-chauth.html,karwa-chauth/first-karwa-chauth-gifts-couples-and-family-relationships/how-families-can-support-someone-observing-karwa-chauth.html,no,merged,/Users/prashantdhingra/e/a3_output/happydeepawali.org/output/content/karwa-chauth/first-karwa-chauth-gifts-couples-and-family-relationships/footer.fragment
karwa-chauth/first-karwa-chauth-gifts-couples-and-family-relationships/first-karwa-chauth-gift-ideas-for-husband.html,karwa-chauth/first-karwa-chauth-gifts-couples-and-family-relationships/first-karwa-chauth-gift-ideas-for-husband.html,no,merged,/Users/prashantdhingra/e/a3_output/happydeepawali.org/output/content/karwa-chauth/first-karwa-chauth-gifts-couples-and-family-relationships/footer.fragment
karwa-chauth/first-karwa-chauth-gifts-couples-and-family-relationships/karwa-chauth-for-long-distance-couples.html,karwa-chauth/first-karwa-chauth-gifts-couples-and-family-relationships/karwa-chauth-for-long-distance-couples.html,no,merged,/Users/prashantdhingra/e/a3_output/happydeepawali.org/output/content/karwa-chauth/first-karwa-chauth-gifts-couples-and-family-relationships/footer.fragment
karwa-chauth/sargi-fasting-rules-and-daytime-routine/karwa-chauth-sargi-thali-ideas.html,karwa-chauth/sargi-fasting-rules-and-daytime-routine/karwa-chauth-sargi-thali-ideas.html,no,merged,/Users/prashantdhingra/e/a3_output/happydeepawali.org/output/content/karwa-chauth/sargi-fasting-rules-and-daytime-routine/footer.fragment
karwa-chauth/sargi-fasting-rules-and-daytime-routine/index.html,karwa-chauth/sargi-fasting-rules-and-daytime-routine/index.html,no,merged,/Users/prashantdhingra/e/a3_output/happydeepawali.org/output/content/karwa-chauth/sargi-fasting-rules-and-daytime-routine/footer.fragment
karwa-chauth/sargi-fasting-rules-and-daytime-routine/who-gives-sargi-on-karwa-chauth.html,karwa-chauth/sargi-fasting-rules-and-daytime-routine/who-gives-sargi-on-karwa-chauth.html,no,merged,/Users/prashantdhingra/e/a3_output/happydeepawali.org/output/content/karwa-chauth/sargi-fasting-rules-and-daytime-routine/footer.fragment
karwa-chauth/sargi-fasting-rules-and-daytime-routine/karwa-chauth-morning-routine-from-sargi-to-sunrise.html,karwa-chauth/sargi-fasting-rules-and-daytime-routine/karwa-chauth-morning-routine-from-sargi-to-sunrise.html,no,merged,/Users/prashantdhingra/e/a3_output/happydeepawali.org/output/content/karwa-chauth/sargi-fasting-rules-and-daytime-routine/footer.fragment
karwa-chauth/sargi-fasting-rules-and-daytime-routine/karwa-chauth-fasting-traditions-across-different-families.html,karwa-chauth/sargi-fasting-rules-and-daytime-routine/karwa-chauth-fasting-traditions-across-different-families.html,no,merged,/Users/prashantdhingra/e/a3_output/happydeepawali.org/output/content/karwa-chauth/sargi-fasting-rules-and-daytime-routine/footer.fragment
karwa-chauth/sargi-fasting-rules-and-daytime-routine/sargi-for-karwa-chauth-meaning-tradition-and-complete-guide.html,karwa-chauth/sargi-fasting-rules-and-daytime-routine/sargi-for-karwa-chauth-meaning-tradition-and-complete-guide.html,no,merged,/Users/prashantdhingra/e/a3_output/happydeepawali.org/output/content/karwa-chauth/sargi-fasting-rules-and-daytime-routine/footer.fragment
karwa-chauth/sargi-fasting-rules-and-daytime-routine/what-time-should-sargi-be-eaten.html,karwa-chauth/sargi-fasting-rules-and-daytime-routine/what-time-should-sargi-be-eaten.html,no,merged,/Users/prashantdhingra/e/a3_output/happydeepawali.org/output/content/karwa-chauth/sargi-fasting-rules-and-daytime-routine/footer.fragment
karwa-chauth/sargi-fasting-rules-and-daytime-routine/mutual-fasting-on-karwa-chauth-how-some-modern-couples-celebrate.html,karwa-chauth/sargi-fasting-rules-and-daytime-routine/mutual-fasting-on-karwa-chauth-how-some-modern-couples-celebrate.html,no,merged,/Users/prashantdhingra/e/a3_output/happydeepawali.org/output/content/karwa-chauth/sargi-fasting-rules-and-daytime-routine/footer.fragment
karwa-chauth/sargi-fasting-rules-and-daytime-routine/karwa-chauth-fast-and-personal-well-being-practical-safety-considerations.html,karwa-chauth/sargi-fasting-rules-and-daytime-routine/karwa-chauth-fast-and-personal-well-being-practical-safety-considerations.html,no,merged,/Users/prashantdhingra/e/a3_output/happydeepawali.org/output/content/karwa-chauth/sargi-fasting-rules-and-daytime-routine/footer.fragment
karwa-chauth/sargi-fasting-rules-and-daytime-routine/what-should-be-included-in-a-karwa-chauth-sargi.html,karwa-chauth/sargi-fasting-rules-and-daytime-routine/what-should-be-included-in-a-karwa-chauth-sargi.html,no,merged,/Users/prashantdhingra/e/a3_output/happydeepawali.org/output/content/karwa-chauth/sargi-fasting-rules-and-daytime-routine/footer.fragment
karwa-chauth/sargi-fasting-rules-and-daytime-routine/karwa-chauth-fasting-for-first-time-observers.html,karwa-chauth/sargi-fasting-rules-and-daytime-routine/karwa-chauth-fasting-for-first-time-observers.html,no,merged,/Users/prashantdhingra/e/a3_output/happydeepawali.org/output/content/karwa-chauth/sargi-fasting-rules-and-daytime-routine/footer.fragment
karwa-chauth/sargi-fasting-rules-and-daytime-routine/karwa-chauth-daytime-routine-how-families-spend-the-day.html,karwa-chauth/sargi-fasting-rules-and-daytime-routine/karwa-chauth-daytime-routine-how-families-spend-the-day.html,no,merged,/Users/prashantdhingra/e/a3_output/happydeepawali.org/output/content/karwa-chauth/sargi-fasting-rules-and-daytime-routine/footer.fragment
karwa-chauth/sargi-fasting-rules-and-daytime-routine/karwa-chauth-fasting-while-working-practical-planning-ideas.html,karwa-chauth/sargi-fasting-rules-and-daytime-routine/karwa-chauth-fasting-while-working-practical-planning-ideas.html,no,merged,/Users/prashantdhingra/e/a3_output/happydeepawali.org/output/content/karwa-chauth/sargi-fasting-rules-and-daytime-routine/footer.fragment
karwa-chauth/sargi-fasting-rules-and-daytime-routine/karwa-chauth-fasting-faq-sargi-water-food-and-fast-breaking-traditions.html,karwa-chauth/sargi-fasting-rules-and-daytime-routine/karwa-chauth-fasting-faq-sargi-water-food-and-fast-breaking-traditions.html,no,merged,/Users/prashantdhingra/e/a3_output/happydeepawali.org/output/content/karwa-chauth/sargi-fasting-rules-and-daytime-routine/footer.fragment
karwa-chauth/sargi-fasting-rules-and-daytime-routine/can-karwa-chauth-be-observed-without-a-nirjala-fast.html,karwa-chauth/sargi-fasting-rules-and-daytime-routine/can-karwa-chauth-be-observed-without-a-nirjala-fast.html,no,merged,/Users/prashantdhingra/e/a3_output/happydeepawali.org/output/content/karwa-chauth/sargi-fasting-rules-and-daytime-routine/footer.fragment
karwa-chauth/sargi-fasting-rules-and-daytime-routine/what-to-do-if-you-cannot-complete-the-karwa-chauth-fast.html,karwa-chauth/sargi-fasting-rules-and-daytime-routine/what-to-do-if-you-cannot-complete-the-karwa-chauth-fast.html,no,merged,/Users/prashantdhingra/e/a3_output/happydeepawali.org/output/content/karwa-chauth/sargi-fasting-rules-and-daytime-routine/footer.fragment
karwa-chauth/sargi-fasting-rules-and-daytime-routine/karwa-chauth-for-older-adults-adapting-family-traditions-thoughtfully.html,karwa-chauth/sargi-fasting-rules-and-daytime-routine/karwa-chauth-for-older-adults-adapting-family-traditions-thoughtfully.html,no,merged,/Users/prashantdhingra/e/a3_output/happydeepawali.org/output/content/karwa-chauth/sargi-fasting-rules-and-daytime-routine/footer.fragment
karwa-chauth/sargi-fasting-rules-and-daytime-routine/nirjala-karwa-chauth-fast-meaning-and-traditional-practice.html,karwa-chauth/sargi-fasting-rules-and-daytime-routine/nirjala-karwa-chauth-fast-meaning-and-traditional-practice.html,no,merged,/Users/prashantdhingra/e/a3_output/happydeepawali.org/output/content/karwa-chauth/sargi-fasting-rules-and-daytime-routine/footer.fragment
karwa-chauth/sargi-fasting-rules-and-daytime-routine/karwa-chauth-fasting-rules-traditional-practices-explained.html,karwa-chauth/sargi-fasting-rules-and-daytime-routine/karwa-chauth-fasting-rules-traditional-practices-explained.html,no,merged,/Users/prashantdhingra/e/a3_output/happydeepawali.org/output/content/karwa-chauth/sargi-fasting-rules-and-daytime-routine/footer.fragment
karwa-chauth/sargi-fasting-rules-and-daytime-routine/karwa-chauth-for-pregnant-or-nursing-women-discussing-traditions-safely.html,karwa-chauth/sargi-fasting-rules-and-daytime-routine/karwa-chauth-for-pregnant-or-nursing-women-discussing-traditions-safely.html,no,merged,/Users/prashantdhingra/e/a3_output/happydeepawali.org/output/content/karwa-chauth/sargi-fasting-rules-and-daytime-routine/footer.fragment
karwa-chauth/sargi-fasting-rules-and-daytime-routine/what-can-be-done-during-the-karwa-chauth-fast.html,karwa-chauth/sargi-fasting-rules-and-daytime-routine/what-can-be-done-during-the-karwa-chauth-fast.html,no,merged,/Users/prashantdhingra/e/a3_output/happydeepawali.org/output/content/karwa-chauth/sargi-fasting-rules-and-daytime-routine/footer.fragment
golu/golu-guide.html,golu/golu-guide.html,no,merged,/Users/prashantdhingra/e/a3_output/happydeepawali.org/output/content/golu/footer.fragment
golu/index.htm.bak.html,golu/index.htm.bak.html,no,merged,/Users/prashantdhingra/e/a3_output/happydeepawali.org/output/content/golu/footer.fragment
golu/index.html,golu/index.html,no,merged,/Users/prashantdhingra/e/a3_output/happydeepawali.org/output/content/golu/footer.fragment
golu/image-gallery.html,golu/image-gallery.html,no,merged,/Users/prashantdhingra/e/a3_output/happydeepawali.org/output/content/golu/footer.fragment
golu/guides-faq/golu-myths-vs-family-customs-what-is-actually-required.html,golu/guides-faq/golu-myths-vs-family-customs-what-is-actually-required.html,no,merged,/Users/prashantdhingra/e/a3_output/happydeepawali.org/output/content/golu/guides-faq/footer.fragment
golu/guides-faq/how-to-build-a-family-golu-tradition-from-scratch.html,golu/guides-faq/how-to-build-a-family-golu-tradition-from-scratch.html,no,merged,/Users/prashantdhingra/e/a3_output/happydeepawali.org/output/content/golu/guides-faq/footer.fragment
golu/guides-faq/stories-behind-the-most-popular-golu-dolls.html,golu/guides-faq/stories-behind-the-most-popular-golu-dolls.html,no,merged,/Users/prashantdhingra/e/a3_output/happydeepawali.org/output/content/golu/guides-faq/footer.fragment
golu/guides-faq/index.html,golu/guides-faq/index.html,no,merged,/Users/prashantdhingra/e/a3_output/happydeepawali.org/output/content/golu/guides-faq/footer.fragment
golu/guides-faq/can-you-keep-golu-for-fewer-than-nine-days.html,golu/guides-faq/can-you-keep-golu-for-fewer-than-nine-days.html,no,merged,/Users/prashantdhingra/e/a3_output/happydeepawali.org/output/content/golu/guides-faq/footer.fragment
golu/guides-faq/why-are-marapachi-dolls-passed-from-one-generation-to-another.html,golu/guides-faq/why-are-marapachi-dolls-passed-from-one-generation-to-another.html,no,merged,/Users/prashantdhingra/e/a3_output/happydeepawali.org/output/content/golu/guides-faq/footer.fragment
golu/guides-faq/why-are-golu-steps-odd-in-number-traditional-explanations.html,golu/guides-faq/why-are-golu-steps-odd-in-number-traditional-explanations.html,no,merged,/Users/prashantdhingra/e/a3_output/happydeepawali.org/output/content/golu/guides-faq/footer.fragment
golu/guides-faq/can-you-celebrate-golu-without-traditional-dolls.html,golu/guides-faq/can-you-celebrate-golu-without-traditional-dolls.html,no,merged,/Users/prashantdhingra/e/a3_output/happydeepawali.org/output/content/golu/guides-faq/footer.fragment
golu/guides-faq/how-golu-helps-preserve-traditional-arts-and-crafts.html,golu/guides-faq/how-golu-helps-preserve-traditional-arts-and-crafts.html,no,merged,/Users/prashantdhingra/e/a3_output/happydeepawali.org/output/content/golu/guides-faq/footer.fragment
golu/guides-faq/what-do-animals-and-birds-symbolize-in-golu-displays.html,golu/guides-faq/what-do-animals-and-birds-symbolize-in-golu-displays.html,no,merged,/Users/prashantdhingra/e/a3_output/happydeepawali.org/output/content/golu/guides-faq/footer.fragment
golu/guides-faq/what-should-you-do-with-broken-golu-dolls.html,golu/guides-faq/what-should-you-do-with-broken-golu-dolls.html,no,merged,/Users/prashantdhingra/e/a3_output/happydeepawali.org/output/content/golu/guides-faq/footer.fragment
golu/guides-faq/common-golu-rules-tradition-flexibility-and-family-practice.html,golu/guides-faq/common-golu-rules-tradition-flexibility-and-family-practice.html,no,merged,/Users/prashantdhingra/e/a3_output/happydeepawali.org/output/content/golu/guides-faq/footer.fragment
golu/guides-faq/can-you-add-new-dolls-to-golu-every-year.html,golu/guides-faq/can-you-add-new-dolls-to-golu-every-year.html,no,merged,/Users/prashantdhingra/e/a3_output/happydeepawali.org/output/content/golu/guides-faq/footer.fragment
golu/guides-faq/how-to-teach-hindu-stories-through-a-golu-display.html,golu/guides-faq/how-to-teach-hindu-stories-through-a-golu-display.html,no,merged,/Users/prashantdhingra/e/a3_output/happydeepawali.org/output/content/golu/guides-faq/footer.fragment
golu/guides-faq/10-common-golu-mistakes-and-how-to-avoid-them.html,golu/guides-faq/10-common-golu-mistakes-and-how-to-avoid-them.html,no,merged,/Users/prashantdhingra/e/a3_output/happydeepawali.org/output/content/golu/guides-faq/footer.fragment
golu/guides-faq/how-to-explain-golu-to-children.html,golu/guides-faq/how-to-explain-golu-to-children.html,no,merged,/Users/prashantdhingra/e/a3_output/happydeepawali.org/output/content/golu/guides-faq/footer.fragment
golu/guides-faq/the-complete-golu-guide-meaning-setup-rituals-food-and-traditions.html,golu/guides-faq/the-complete-golu-guide-meaning-setup-rituals-food-and-traditions.html,no,merged,/Users/prashantdhingra/e/a3_output/happydeepawali.org/output/content/golu/guides-faq/footer.fragment
golu/guides-faq/can-golu-be-set-up-in-a-small-home.html,golu/guides-faq/can-golu-be-set-up-in-a-small-home.html,no,merged,/Users/prashantdhingra/e/a3_output/happydeepawali.org/output/content/golu/guides-faq/footer.fragment
golu/guides-faq/can-beginners-celebrate-golu-a-practical-guide.html,golu/guides-faq/can-beginners-celebrate-golu-a-practical-guide.html,no,merged,/Users/prashantdhingra/e/a3_output/happydeepawali.org/output/content/golu/guides-faq/footer.fragment
golu/guides-faq/what-do-village-scenes-in-golu-represent.html,golu/guides-faq/what-do-village-scenes-in-golu-represent.html,no,merged,/Users/prashantdhingra/e/a3_output/happydeepawali.org/output/content/golu/guides-faq/footer.fragment
golu/guides-faq/why-are-social-visits-important-during-golu.html,golu/guides-faq/why-are-social-visits-important-during-golu.html,no,merged,/Users/prashantdhingra/e/a3_output/happydeepawali.org/output/content/golu/guides-faq/footer.fragment
golu/dolls-displays/traditional-wedding-sets-in-golu.html,golu/dolls-displays/traditional-wedding-sets-in-golu.html,no,merged,/Users/prashantdhingra/e/a3_output/happydeepawali.org/output/content/golu/dolls-displays/footer.fragment
golu/dolls-displays/krishna-leela-golu-ideas-and-story-scenes.html,golu/dolls-displays/krishna-leela-golu-ideas-and-story-scenes.html,no,merged,/Users/prashantdhingra/e/a3_output/happydeepawali.org/output/content/golu/dolls-displays/footer.fragment
golu/dolls-displays/chettiar-and-chettichi-dolls-in-golu-meaning-and-setup.html,golu/dolls-displays/chettiar-and-chettichi-dolls-in-golu-meaning-and-setup.html,no,merged,/Users/prashantdhingra/e/a3_output/happydeepawali.org/output/content/golu/dolls-displays/footer.fragment
golu/dolls-displays/how-to-care-for-antique-and-heirloom-golu-dolls.html,golu/dolls-displays/how-to-care-for-antique-and-heirloom-golu-dolls.html,no,merged,/Users/prashantdhingra/e/a3_output/happydeepawali.org/output/content/golu/dolls-displays/footer.fragment
golu/dolls-displays/index.html,golu/dolls-displays/index.html,no,merged,/Users/prashantdhingra/e/a3_output/happydeepawali.org/output/content/golu/dolls-displays/footer.fragment
golu/dolls-displays/how-golu-dolls-are-made-traditional-craftsmanship.html,golu/dolls-displays/how-golu-dolls-are-made-traditional-craftsmanship.html,no,merged,/Users/prashantdhingra/e/a3_output/happydeepawali.org/output/content/golu/dolls-displays/footer.fragment
golu/dolls-displays/saraswati-dolls-and-learning-themes-for-navaratri.html,golu/dolls-displays/saraswati-dolls-and-learning-themes-for-navaratri.html,no,merged,/Users/prashantdhingra/e/a3_output/happydeepawali.org/output/content/golu/dolls-displays/footer.fragment
golu/dolls-displays/lakshmi-dolls-and-prosperity-themes-for-golu.html,golu/dolls-displays/lakshmi-dolls-and-prosperity-themes-for-golu.html,no,merged,/Users/prashantdhingra/e/a3_output/happydeepawali.org/output/content/golu/dolls-displays/footer.fragment
golu/dolls-displays/animal-figurines-in-golu-and-what-they-represent.html,golu/dolls-displays/animal-figurines-in-golu-and-what-they-represent.html,no,merged,/Users/prashantdhingra/e/a3_output/happydeepawali.org/output/content/golu/dolls-displays/footer.fragment
golu/dolls-displays/how-to-build-a-traditional-south-indian-golu-collection.html,golu/dolls-displays/how-to-build-a-traditional-south-indian-golu-collection.html,no,merged,/Users/prashantdhingra/e/a3_output/happydeepawali.org/output/content/golu/dolls-displays/footer.fragment
golu/dolls-displays/durga-forms-and-devi-sets-for-golu.html,golu/dolls-displays/durga-forms-and-devi-sets-for-golu.html,no,merged,/Users/prashantdhingra/e/a3_output/happydeepawali.org/output/content/golu/dolls-displays/footer.fragment
golu/dolls-displays/handmade-clay-dolls-vs-modern-golu-dolls.html,golu/dolls-displays/handmade-clay-dolls-vs-modern-golu-dolls.html,no,merged,/Users/prashantdhingra/e/a3_output/happydeepawali.org/output/content/golu/dolls-displays/footer.fragment
golu/dolls-displays/raja-rani-dolls-and-royal-court-scenes-in-golu.html,golu/dolls-displays/raja-rani-dolls-and-royal-court-scenes-in-golu.html,no,merged,/Users/prashantdhingra/e/a3_output/happydeepawali.org/output/content/golu/dolls-displays/footer.fragment
golu/dolls-displays/marapachi-dolls-meaning-tradition-and-placement-in-golu.html,golu/dolls-displays/marapachi-dolls-meaning-tradition-and-placement-in-golu.html,no,merged,/Users/prashantdhingra/e/a3_output/happydeepawali.org/output/content/golu/dolls-displays/footer.fragment
golu/dolls-displays/saints-and-acharyas-commonly-featured-in-golu.html,golu/dolls-displays/saints-and-acharyas-commonly-featured-in-golu.html,no,merged,/Users/prashantdhingra/e/a3_output/happydeepawali.org/output/content/golu/dolls-displays/footer.fragment
golu/dolls-displays/shiva-and-parvati-golu-displays-and-their-symbolism.html,golu/dolls-displays/shiva-and-parvati-golu-displays-and-their-symbolism.html,no,merged,/Users/prashantdhingra/e/a3_output/happydeepawali.org/output/content/golu/dolls-displays/footer.fragment
golu/dolls-displays/temple-themed-golu-displays.html,golu/dolls-displays/temple-themed-golu-displays.html,no,merged,/Users/prashantdhingra/e/a3_output/happydeepawali.org/output/content/golu/dolls-displays/footer.fragment
golu/dolls-displays/dashavatara-golu-sets-the-ten-avatars-of-vishnu.html,golu/dolls-displays/dashavatara-golu-sets-the-ten-avatars-of-vishnu.html,no,merged,/Users/prashantdhingra/e/a3_output/happydeepawali.org/output/content/golu/dolls-displays/footer.fragment
golu/dolls-displays/village-life-golu-displays-and-their-cultural-meaning.html,golu/dolls-displays/village-life-golu-displays-and-their-cultural-meaning.html,no,merged,/Users/prashantdhingra/e/a3_output/happydeepawali.org/output/content/golu/dolls-displays/footer.fragment
golu/dolls-displays/ramayana-scenes-to-create-in-your-golu.html,golu/dolls-displays/ramayana-scenes-to-create-in-your-golu.html,no,merged,/Users/prashantdhingra/e/a3_output/happydeepawali.org/output/content/golu/dolls-displays/footer.fragment
golu/dolls-displays/essential-dolls-for-a-traditional-golu-collection.html,golu/dolls-displays/essential-dolls-for-a-traditional-golu-collection.html,no,merged,/Users/prashantdhingra/e/a3_output/happydeepawali.org/output/content/golu/dolls-displays/footer.fragment
golu/setup/how-to-cover-and-decorate-golu-steps.html,golu/setup/how-to-cover-and-decorate-golu-steps.html,no,merged,/Users/prashantdhingra/e/a3_output/happydeepawali.org/output/content/golu/setup/footer.fragment
golu/setup/how-to-arrange-gods-saints-people-and-animals-in-golu.html,golu/setup/how-to-arrange-gods-saints-people-and-animals-in-golu.html,no,merged,/Users/prashantdhingra/e/a3_output/happydeepawali.org/output/content/golu/setup/footer.fragment
golu/setup/how-to-create-a-5-step-golu-display.html,golu/setup/how-to-create-a-5-step-golu-display.html,no,merged,/Users/prashantdhingra/e/a3_output/happydeepawali.org/output/content/golu/setup/footer.fragment
golu/setup/index.html,golu/setup/index.html,no,merged,/Users/prashantdhingra/e/a3_output/happydeepawali.org/output/content/golu/setup/footer.fragment
golu/setup/simple-golu-setup-for-first-time-families.html,golu/setup/simple-golu-setup-for-first-time-families.html,no,merged,/Users/prashantdhingra/e/a3_output/happydeepawali.org/output/content/golu/setup/footer.fragment
golu/setup/how-to-pack-and-store-golu-dolls-after-navaratri.html,golu/setup/how-to-pack-and-store-golu-dolls-after-navaratri.html,no,merged,/Users/prashantdhingra/e/a3_output/happydeepawali.org/output/content/golu/setup/footer.fragment
golu/setup/how-to-set-up-golu-at-home-step-by-step-guide.html,golu/setup/how-to-set-up-golu-at-home-step-by-step-guide.html,no,merged,/Users/prashantdhingra/e/a3_output/happydeepawali.org/output/content/golu/setup/footer.fragment
golu/setup/where-should-you-place-golu-in-the-house.html,golu/setup/where-should-you-place-golu-in-the-house.html,no,merged,/Users/prashantdhingra/e/a3_output/happydeepawali.org/output/content/golu/setup/footer.fragment
golu/setup/how-to-create-a-7-step-golu-display.html,golu/setup/how-to-create-a-7-step-golu-display.html,no,merged,/Users/prashantdhingra/e/a3_output/happydeepawali.org/output/content/golu/setup/footer.fragment
golu/setup/how-to-set-up-golu-in-a-small-apartment.html,golu/setup/how-to-set-up-golu-in-a-small-apartment.html,no,merged,/Users/prashantdhingra/e/a3_output/happydeepawali.org/output/content/golu/setup/footer.fragment
golu/setup/which-direction-should-golu-face.html,golu/setup/which-direction-should-golu-face.html,no,merged,/Users/prashantdhingra/e/a3_output/happydeepawali.org/output/content/golu/setup/footer.fragment
golu/setup/why-are-golu-steps-usually-odd-in-number.html,golu/setup/why-are-golu-steps-usually-odd-in-number.html,no,merged,/Users/prashantdhingra/e/a3_output/happydeepawali.org/output/content/golu/setup/footer.fragment
golu/setup/how-to-create-a-9-step-golu-display.html,golu/setup/how-to-create-a-9-step-golu-display.html,no,merged,/Users/prashantdhingra/e/a3_output/happydeepawali.org/output/content/golu/setup/footer.fragment
golu/setup/how-to-create-a-3-step-golu-display.html,golu/setup/how-to-create-a-3-step-golu-display.html,no,merged,/Users/prashantdhingra/e/a3_output/happydeepawali.org/output/content/golu/setup/footer.fragment
golu/setup/how-to-protect-golu-dolls-from-falling-or-breaking.html,golu/setup/how-to-protect-golu-dolls-from-falling-or-breaking.html,no,merged,/Users/prashantdhingra/e/a3_output/happydeepawali.org/output/content/golu/setup/footer.fragment
golu/setup/lighting-ideas-for-a-safe-and-beautiful-golu-display.html,golu/setup/lighting-ideas-for-a-safe-and-beautiful-golu-display.html,no,merged,/Users/prashantdhingra/e/a3_output/happydeepawali.org/output/content/golu/setup/footer.fragment
golu/setup/how-many-steps-should-a-golu-have.html,golu/setup/how-many-steps-should-a-golu-have.html,no,merged,/Users/prashantdhingra/e/a3_output/happydeepawali.org/output/content/golu/setup/footer.fragment
golu/setup/how-to-arrange-golu-dolls-by-level.html,golu/setup/how-to-arrange-golu-dolls-by-level.html,no,merged,/Users/prashantdhingra/e/a3_output/happydeepawali.org/output/content/golu/setup/footer.fragment
golu/setup/golu-setup-checklist-what-to-prepare-before-navaratri.html,golu/setup/golu-setup-checklist-what-to-prepare-before-navaratri.html,no,merged,/Users/prashantdhingra/e/a3_output/happydeepawali.org/output/content/golu/setup/footer.fragment
golu/setup/how-to-build-safe-and-stable-golu-steps.html,golu/setup/how-to-build-safe-and-stable-golu-steps.html,no,merged,/Users/prashantdhingra/e/a3_output/happydeepawali.org/output/content/golu/setup/footer.fragment
golu/setup/where-to-place-the-kalash-in-a-golu-display.html,golu/setup/where-to-place-the-kalash-in-a-golu-display.html,no,merged,/Users/prashantdhingra/e/a3_output/happydeepawali.org/output/content/golu/setup/footer.fragment
golu/regional-traditions/a-guide-to-south-india-s-navaratri-doll-traditions.html,golu/regional-traditions/a-guide-to-south-india-s-navaratri-doll-traditions.html,no,merged,/Users/prashantdhingra/e/a3_output/happydeepawali.org/output/content/golu/regional-traditions/footer.fragment
golu/regional-traditions/karnataka-bombe-habba-traditions-explained.html,golu/regional-traditions/karnataka-bombe-habba-traditions-explained.html,no,merged,/Users/prashantdhingra/e/a3_output/happydeepawali.org/output/content/golu/regional-traditions/footer.fragment
golu/regional-traditions/mysuru-bombe-habba-and-karnataka-doll-traditions.html,golu/regional-traditions/mysuru-bombe-habba-and-karnataka-doll-traditions.html,no,merged,/Users/prashantdhingra/e/a3_output/happydeepawali.org/output/content/golu/regional-traditions/footer.fragment
golu/regional-traditions/how-golu-traditions-differ-from-family-to-family.html,golu/regional-traditions/how-golu-traditions-differ-from-family-to-family.html,no,merged,/Users/prashantdhingra/e/a3_output/happydeepawali.org/output/content/golu/regional-traditions/footer.fragment
golu/regional-traditions/index.html,golu/regional-traditions/index.html,no,merged,/Users/prashantdhingra/e/a3_output/happydeepawali.org/output/content/golu/regional-traditions/footer.fragment
golu/regional-traditions/regional-styles-of-golu-dolls-in-south-india.html,golu/regional-traditions/regional-styles-of-golu-dolls-in-south-india.html,no,merged,/Users/prashantdhingra/e/a3_output/happydeepawali.org/output/content/golu/regional-traditions/footer.fragment
golu/regional-traditions/golu-traditions-in-tamil-brahmin-households.html,golu/regional-traditions/golu-traditions-in-tamil-brahmin-households.html,no,merged,/Users/prashantdhingra/e/a3_output/happydeepawali.org/output/content/golu/regional-traditions/footer.fragment
golu/regional-traditions/bommala-koluvu-vs-golu-what-is-different.html,golu/regional-traditions/bommala-koluvu-vs-golu-what-is-different.html,no,merged,/Users/prashantdhingra/e/a3_output/happydeepawali.org/output/content/golu/regional-traditions/footer.fragment
golu/regional-traditions/telangana-bommala-koluvu-and-navaratri-customs.html,golu/regional-traditions/telangana-bommala-koluvu-and-navaratri-customs.html,no,merged,/Users/prashantdhingra/e/a3_output/happydeepawali.org/output/content/golu/regional-traditions/footer.fragment
golu/regional-traditions/how-indian-families-celebrate-golu-in-the-uk.html,golu/regional-traditions/how-indian-families-celebrate-golu-in-the-uk.html,no,merged,/Users/prashantdhingra/e/a3_output/happydeepawali.org/output/content/golu/regional-traditions/footer.fragment
golu/regional-traditions/iyer-and-iyengar-family-golu-traditions-similarities-and-variations.html,golu/regional-traditions/iyer-and-iyengar-family-golu-traditions-similarities-and-variations.html,no,merged,/Users/prashantdhingra/e/a3_output/happydeepawali.org/output/content/golu/regional-traditions/footer.fragment
golu/regional-traditions/golu-in-temples-and-community-halls.html,golu/regional-traditions/golu-in-temples-and-community-halls.html,no,merged,/Users/prashantdhingra/e/a3_output/happydeepawali.org/output/content/golu/regional-traditions/footer.fragment
golu/regional-traditions/tamil-nadu-bommai-golu-traditions-explained.html,golu/regional-traditions/tamil-nadu-bommai-golu-traditions-explained.html,no,merged,/Users/prashantdhingra/e/a3_output/happydeepawali.org/output/content/golu/regional-traditions/footer.fragment
golu/regional-traditions/chettinad-golu-traditions-and-doll-collections.html,golu/regional-traditions/chettinad-golu-traditions-and-doll-collections.html,no,merged,/Users/prashantdhingra/e/a3_output/happydeepawali.org/output/content/golu/regional-traditions/footer.fragment
golu/regional-traditions/how-regional-foods-change-during-golu-celebrations.html,golu/regional-traditions/how-regional-foods-change-during-golu-celebrations.html,no,merged,/Users/prashantdhingra/e/a3_output/happydeepawali.org/output/content/golu/regional-traditions/footer.fragment
golu/regional-traditions/navaratri-golu-celebrations-in-the-united-states.html,golu/regional-traditions/navaratri-golu-celebrations-in-the-united-states.html,no,merged,/Users/prashantdhingra/e/a3_output/happydeepawali.org/output/content/golu/regional-traditions/footer.fragment
golu/regional-traditions/bombe-habba-vs-bommai-golu-regional-similarities-and-differences.html,golu/regional-traditions/bombe-habba-vs-bommai-golu-regional-similarities-and-differences.html,no,merged,/Users/prashantdhingra/e/a3_output/happydeepawali.org/output/content/golu/regional-traditions/footer.fragment
golu/regional-traditions/andhra-pradesh-bommala-koluvu-traditions.html,golu/regional-traditions/andhra-pradesh-bommala-koluvu-traditions.html,no,merged,/Users/prashantdhingra/e/a3_output/happydeepawali.org/output/content/golu/regional-traditions/footer.fragment
golu/regional-traditions/how-golu-is-celebrated-in-chennai-homes.html,golu/regional-traditions/how-golu-is-celebrated-in-chennai-homes.html,no,merged,/Users/prashantdhingra/e/a3_output/happydeepawali.org/output/content/golu/regional-traditions/footer.fragment
golu/regional-traditions/golu-traditions-in-singapore-and-malaysia.html,golu/regional-traditions/golu-traditions-in-singapore-and-malaysia.html,no,merged,/Users/prashantdhingra/e/a3_output/happydeepawali.org/output/content/golu/regional-traditions/footer.fragment
golu/regional-traditions/golu-in-the-indian-diaspora-keeping-traditions-alive.html,golu/regional-traditions/golu-in-the-indian-diaspora-keeping-traditions-alive.html,no,merged,/Users/prashantdhingra/e/a3_output/happydeepawali.org/output/content/golu/regional-traditions/footer.fragment
golu/food-sundal/golu-prasadam-etiquette-offering-serving-and-sharing.html,golu/food-sundal/golu-prasadam-etiquette-offering-serving-and-sharing.html,no,merged,/Users/prashantdhingra/e/a3_output/happydeepawali.org/output/content/golu/food-sundal/footer.fragment
golu/food-sundal/traditional-chickpea-sundal-recipe-for-golu.html,golu/food-sundal/traditional-chickpea-sundal-recipe-for-golu.html,no,merged,/Users/prashantdhingra/e/a3_output/happydeepawali.org/output/content/golu/food-sundal/footer.fragment
golu/food-sundal/healthy-sundal-variations-for-modern-families.html,golu/food-sundal/healthy-sundal-variations-for-modern-families.html,no,merged,/Users/prashantdhingra/e/a3_output/happydeepawali.org/output/content/golu/food-sundal/footer.fragment
golu/food-sundal/green-gram-sundal-recipe-for-navaratri.html,golu/food-sundal/green-gram-sundal-recipe-for-navaratri.html,no,merged,/Users/prashantdhingra/e/a3_output/happydeepawali.org/output/content/golu/food-sundal/footer.fragment
golu/food-sundal/index.html,golu/food-sundal/index.html,no,merged,/Users/prashantdhingra/e/a3_output/happydeepawali.org/output/content/golu/food-sundal/footer.fragment
golu/food-sundal/sweet-corn-sundal-recipe.html,golu/food-sundal/sweet-corn-sundal-recipe.html,no,merged,/Users/prashantdhingra/e/a3_output/happydeepawali.org/output/content/golu/food-sundal/footer.fragment
golu/food-sundal/quick-golu-snacks-for-unexpected-guests.html,golu/food-sundal/quick-golu-snacks-for-unexpected-guests.html,no,merged,/Users/prashantdhingra/e/a3_output/happydeepawali.org/output/content/golu/food-sundal/footer.fragment
golu/food-sundal/black-chickpea-sundal-recipe.html,golu/food-sundal/black-chickpea-sundal-recipe.html,no,merged,/Users/prashantdhingra/e/a3_output/happydeepawali.org/output/content/golu/food-sundal/footer.fragment
golu/food-sundal/how-to-plan-food-for-a-large-golu-gathering.html,golu/food-sundal/how-to-plan-food-for-a-large-golu-gathering.html,no,merged,/Users/prashantdhingra/e/a3_output/happydeepawali.org/output/content/golu/food-sundal/footer.fragment
golu/food-sundal/kid-friendly-sundal-and-navaratri-snack-ideas.html,golu/food-sundal/kid-friendly-sundal-and-navaratri-snack-ideas.html,no,merged,/Users/prashantdhingra/e/a3_output/happydeepawali.org/output/content/golu/food-sundal/footer.fragment
golu/food-sundal/peanut-sundal-recipe-for-golu.html,golu/food-sundal/peanut-sundal-recipe-for-golu.html,no,merged,/Users/prashantdhingra/e/a3_output/happydeepawali.org/output/content/golu/food-sundal/footer.fragment
golu/food-sundal/easy-prasadam-ideas-for-nine-days-of-navaratri.html,golu/food-sundal/easy-prasadam-ideas-for-nine-days-of-navaratri.html,no,merged,/Users/prashantdhingra/e/a3_output/happydeepawali.org/output/content/golu/food-sundal/footer.fragment
golu/food-sundal/nine-days-of-sundal-a-navaratri-menu-plan.html,golu/food-sundal/nine-days-of-sundal-a-navaratri-menu-plan.html,no,merged,/Users/prashantdhingra/e/a3_output/happydeepawali.org/output/content/golu/food-sundal/footer.fragment
golu/food-sundal/what-food-can-you-offer-as-naivedyam-during-golu.html,golu/food-sundal/what-food-can-you-offer-as-naivedyam-during-golu.html,no,merged,/Users/prashantdhingra/e/a3_output/happydeepawali.org/output/content/golu/food-sundal/footer.fragment
golu/food-sundal/mixed-lentil-sundal-recipe.html,golu/food-sundal/mixed-lentil-sundal-recipe.html,no,merged,/Users/prashantdhingra/e/a3_output/happydeepawali.org/output/content/golu/food-sundal/footer.fragment
golu/food-sundal/cowpea-sundal-recipe-for-navaratri.html,golu/food-sundal/cowpea-sundal-recipe-for-navaratri.html,no,merged,/Users/prashantdhingra/e/a3_output/happydeepawali.org/output/content/golu/food-sundal/footer.fragment
golu/food-sundal/no-onion-no-garlic-golu-snack-ideas.html,golu/food-sundal/no-onion-no-garlic-golu-snack-ideas.html,no,merged,/Users/prashantdhingra/e/a3_output/happydeepawali.org/output/content/golu/food-sundal/footer.fragment
golu/food-sundal/golu-food-traditions-across-tamil-nadu-and-karnataka.html,golu/food-sundal/golu-food-traditions-across-tamil-nadu-and-karnataka.html,no,merged,/Users/prashantdhingra/e/a3_output/happydeepawali.org/output/content/golu/food-sundal/footer.fragment
golu/food-sundal/why-is-sundal-served-during-golu.html,golu/food-sundal/why-is-sundal-served-during-golu.html,no,merged,/Users/prashantdhingra/e/a3_output/happydeepawali.org/output/content/golu/food-sundal/footer.fragment
golu/food-sundal/white-peas-sundal-recipe.html,golu/food-sundal/white-peas-sundal-recipe.html,no,merged,/Users/prashantdhingra/e/a3_output/happydeepawali.org/output/content/golu/food-sundal/footer.fragment
golu/food-sundal/traditional-sweets-to-serve-during-golu.html,golu/food-sundal/traditional-sweets-to-serve-during-golu.html,no,merged,/Users/prashantdhingra/e/a3_output/happydeepawali.org/output/content/golu/food-sundal/footer.fragment
golu/invitations-gifts/golu-invitation-ideas-for-families-living-abroad.html,golu/invitations-gifts/golu-invitation-ideas-for-families-living-abroad.html,no,merged,/Users/prashantdhingra/e/a3_output/happydeepawali.org/output/content/golu/invitations-gifts/footer.fragment
golu/invitations-gifts/golu-invitation-wording-in-english.html,golu/invitations-gifts/golu-invitation-wording-in-english.html,no,merged,/Users/prashantdhingra/e/a3_output/happydeepawali.org/output/content/golu/invitations-gifts/footer.fragment
golu/invitations-gifts/golu-visiting-etiquette-for-guests.html,golu/invitations-gifts/golu-visiting-etiquette-for-guests.html,no,merged,/Users/prashantdhingra/e/a3_output/happydeepawali.org/output/content/golu/invitations-gifts/footer.fragment
golu/invitations-gifts/index.html,golu/invitations-gifts/index.html,no,merged,/Users/prashantdhingra/e/a3_output/happydeepawali.org/output/content/golu/invitations-gifts/footer.fragment
golu/invitations-gifts/modern-whatsapp-golu-invitation-messages.html,golu/invitations-gifts/modern-whatsapp-golu-invitation-messages.html,no,merged,/Users/prashantdhingra/e/a3_output/happydeepawali.org/output/content/golu/invitations-gifts/footer.fragment
golu/invitations-gifts/handmade-golu-return-gift-ideas.html,golu/invitations-gifts/handmade-golu-return-gift-ideas.html,no,merged,/Users/prashantdhingra/e/a3_output/happydeepawali.org/output/content/golu/invitations-gifts/footer.fragment
golu/invitations-gifts/golu-return-gift-ideas-for-children.html,golu/invitations-gifts/golu-return-gift-ideas-for-children.html,no,merged,/Users/prashantdhingra/e/a3_output/happydeepawali.org/output/content/golu/invitations-gifts/footer.fragment
golu/invitations-gifts/how-to-organize-a-golu-gathering-at-home.html,golu/invitations-gifts/how-to-organize-a-golu-gathering-at-home.html,no,merged,/Users/prashantdhingra/e/a3_output/happydeepawali.org/output/content/golu/invitations-gifts/footer.fragment
golu/invitations-gifts/traditional-golu-invitation-message-ideas.html,golu/invitations-gifts/traditional-golu-invitation-message-ideas.html,no,merged,/Users/prashantdhingra/e/a3_output/happydeepawali.org/output/content/golu/invitations-gifts/footer.fragment
golu/invitations-gifts/golu-host-checklist-invitations-food-gifts-and-puja.html,golu/invitations-gifts/golu-host-checklist-invitations-food-gifts-and-puja.html,no,merged,/Users/prashantdhingra/e/a3_output/happydeepawali.org/output/content/golu/invitations-gifts/footer.fragment
golu/invitations-gifts/what-should-you-take-when-visiting-a-golu.html,golu/invitations-gifts/what-should-you-take-when-visiting-a-golu.html,no,merged,/Users/prashantdhingra/e/a3_output/happydeepawali.org/output/content/golu/invitations-gifts/footer.fragment
golu/invitations-gifts/virtual-golu-ideas-for-friends-and-family-abroad.html,golu/invitations-gifts/virtual-golu-ideas-for-friends-and-family-abroad.html,no,merged,/Users/prashantdhingra/e/a3_output/happydeepawali.org/output/content/golu/invitations-gifts/footer.fragment
golu/invitations-gifts/how-children-can-participate-in-golu-visits.html,golu/invitations-gifts/how-children-can-participate-in-golu-visits.html,no,merged,/Users/prashantdhingra/e/a3_output/happydeepawali.org/output/content/golu/invitations-gifts/footer.fragment
golu/invitations-gifts/eco-friendly-return-gifts-for-golu.html,golu/invitations-gifts/eco-friendly-return-gifts-for-golu.html,no,merged,/Users/prashantdhingra/e/a3_output/happydeepawali.org/output/content/golu/invitations-gifts/footer.fragment
golu/invitations-gifts/budget-friendly-golu-return-gifts.html,golu/invitations-gifts/budget-friendly-golu-return-gifts.html,no,merged,/Users/prashantdhingra/e/a3_output/happydeepawali.org/output/content/golu/invitations-gifts/footer.fragment
golu/invitations-gifts/traditional-golu-return-gift-ideas.html,golu/invitations-gifts/traditional-golu-return-gift-ideas.html,no,merged,/Users/prashantdhingra/e/a3_output/happydeepawali.org/output/content/golu/invitations-gifts/footer.fragment
golu/invitations-gifts/how-many-guests-should-you-invite-for-golu.html,golu/invitations-gifts/how-many-guests-should-you-invite-for-golu.html,no,merged,/Users/prashantdhingra/e/a3_output/happydeepawali.org/output/content/golu/invitations-gifts/footer.fragment
golu/invitations-gifts/useful-return-gifts-for-women-during-navaratri.html,golu/invitations-gifts/useful-return-gifts-for-women-during-navaratri.html,no,merged,/Users/prashantdhingra/e/a3_output/happydeepawali.org/output/content/golu/invitations-gifts/footer.fragment
golu/invitations-gifts/how-to-invite-friends-and-family-for-golu.html,golu/invitations-gifts/how-to-invite-friends-and-family-for-golu.html,no,merged,/Users/prashantdhingra/e/a3_output/happydeepawali.org/output/content/golu/invitations-gifts/footer.fragment
golu/invitations-gifts/what-happens-during-a-traditional-golu-visit.html,golu/invitations-gifts/what-happens-during-a-traditional-golu-visit.html,no,merged,/Users/prashantdhingra/e/a3_output/happydeepawali.org/output/content/golu/invitations-gifts/footer.fragment
golu/invitations-gifts/haldi-kumkum-during-golu-meaning-and-tradition.html,golu/invitations-gifts/haldi-kumkum-during-golu-meaning-and-tradition.html,no,merged,/Users/prashantdhingra/e/a3_output/happydeepawali.org/output/content/golu/invitations-gifts/footer.fragment
golu/themes-decoration/famous-temples-of-india-golu-theme.html,golu/themes-decoration/famous-temples-of-india-golu-theme.html,no,merged,/Users/prashantdhingra/e/a3_output/happydeepawali.org/output/content/golu/themes-decoration/footer.fragment
golu/themes-decoration/index.html,golu/themes-decoration/index.html,no,merged,/Users/prashantdhingra/e/a3_output/happydeepawali.org/output/content/golu/themes-decoration/footer.fragment
golu/themes-decoration/how-to-create-a-river-mountain-and-village-scene-for-golu.html,golu/themes-decoration/how-to-create-a-river-mountain-and-village-scene-for-golu.html,no,merged,/Users/prashantdhingra/e/a3_output/happydeepawali.org/output/content/golu/themes-decoration/footer.fragment
golu/themes-decoration/using-recycled-materials-for-golu-decorations.html,golu/themes-decoration/using-recycled-materials-for-golu-decorations.html,no,merged,/Users/prashantdhingra/e/a3_output/happydeepawali.org/output/content/golu/themes-decoration/footer.fragment
golu/themes-decoration/25-modern-golu-theme-ideas-for-navaratri.html,golu/themes-decoration/25-modern-golu-theme-ideas-for-navaratri.html,no,merged,/Users/prashantdhingra/e/a3_output/happydeepawali.org/output/content/golu/themes-decoration/footer.fragment
golu/themes-decoration/flower-decoration-ideas-for-golu.html,golu/themes-decoration/flower-decoration-ideas-for-golu.html,no,merged,/Users/prashantdhingra/e/a3_output/happydeepawali.org/output/content/golu/themes-decoration/footer.fragment
golu/themes-decoration/science-and-education-themes-for-children-s-golu.html,golu/themes-decoration/science-and-education-themes-for-children-s-golu.html,no,merged,/Users/prashantdhingra/e/a3_output/happydeepawali.org/output/content/golu/themes-decoration/footer.fragment
golu/themes-decoration/women-of-india-theme-ideas-for-golu.html,golu/themes-decoration/women-of-india-theme-ideas-for-golu.html,no,merged,/Users/prashantdhingra/e/a3_output/happydeepawali.org/output/content/golu/themes-decoration/footer.fragment
golu/themes-decoration/creative-golu-themes-for-children.html,golu/themes-decoration/creative-golu-themes-for-children.html,no,merged,/Users/prashantdhingra/e/a3_output/happydeepawali.org/output/content/golu/themes-decoration/footer.fragment
golu/themes-decoration/best-lighting-ideas-for-golu-displays.html,golu/themes-decoration/best-lighting-ideas-for-golu-displays.html,no,merged,/Users/prashantdhingra/e/a3_output/happydeepawali.org/output/content/golu/themes-decoration/footer.fragment
golu/themes-decoration/how-to-create-a-golu-theme-without-buying-many-new-dolls.html,golu/themes-decoration/how-to-create-a-golu-theme-without-buying-many-new-dolls.html,no,merged,/Users/prashantdhingra/e/a3_output/happydeepawali.org/output/content/golu/themes-decoration/footer.fragment
golu/themes-decoration/minimalist-golu-ideas-for-modern-homes.html,golu/themes-decoration/minimalist-golu-ideas-for-modern-homes.html,no,merged,/Users/prashantdhingra/e/a3_output/happydeepawali.org/output/content/golu/themes-decoration/footer.fragment
golu/themes-decoration/budget-friendly-golu-decoration-ideas.html,golu/themes-decoration/budget-friendly-golu-decoration-ideas.html,no,merged,/Users/prashantdhingra/e/a3_output/happydeepawali.org/output/content/golu/themes-decoration/footer.fragment
golu/themes-decoration/indian-heritage-themes-for-a-creative-golu.html,golu/themes-decoration/indian-heritage-themes-for-a-creative-golu.html,no,merged,/Users/prashantdhingra/e/a3_output/happydeepawali.org/output/content/golu/themes-decoration/footer.fragment
golu/themes-decoration/environment-and-nature-conservation-golu-theme.html,golu/themes-decoration/environment-and-nature-conservation-golu-theme.html,no,merged,/Users/prashantdhingra/e/a3_output/happydeepawali.org/output/content/golu/themes-decoration/footer.fragment
golu/themes-decoration/photo-worthy-golu-display-ideas-without-losing-tradition.html,golu/themes-decoration/photo-worthy-golu-display-ideas-without-losing-tradition.html,no,merged,/Users/prashantdhingra/e/a3_output/happydeepawali.org/output/content/golu/themes-decoration/footer.fragment
golu/themes-decoration/diy-golu-decorations-you-can-make-at-home.html,golu/themes-decoration/diy-golu-decorations-you-can-make-at-home.html,no,merged,/Users/prashantdhingra/e/a3_output/happydeepawali.org/output/content/golu/themes-decoration/footer.fragment
golu/themes-decoration/miniature-garden-ideas-for-golu.html,golu/themes-decoration/miniature-garden-ideas-for-golu.html,no,merged,/Users/prashantdhingra/e/a3_output/happydeepawali.org/output/content/golu/themes-decoration/footer.fragment
golu/themes-decoration/eco-friendly-golu-ideas-for-a-sustainable-celebration.html,golu/themes-decoration/eco-friendly-golu-ideas-for-a-sustainable-celebration.html,no,merged,/Users/prashantdhingra/e/a3_output/happydeepawali.org/output/content/golu/themes-decoration/footer.fragment
golu/themes-decoration/small-apartment-golu-ideas-that-save-space.html,golu/themes-decoration/small-apartment-golu-ideas-that-save-space.html,no,merged,/Users/prashantdhingra/e/a3_output/happydeepawali.org/output/content/golu/themes-decoration/footer.fragment
golu/themes-decoration/contemporary-storytelling-ideas-for-golu.html,golu/themes-decoration/contemporary-storytelling-ideas-for-golu.html,no,merged,/Users/prashantdhingra/e/a3_output/happydeepawali.org/output/content/golu/themes-decoration/footer.fragment
golu/meaning-history/the-cultural-importance-of-bommai-golu-in-south-india.html,golu/meaning-history/the-cultural-importance-of-bommai-golu-in-south-india.html,no,merged,/Users/prashantdhingra/e/a3_output/happydeepawali.org/output/content/golu/meaning-history/footer.fragment
golu/meaning-history/the-role-of-goddess-durga-lakshmi-and-saraswati-in-golu.html,golu/meaning-history/the-role-of-goddess-durga-lakshmi-and-saraswati-in-golu.html,no,merged,/Users/prashantdhingra/e/a3_output/happydeepawali.org/output/content/golu/meaning-history/footer.fragment
golu/meaning-history/history-and-origins-of-bommai-golu.html,golu/meaning-history/history-and-origins-of-bommai-golu.html,no,merged,/Users/prashantdhingra/e/a3_output/happydeepawali.org/output/content/golu/meaning-history/footer.fragment
golu/meaning-history/golu-meaning-and-significance-in-navaratri.html,golu/meaning-history/golu-meaning-and-significance-in-navaratri.html,no,merged,/Users/prashantdhingra/e/a3_output/happydeepawali.org/output/content/golu/meaning-history/footer.fragment
golu/meaning-history/index.html,golu/meaning-history/index.html,no,merged,/Users/prashantdhingra/e/a3_output/happydeepawali.org/output/content/golu/meaning-history/footer.fragment
golu/meaning-history/what-is-golu-a-complete-introduction-to-the-navaratri-doll-festival.html,golu/meaning-history/what-is-golu-a-complete-introduction-to-the-navaratri-doll-festival.html,no,merged,/Users/prashantdhingra/e/a3_output/happydeepawali.org/output/content/golu/meaning-history/footer.fragment
golu/meaning-history/spiritual-meaning-of-the-golu-steps.html,golu/meaning-history/spiritual-meaning-of-the-golu-steps.html,no,merged,/Users/prashantdhingra/e/a3_output/happydeepawali.org/output/content/golu/meaning-history/footer.fragment
golu/meaning-history/why-golu-is-more-than-a-doll-display.html,golu/meaning-history/why-golu-is-more-than-a-doll-display.html,no,merged,/Users/prashantdhingra/e/a3_output/happydeepawali.org/output/content/golu/meaning-history/footer.fragment
golu/meaning-history/why-are-dolls-displayed-during-golu.html,golu/meaning-history/why-are-dolls-displayed-during-golu.html,no,merged,/Users/prashantdhingra/e/a3_output/happydeepawali.org/output/content/golu/meaning-history/footer.fragment
golu/meaning-history/common-golu-terms-and-their-meanings.html,golu/meaning-history/common-golu-terms-and-their-meanings.html,no,merged,/Users/prashantdhingra/e/a3_output/happydeepawali.org/output/content/golu/meaning-history/footer.fragment
golu/meaning-history/why-is-golu-celebrated-during-navaratri.html,golu/meaning-history/why-is-golu-celebrated-during-navaratri.html,no,merged,/Users/prashantdhingra/e/a3_output/happydeepawali.org/output/content/golu/meaning-history/footer.fragment
golu/meaning-history/golu-and-vijayadashami-how-the-festival-concludes.html,golu/meaning-history/golu-and-vijayadashami-how-the-festival-concludes.html,no,merged,/Users/prashantdhingra/e/a3_output/happydeepawali.org/output/content/golu/meaning-history/footer.fragment
golu/meaning-history/what-does-a-traditional-golu-display-represent.html,golu/meaning-history/what-does-a-traditional-golu-display-represent.html,no,merged,/Users/prashantdhingra/e/a3_output/happydeepawali.org/output/content/golu/meaning-history/footer.fragment
golu/meaning-history/how-golu-preserves-family-traditions-across-generations.html,golu/meaning-history/how-golu-preserves-family-traditions-across-generations.html,no,merged,/Users/prashantdhingra/e/a3_output/happydeepawali.org/output/content/golu/meaning-history/footer.fragment
golu/meaning-history/is-golu-related-to-diwali-understanding-the-festival-calendar.html,golu/meaning-history/is-golu-related-to-diwali-understanding-the-festival-calendar.html,no,merged,/Users/prashantdhingra/e/a3_output/happydeepawali.org/output/content/golu/meaning-history/footer.fragment
golu/meaning-history/golu-faq-25-common-questions-answered.html,golu/meaning-history/golu-faq-25-common-questions-answered.html,no,merged,/Users/prashantdhingra/e/a3_output/happydeepawali.org/output/content/golu/meaning-history/footer.fragment
golu/meaning-history/why-families-invite-guests-during-golu.html,golu/meaning-history/why-families-invite-guests-during-golu.html,no,merged,/Users/prashantdhingra/e/a3_output/happydeepawali.org/output/content/golu/meaning-history/footer.fragment
golu/meaning-history/how-golu-connects-devotion-art-and-storytelling.html,golu/meaning-history/how-golu-connects-devotion-art-and-storytelling.html,no,merged,/Users/prashantdhingra/e/a3_output/happydeepawali.org/output/content/golu/meaning-history/footer.fragment
golu/meaning-history/golu-for-beginners-everything-you-need-to-know.html,golu/meaning-history/golu-for-beginners-everything-you-need-to-know.html,no,merged,/Users/prashantdhingra/e/a3_output/happydeepawali.org/output/content/golu/meaning-history/footer.fragment
golu/meaning-history/golu-kolu-bommai-golu-and-bombe-habba-what-do-the-names-mean.html,golu/meaning-history/golu-kolu-bommai-golu-and-bombe-habba-what-do-the-names-mean.html,no,merged,/Users/prashantdhingra/e/a3_output/happydeepawali.org/output/content/golu/meaning-history/footer.fragment
golu/meaning-history/when-does-golu-start-and-end-during-navaratri.html,golu/meaning-history/when-does-golu-start-and-end-during-navaratri.html,no,merged,/Users/prashantdhingra/e/a3_output/happydeepawali.org/output/content/golu/meaning-history/footer.fragment
golu/rituals/how-and-when-to-take-down-a-golu-display.html,golu/rituals/how-and-when-to-take-down-a-golu-display.html,no,merged,/Users/prashantdhingra/e/a3_output/happydeepawali.org/output/content/golu/rituals/footer.fragment
golu/rituals/music-dance-and-storytelling-during-golu-visits.html,golu/rituals/music-dance-and-storytelling-during-golu-visits.html,no,merged,/Users/prashantdhingra/e/a3_output/happydeepawali.org/output/content/golu/rituals/footer.fragment
golu/rituals/kalash-sthapana-for-golu-meaning-and-basic-procedure.html,golu/rituals/kalash-sthapana-for-golu-meaning-and-basic-procedure.html,no,merged,/Users/prashantdhingra/e/a3_output/happydeepawali.org/output/content/golu/rituals/footer.fragment
golu/rituals/ayudha-puja-and-its-connection-with-golu.html,golu/rituals/ayudha-puja-and-its-connection-with-golu.html,no,merged,/Users/prashantdhingra/e/a3_output/happydeepawali.org/output/content/golu/rituals/footer.fragment
golu/rituals/why-one-doll-is-traditionally-put-to-sleep-after-golu.html,golu/rituals/why-one-doll-is-traditionally-put-to-sleep-after-golu.html,no,merged,/Users/prashantdhingra/e/a3_output/happydeepawali.org/output/content/golu/rituals/footer.fragment
golu/rituals/index.html,golu/rituals/index.html,no,merged,/Users/prashantdhingra/e/a3_output/happydeepawali.org/output/content/golu/rituals/footer.fragment
golu/rituals/vijayadashami-rituals-after-golu.html,golu/rituals/vijayadashami-rituals-after-golu.html,no,merged,/Users/prashantdhingra/e/a3_output/happydeepawali.org/output/content/golu/rituals/footer.fragment
golu/rituals/what-to-do-if-you-miss-a-day-of-golu.html,golu/rituals/what-to-do-if-you-miss-a-day-of-golu.html,no,merged,/Users/prashantdhingra/e/a3_output/happydeepawali.org/output/content/golu/rituals/footer.fragment
golu/rituals/daily-golu-puja-procedure-during-navaratri.html,golu/rituals/daily-golu-puja-procedure-during-navaratri.html,no,merged,/Users/prashantdhingra/e/a3_output/happydeepawali.org/output/content/golu/rituals/footer.fragment
golu/rituals/can-you-start-golu-if-your-family-has-never-celebrated-it.html,golu/rituals/can-you-start-golu-if-your-family-has-never-celebrated-it.html,no,merged,/Users/prashantdhingra/e/a3_output/happydeepawali.org/output/content/golu/rituals/footer.fragment
golu/rituals/what-naivedyam-can-be-offered-during-golu.html,golu/rituals/what-naivedyam-can-be-offered-during-golu.html,no,merged,/Users/prashantdhingra/e/a3_output/happydeepawali.org/output/content/golu/rituals/footer.fragment
golu/rituals/songs-and-bhajans-traditionally-sung-during-golu.html,golu/rituals/songs-and-bhajans-traditionally-sung-during-golu.html,no,merged,/Users/prashantdhingra/e/a3_output/happydeepawali.org/output/content/golu/rituals/footer.fragment
golu/rituals/what-flowers-are-commonly-used-for-golu-puja.html,golu/rituals/what-flowers-are-commonly-used-for-golu-puja.html,no,merged,/Users/prashantdhingra/e/a3_output/happydeepawali.org/output/content/golu/rituals/footer.fragment
golu/rituals/golu-traditions-for-families-living-outside-india.html,golu/rituals/golu-traditions-for-families-living-outside-india.html,no,merged,/Users/prashantdhingra/e/a3_output/happydeepawali.org/output/content/golu/rituals/footer.fragment
golu/rituals/common-golu-ritual-questions-and-family-variations.html,golu/rituals/common-golu-ritual-questions-and-family-variations.html,no,merged,/Users/prashantdhingra/e/a3_output/happydeepawali.org/output/content/golu/rituals/footer.fragment
golu/rituals/simple-daily-golu-puja-for-busy-families.html,golu/rituals/simple-daily-golu-puja-for-busy-families.html,no,merged,/Users/prashantdhingra/e/a3_output/happydeepawali.org/output/content/golu/rituals/footer.fragment
golu/rituals/golu-etiquette-for-hosts-and-visitors.html,golu/rituals/golu-etiquette-for-hosts-and-visitors.html,no,merged,/Users/prashantdhingra/e/a3_output/happydeepawali.org/output/content/golu/rituals/footer.fragment
golu/rituals/nine-days-of-golu-a-day-by-day-worship-guide.html,golu/rituals/nine-days-of-golu-a-day-by-day-worship-guide.html,no,merged,/Users/prashantdhingra/e/a3_output/happydeepawali.org/output/content/golu/rituals/footer.fragment
golu/rituals/saraswati-puja-during-golu-meaning-and-traditions.html,golu/rituals/saraswati-puja-during-golu-meaning-and-traditions.html,no,merged,/Users/prashantdhingra/e/a3_output/happydeepawali.org/output/content/golu/rituals/footer.fragment
golu/rituals/can-you-light-lamps-every-day-during-golu.html,golu/rituals/can-you-light-lamps-every-day-during-golu.html,no,merged,/Users/prashantdhingra/e/a3_output/happydeepawali.org/output/content/golu/rituals/footer.fragment
golu/rituals/how-to-begin-golu-on-the-first-day-of-navaratri.html,golu/rituals/how-to-begin-golu-on-the-first-day-of-navaratri.html,no,merged,/Users/prashantdhingra/e/a3_output/happydeepawali.org/output/content/golu/rituals/footer.fragment
easter/holy-week-palm-sunday-good-friday-easter.html,easter/holy-week-palm-sunday-good-friday-easter.html,no,merged,/Users/prashantdhingra/e/a3_output/happydeepawali.org/output/content/easter/footer.fragment
easter/easter-traditions-around-world.html,easter/easter-traditions-around-world.html,no,merged,/Users/prashantdhingra/e/a3_output/happydeepawali.org/output/content/easter/footer.fragment
easter/natural-easter-egg-dyes.html,easter/natural-easter-egg-dyes.html,no,merged,/Users/prashantdhingra/e/a3_output/happydeepawali.org/output/content/easter/footer.fragment
easter/zero-waste-easter-baskets.html,easter/zero-waste-easter-baskets.html,no,merged,/Users/prashantdhingra/e/a3_output/happydeepawali.org/output/content/easter/footer.fragment
easter/global-easter-breads-colomba-babka-tsoureki.html,easter/global-easter-breads-colomba-babka-tsoureki.html,no,merged,/Users/prashantdhingra/e/a3_output/happydeepawali.org/output/content/easter/footer.fragment
easter/backyard-easter-egg-hunt-guide.html,easter/backyard-easter-egg-hunt-guide.html,no,merged,/Users/prashantdhingra/e/a3_output/happydeepawali.org/output/content/easter/footer.fragment
easter/overview.html,easter/overview.html,no,merged,/Users/prashantdhingra/e/a3_output/happydeepawali.org/output/content/easter/footer.fragment
easter/stress-free-easter-hosting.html,easter/stress-free-easter-hosting.html,no,merged,/Users/prashantdhingra/e/a3_output/happydeepawali.org/output/content/easter/footer.fragment
easter/hot-cross-buns-history-recipe-guide.html,easter/hot-cross-buns-history-recipe-guide.html,no,merged,/Users/prashantdhingra/e/a3_output/happydeepawali.org/output/content/easter/footer.fragment
easter/budget-easter-spring-tablescape.html,easter/budget-easter-spring-tablescape.html,no,merged,/Users/prashantdhingra/e/a3_output/happydeepawali.org/output/content/easter/footer.fragment
easter/faberge-easter-eggs-history.html,easter/faberge-easter-eggs-history.html,no,merged,/Users/prashantdhingra/e/a3_output/happydeepawali.org/output/content/easter/footer.fragment
easter/white-house-easter-egg-roll-history.html,easter/white-house-easter-egg-roll-history.html,no,merged,/Users/prashantdhingra/e/a3_output/happydeepawali.org/output/content/easter/footer.fragment
easter/easter-pagan-roots-christian-tradition.html,easter/easter-pagan-roots-christian-tradition.html,no,merged,/Users/prashantdhingra/e/a3_output/happydeepawali.org/output/content/easter/footer.fragment
easter/pysanky-easter-eggs-beginners-guide.html,easter/pysanky-easter-eggs-beginners-guide.html,no,merged,/Users/prashantdhingra/e/a3_output/happydeepawali.org/output/content/easter/footer.fragment
easter/non-candy-easter-basket-ideas.html,easter/non-candy-easter-basket-ideas.html,no,merged,/Users/prashantdhingra/e/a3_output/happydeepawali.org/output/content/easter/footer.fragment
easter/paschal-lamb-easter-symbolism.html,easter/paschal-lamb-easter-symbolism.html,no,merged,/Users/prashantdhingra/e/a3_output/happydeepawali.org/output/content/easter/footer.fragment
easter/leftover-hard-boiled-easter-eggs.html,easter/leftover-hard-boiled-easter-eggs.html,no,merged,/Users/prashantdhingra/e/a3_output/happydeepawali.org/output/content/easter/footer.fragment
easter/spring-renewal-mindful-easter.html,easter/spring-renewal-mindful-easter.html,no,merged,/Users/prashantdhingra/e/a3_output/happydeepawali.org/output/content/easter/footer.fragment
easter/plant-based-easter-brunch.html,easter/plant-based-easter-brunch.html,no,merged,/Users/prashantdhingra/e/a3_output/happydeepawali.org/output/content/easter/footer.fragment
easter/easter-bunny-painted-eggs-history.html,easter/easter-bunny-painted-eggs-history.html,no,merged,/Users/prashantdhingra/e/a3_output/happydeepawali.org/output/content/easter/footer.fragment
easter/easter-ham-vs-lamb.html,easter/easter-ham-vs-lamb.html,no,merged,/Users/prashantdhingra/e/a3_output/happydeepawali.org/output/content/easter/footer.fragment
eco-friendly-diwali-fireworks-safety-and-sustainability/fire-safe-diwali-decoration-tips.html,eco-friendly-diwali-fireworks-safety-and-sustainability/fire-safe-diwali-decoration-tips.html,no,merged,/Users/prashantdhingra/e/a3_output/happydeepawali.org/output/content/eco-friendly-diwali-fireworks-safety-and-sustainability/footer.fragment
eco-friendly-diwali-fireworks-safety-and-sustainability/noise-pollution-during-diwali-practical-ways-to-reduce-it.html,eco-friendly-diwali-fireworks-safety-and-sustainability/noise-pollution-during-diwali-practical-ways-to-reduce-it.html,no,merged,/Users/prashantdhingra/e/a3_output/happydeepawali.org/output/content/eco-friendly-diwali-fireworks-safety-and-sustainability/footer.fragment
eco-friendly-diwali-fireworks-safety-and-sustainability/index.html,eco-friendly-diwali-fireworks-safety-and-sustainability/index.html,no,merged,/Users/prashantdhingra/e/a3_output/happydeepawali.org/output/content/eco-friendly-diwali-fireworks-safety-and-sustainability/footer.fragment
eco-friendly-diwali-fireworks-safety-and-sustainability/how-to-reduce-waste-during-diwali.html,eco-friendly-diwali-fireworks-safety-and-sustainability/how-to-reduce-waste-during-diwali.html,no,merged,/Users/prashantdhingra/e/a3_output/happydeepawali.org/output/content/eco-friendly-diwali-fireworks-safety-and-sustainability/footer.fragment
eco-friendly-diwali-fireworks-safety-and-sustainability/how-to-celebrate-diwali-without-firecrackers.html,eco-friendly-diwali-fireworks-safety-and-sustainability/how-to-celebrate-diwali-without-firecrackers.html,no,merged,/Users/prashantdhingra/e/a3_output/happydeepawali.org/output/content/eco-friendly-diwali-fireworks-safety-and-sustainability/footer.fragment
eco-friendly-diwali-fireworks-safety-and-sustainability/how-to-celebrate-a-quiet-diwali-with-family.html,eco-friendly-diwali-fireworks-safety-and-sustainability/how-to-celebrate-a-quiet-diwali-with-family.html,no,merged,/Users/prashantdhingra/e/a3_output/happydeepawali.org/output/content/eco-friendly-diwali-fireworks-safety-and-sustainability/footer.fragment
eco-friendly-diwali-fireworks-safety-and-sustainability/sustainable-diwali-gift-ideas.html,eco-friendly-diwali-fireworks-safety-and-sustainability/sustainable-diwali-gift-ideas.html,no,merged,/Users/prashantdhingra/e/a3_output/happydeepawali.org/output/content/eco-friendly-diwali-fireworks-safety-and-sustainability/footer.fragment
eco-friendly-diwali-fireworks-safety-and-sustainability/diwali-air-pollution-causes-concerns-and-cleaner-alternatives.html,eco-friendly-diwali-fireworks-safety-and-sustainability/diwali-air-pollution-causes-concerns-and-cleaner-alternatives.html,no,merged,/Users/prashantdhingra/e/a3_output/happydeepawali.org/output/content/eco-friendly-diwali-fireworks-safety-and-sustainability/footer.fragment
eco-friendly-diwali-fireworks-safety-and-sustainability/sustainable-diwali-checklist-for-homes-schools-and-offices.html,eco-friendly-diwali-fireworks-safety-and-sustainability/sustainable-diwali-checklist-for-homes-schools-and-offices.html,no,merged,/Users/prashantdhingra/e/a3_output/happydeepawali.org/output/content/eco-friendly-diwali-fireworks-safety-and-sustainability/footer.fragment
eco-friendly-diwali-fireworks-safety-and-sustainability/how-to-dispose-of-diwali-decoration-waste-responsibly.html,eco-friendly-diwali-fireworks-safety-and-sustainability/how-to-dispose-of-diwali-decoration-waste-responsibly.html,no,merged,/Users/prashantdhingra/e/a3_output/happydeepawali.org/output/content/eco-friendly-diwali-fireworks-safety-and-sustainability/footer.fragment
eco-friendly-diwali-fireworks-safety-and-sustainability/eco-friendly-rangoli-ideas.html,eco-friendly-diwali-fireworks-safety-and-sustainability/eco-friendly-rangoli-ideas.html,no,merged,/Users/prashantdhingra/e/a3_output/happydeepawali.org/output/content/eco-friendly-diwali-fireworks-safety-and-sustainability/footer.fragment
eco-friendly-diwali-fireworks-safety-and-sustainability/eco-friendly-diya-ideas.html,eco-friendly-diwali-fireworks-safety-and-sustainability/eco-friendly-diya-ideas.html,no,merged,/Users/prashantdhingra/e/a3_output/happydeepawali.org/output/content/eco-friendly-diwali-fireworks-safety-and-sustainability/footer.fragment
eco-friendly-diwali-fireworks-safety-and-sustainability/apartment-diwali-safety-checklist.html,eco-friendly-diwali-fireworks-safety-and-sustainability/apartment-diwali-safety-checklist.html,no,merged,/Users/prashantdhingra/e/a3_output/happydeepawali.org/output/content/eco-friendly-diwali-fireworks-safety-and-sustainability/footer.fragment
eco-friendly-diwali-fireworks-safety-and-sustainability/reusable-diwali-decoration-ideas.html,eco-friendly-diwali-fireworks-safety-and-sustainability/reusable-diwali-decoration-ideas.html,no,merged,/Users/prashantdhingra/e/a3_output/happydeepawali.org/output/content/eco-friendly-diwali-fireworks-safety-and-sustainability/footer.fragment
eco-friendly-diwali-fireworks-safety-and-sustainability/green-crackers-what-they-are-and-how-they-differ.html,eco-friendly-diwali-fireworks-safety-and-sustainability/green-crackers-what-they-are-and-how-they-differ.html,no,merged,/Users/prashantdhingra/e/a3_output/happydeepawali.org/output/content/eco-friendly-diwali-fireworks-safety-and-sustainability/footer.fragment
eco-friendly-diwali-fireworks-safety-and-sustainability/how-to-protect-children-during-diwali-fireworks.html,eco-friendly-diwali-fireworks-safety-and-sustainability/how-to-protect-children-during-diwali-fireworks.html,no,merged,/Users/prashantdhingra/e/a3_output/happydeepawali.org/output/content/eco-friendly-diwali-fireworks-safety-and-sustainability/footer.fragment
eco-friendly-diwali-fireworks-safety-and-sustainability/community-diwali-event-safety-checklist.html,eco-friendly-diwali-fireworks-safety-and-sustainability/community-diwali-event-safety-checklist.html,no,merged,/Users/prashantdhingra/e/a3_output/happydeepawali.org/output/content/eco-friendly-diwali-fireworks-safety-and-sustainability/footer.fragment
eco-friendly-diwali-fireworks-safety-and-sustainability/diwali-fireworks-safety-tips-for-families.html,eco-friendly-diwali-fireworks-safety-and-sustainability/diwali-fireworks-safety-tips-for-families.html,no,merged,/Users/prashantdhingra/e/a3_output/happydeepawali.org/output/content/eco-friendly-diwali-fireworks-safety-and-sustainability/footer.fragment
eco-friendly-diwali-fireworks-safety-and-sustainability/eco-friendly-diwali-complete-guide-to-a-greener-celebration.html,eco-friendly-diwali-fireworks-safety-and-sustainability/eco-friendly-diwali-complete-guide-to-a-greener-celebration.html,no,merged,/Users/prashantdhingra/e/a3_output/happydeepawali.org/output/content/eco-friendly-diwali-fireworks-safety-and-sustainability/footer.fragment
eco-friendly-diwali-fireworks-safety-and-sustainability/eco-friendly-community-diwali-celebration-ideas.html,eco-friendly-diwali-fireworks-safety-and-sustainability/eco-friendly-community-diwali-celebration-ideas.html,no,merged,/Users/prashantdhingra/e/a3_output/happydeepawali.org/output/content/eco-friendly-diwali-fireworks-safety-and-sustainability/footer.fragment
eco-friendly-diwali-fireworks-safety-and-sustainability/how-to-keep-pets-safe-during-diwali.html,eco-friendly-diwali-fireworks-safety-and-sustainability/how-to-keep-pets-safe-during-diwali.html,no,merged,/Users/prashantdhingra/e/a3_output/happydeepawali.org/output/content/eco-friendly-diwali-fireworks-safety-and-sustainability/footer.fragment
lohri/lohri-festival.html,lohri/lohri-festival.html,yes,merged,/Users/prashantdhingra/e/a3_output/happydeepawali.org/output/content/lohri/footer.fragment
lohri/lohri-celebrating-agriculture-nature-rhythm.html,lohri/lohri-celebrating-agriculture-nature-rhythm.html,yes,merged,/Users/prashantdhingra/e/a3_output/happydeepawali.org/output/content/lohri/footer.fragment
lohri/lohri-rituals.html,lohri/lohri-rituals.html,yes,merged,/Users/prashantdhingra/e/a3_output/happydeepawali.org/output/content/lohri/footer.fragment
lohri/lohri-traditional-sweets-recipes.html,lohri/lohri-traditional-sweets-recipes.html,yes,merged,/Users/prashantdhingra/e/a3_output/happydeepawali.org/output/content/lohri/footer.fragment
lohri/lohri-food-specialties.html,lohri/lohri-food-specialties.html,yes,merged,/Users/prashantdhingra/e/a3_output/happydeepawali.org/output/content/lohri/footer.fragment
lohri/pongal-cards.html,lohri/pongal-cards.html,yes,merged,/Users/prashantdhingra/e/a3_output/happydeepawali.org/output/content/lohri/footer.fragment
lohri/traditional-lohri-songs.html,lohri/traditional-lohri-songs.html,yes,merged,/Users/prashantdhingra/e/a3_output/happydeepawali.org/output/content/lohri/footer.fragment
lohri/kids-lohri.html,lohri/kids-lohri.html,yes,merged,/Users/prashantdhingra/e/a3_output/happydeepawali.org/output/content/lohri/footer.fragment
lohri/lohri-special-food.html,lohri/lohri-special-food.html,yes,merged,/Users/prashantdhingra/e/a3_output/happydeepawali.org/output/content/lohri/footer.fragment
lohri/lohri-history-bonfire-makar-sankranti.html,lohri/lohri-history-bonfire-makar-sankranti.html,yes,merged,/Users/prashantdhingra/e/a3_output/happydeepawali.org/output/content/lohri/footer.fragment
lohri/lohri-wishes-26.html,lohri/lohri-wishes-26.html,yes,merged,/Users/prashantdhingra/e/a3_output/happydeepawali.org/output/content/lohri/footer.fragment
lohri/traditonal-lohri-foods.html,lohri/traditonal-lohri-foods.html,yes,merged,/Users/prashantdhingra/e/a3_output/happydeepawali.org/output/content/lohri/footer.fragment
lohri/first-lohri.html,lohri/first-lohri.html,yes,merged,/Users/prashantdhingra/e/a3_output/happydeepawali.org/output/content/lohri/footer.fragment
lohri/dulla-bhatti.html,lohri/dulla-bhatti.html,yes,merged,/Users/prashantdhingra/e/a3_output/happydeepawali.org/output/content/lohri/footer.fragment
lohri/lohri-songs-meaning.html,lohri/lohri-songs-meaning.html,yes,merged,/Users/prashantdhingra/e/a3_output/happydeepawali.org/output/content/lohri/footer.fragment
lohri/lohri-music-dance.html,lohri/lohri-music-dance.html,yes,merged,/Users/prashantdhingra/e/a3_output/happydeepawali.org/output/content/lohri/footer.fragment
lohri/lohri-rituals-and-songs.html,lohri/lohri-rituals-and-songs.html,yes,merged,/Users/prashantdhingra/e/a3_output/happydeepawali.org/output/content/lohri/footer.fragment
lohri/lohri-cards.html,lohri/index.html,yes,merged,/Users/prashantdhingra/e/a3_output/happydeepawali.org/output/content/lohri/footer.fragment
lohri/lohri-menu.html,lohri/lohri-menu.html,yes,merged,/Users/prashantdhingra/e/a3_output/happydeepawali.org/output/content/lohri/footer.fragment
lohri/lohri-across-generations.html,lohri/lohri-across-generations.html,yes,merged,/Users/prashantdhingra/e/a3_output/happydeepawali.org/output/content/lohri/footer.fragment
lohri/office-lohri.html,lohri/office-lohri.html,yes,merged,/Users/prashantdhingra/e/a3_output/happydeepawali.org/output/content/lohri/footer.fragment
smart-lighting-ideas/how-to-sync-your-diwali-lights-to-festive-music.html,smart-lighting-ideas/how-to-sync-your-diwali-lights-to-festive-music.html,no,merged,/Users/prashantdhingra/e/a3_output/happydeepawali.org/output/content/smart-lighting-ideas/footer.fragment
smart-lighting-ideas/index.html,smart-lighting-ideas/index.html,no,merged,/Users/prashantdhingra/e/a3_output/happydeepawali.org/output/content/smart-lighting-ideas/footer.fragment
smart-lighting-ideas/transforming-your-home-the-ultimate-guide-to-smart-lights-for-diwali.html,smart-lighting-ideas/transforming-your-home-the-ultimate-guide-to-smart-lights-for-diwali.html,no,merged,/Users/prashantdhingra/e/a3_output/happydeepawali.org/output/content/smart-lighting-ideas/footer.fragment
smart-lighting-ideas/top-smart-led-strip-lights-for-diwali-colors-app-control-and-placement.html,smart-lighting-ideas/top-smart-led-strip-lights-for-diwali-colors-app-control-and-placement.html,no,merged,/Users/prashantdhingra/e/a3_output/happydeepawali.org/output/content/smart-lighting-ideas/footer.fragment
smart-lighting-ideas/automating-your-festive-glow-setting-schedules-and-routines.html,smart-lighting-ideas/automating-your-festive-glow-setting-schedules-and-routines.html,no,merged,/Users/prashantdhingra/e/a3_output/happydeepawali.org/output/content/smart-lighting-ideas/footer.fragment
smart-lighting-ideas/energy-efficiency-and-safety-the-practical-benefits-of-smart-diwali-lights.html,smart-lighting-ideas/energy-efficiency-and-safety-the-practical-benefits-of-smart-diwali-lights.html,no,merged,/Users/prashantdhingra/e/a3_output/happydeepawali.org/output/content/smart-lighting-ideas/footer.fragment
smart-lighting-ideas/smart-bulbs-vs-traditional-fairy-lights-making-the-switch.html,smart-lighting-ideas/smart-bulbs-vs-traditional-fairy-lights-making-the-switch.html,no,merged,/Users/prashantdhingra/e/a3_output/happydeepawali.org/output/content/smart-lighting-ideas/footer.fragment
smart-lighting-ideas/voice-controlled-diwali-integrating-alexa-and-google-home-into-your-lighting.html,smart-lighting-ideas/voice-controlled-diwali-integrating-alexa-and-google-home-into-your-lighting.html,no,merged,/Users/prashantdhingra/e/a3_output/happydeepawali.org/output/content/smart-lighting-ideas/footer.fragment
smart-lighting-ideas/weatherproof-smart-lights-for-balconies-and-outdoor-displays.html,smart-lighting-ideas/weatherproof-smart-lights-for-balconies-and-outdoor-displays.html,no,merged,/Users/prashantdhingra/e/a3_output/happydeepawali.org/output/content/smart-lighting-ideas/footer.fragment
smart-lighting-ideas/creating-a-smart-rangoli-using-app-controlled-puck-lights-and-leds.html,smart-lighting-ideas/creating-a-smart-rangoli-using-app-controlled-puck-lights-and-leds.html,no,merged,/Users/prashantdhingra/e/a3_output/happydeepawali.org/output/content/smart-lighting-ideas/footer.fragment
smart-lighting-ideas/smart-electric-diyas-blending-tradition-with-modern-technology.html,smart-lighting-ideas/smart-electric-diyas-blending-tradition-with-modern-technology.html,no,merged,/Users/prashantdhingra/e/a3_output/happydeepawali.org/output/content/smart-lighting-ideas/footer.fragment
regional-diwali-traditions-across-india/diwali-in-karnataka-oil-baths-diyas-and-regional-customs.html,regional-diwali-traditions-across-india/diwali-in-karnataka-oil-baths-diyas-and-regional-customs.html,no,merged,/Users/prashantdhingra/e/a3_output/happydeepawali.org/output/content/regional-diwali-traditions-across-india/footer.fragment
regional-diwali-traditions-across-india/diwali-in-bihar-lakshmi-puja-and-family-traditions.html,regional-diwali-traditions-across-india/diwali-in-bihar-lakshmi-puja-and-family-traditions.html,no,merged,/Users/prashantdhingra/e/a3_output/happydeepawali.org/output/content/regional-diwali-traditions-across-india/footer.fragment
regional-diwali-traditions-across-india/diwali-in-haryana-rural-and-urban-traditions.html,regional-diwali-traditions-across-india/diwali-in-haryana-rural-and-urban-traditions.html,no,merged,/Users/prashantdhingra/e/a3_output/happydeepawali.org/output/content/regional-diwali-traditions-across-india/footer.fragment
regional-diwali-traditions-across-india/index.html,regional-diwali-traditions-across-india/index.html,no,merged,/Users/prashantdhingra/e/a3_output/happydeepawali.org/output/content/regional-diwali-traditions-across-india/footer.fragment
regional-diwali-traditions-across-india/diwali-in-himachal-pradesh-hill-state-traditions.html,regional-diwali-traditions-across-india/diwali-in-himachal-pradesh-hill-state-traditions.html,no,merged,/Users/prashantdhingra/e/a3_output/happydeepawali.org/output/content/regional-diwali-traditions-across-india/footer.fragment
regional-diwali-traditions-across-india/diwali-in-kerala-regional-practices-and-modern-celebrations.html,regional-diwali-traditions-across-india/diwali-in-kerala-regional-practices-and-modern-celebrations.html,no,merged,/Users/prashantdhingra/e/a3_output/happydeepawali.org/output/content/regional-diwali-traditions-across-india/footer.fragment
regional-diwali-traditions-across-india/diwali-in-uttar-pradesh-ayodhya-diyas-and-ramayana-traditions.html,regional-diwali-traditions-across-india/diwali-in-uttar-pradesh-ayodhya-diyas-and-ramayana-traditions.html,no,merged,/Users/prashantdhingra/e/a3_output/happydeepawali.org/output/content/regional-diwali-traditions-across-india/footer.fragment
regional-diwali-traditions-across-india/diwali-in-punjab-family-traditions-and-bandi-chhor-divas.html,regional-diwali-traditions-across-india/diwali-in-punjab-family-traditions-and-bandi-chhor-divas.html,no,merged,/Users/prashantdhingra/e/a3_output/happydeepawali.org/output/content/regional-diwali-traditions-across-india/footer.fragment
regional-diwali-traditions-across-india/diwali-in-assam-lamps-puja-and-local-traditions.html,regional-diwali-traditions-across-india/diwali-in-assam-lamps-puja-and-local-traditions.html,no,merged,/Users/prashantdhingra/e/a3_output/happydeepawali.org/output/content/regional-diwali-traditions-across-india/footer.fragment
regional-diwali-traditions-across-india/diwali-in-jharkhand-community-and-home-celebrations.html,regional-diwali-traditions-across-india/diwali-in-jharkhand-community-and-home-celebrations.html,no,merged,/Users/prashantdhingra/e/a3_output/happydeepawali.org/output/content/regional-diwali-traditions-across-india/footer.fragment
regional-diwali-traditions-across-india/diwali-in-northeast-india-diverse-regional-celebrations.html,regional-diwali-traditions-across-india/diwali-in-northeast-india-diverse-regional-celebrations.html,no,merged,/Users/prashantdhingra/e/a3_output/happydeepawali.org/output/content/regional-diwali-traditions-across-india/footer.fragment
regional-diwali-traditions-across-india/kali-puja-in-west-bengal-diwali-night-traditions.html,regional-diwali-traditions-across-india/kali-puja-in-west-bengal-diwali-night-traditions.html,no,merged,/Users/prashantdhingra/e/a3_output/happydeepawali.org/output/content/regional-diwali-traditions-across-india/footer.fragment
regional-diwali-traditions-across-india/how-diwali-traditions-differ-across-north-south-east-and-west-india.html,regional-diwali-traditions-across-india/how-diwali-traditions-differ-across-north-south-east-and-west-india.html,no,merged,/Users/prashantdhingra/e/a3_output/happydeepawali.org/output/content/regional-diwali-traditions-across-india/footer.fragment
regional-diwali-traditions-across-india/diwali-in-gujarat-chopda-puja-bestu-varas-and-business-traditions.html,regional-diwali-traditions-across-india/diwali-in-gujarat-chopda-puja-bestu-varas-and-business-traditions.html,no,merged,/Users/prashantdhingra/e/a3_output/happydeepawali.org/output/content/regional-diwali-traditions-across-india/footer.fragment
regional-diwali-traditions-across-india/diwali-in-andhra-pradesh-and-telangana-family-and-temple-traditions.html,regional-diwali-traditions-across-india/diwali-in-andhra-pradesh-and-telangana-family-and-temple-traditions.html,no,merged,/Users/prashantdhingra/e/a3_output/happydeepawali.org/output/content/regional-diwali-traditions-across-india/footer.fragment
regional-diwali-traditions-across-india/diwali-in-goa-narakasura-effigies-and-local-traditions.html,regional-diwali-traditions-across-india/diwali-in-goa-narakasura-effigies-and-local-traditions.html,no,merged,/Users/prashantdhingra/e/a3_output/happydeepawali.org/output/content/regional-diwali-traditions-across-india/footer.fragment
regional-diwali-traditions-across-india/diwali-in-maharashtra-faral-abhyang-snan-and-family-customs.html,regional-diwali-traditions-across-india/diwali-in-maharashtra-faral-abhyang-snan-and-family-customs.html,no,merged,/Users/prashantdhingra/e/a3_output/happydeepawali.org/output/content/regional-diwali-traditions-across-india/footer.fragment
regional-diwali-traditions-across-india/diwali-in-odisha-diyas-ancestor-traditions-and-regional-customs.html,regional-diwali-traditions-across-india/diwali-in-odisha-diyas-ancestor-traditions-and-regional-customs.html,no,merged,/Users/prashantdhingra/e/a3_output/happydeepawali.org/output/content/regional-diwali-traditions-across-india/footer.fragment
regional-diwali-traditions-across-india/diwali-in-rajasthan-markets-sweets-and-royal-traditions.html,regional-diwali-traditions-across-india/diwali-in-rajasthan-markets-sweets-and-royal-traditions.html,no,merged,/Users/prashantdhingra/e/a3_output/happydeepawali.org/output/content/regional-diwali-traditions-across-india/footer.fragment
regional-diwali-traditions-across-india/deepavali-in-tamil-nadu-early-morning-rituals-and-festive-food.html,regional-diwali-traditions-across-india/deepavali-in-tamil-nadu-early-morning-rituals-and-festive-food.html,no,merged,/Users/prashantdhingra/e/a3_output/happydeepawali.org/output/content/regional-diwali-traditions-across-india/footer.fragment
regional-diwali-traditions-across-india/diwali-in-delhi-family-traditions-markets-and-celebrations.html,regional-diwali-traditions-across-india/diwali-in-delhi-family-traditions-markets-and-celebrations.html,no,merged,/Users/prashantdhingra/e/a3_output/happydeepawali.org/output/content/regional-diwali-traditions-across-india/footer.fragment
halloween/witches-crows-black-cats-halloween-superstitions.html,halloween/witches-crows-black-cats-halloween-superstitions.html,no,merged,/Users/prashantdhingra/e/a3_output/happydeepawali.org/output/content/halloween/footer.fragment
halloween/sustainable-eco-friendly-halloween.html,halloween/sustainable-eco-friendly-halloween.html,no,merged,/Users/prashantdhingra/e/a3_output/happydeepawali.org/output/content/halloween/footer.fragment
halloween/science-of-scared-fear-horror.html,halloween/science-of-scared-fear-horror.html,no,merged,/Users/prashantdhingra/e/a3_output/happydeepawali.org/output/content/halloween/footer.fragment
halloween/halloween-sfx-makeup-beginners.html,halloween/halloween-sfx-makeup-beginners.html,no,merged,/Users/prashantdhingra/e/a3_output/happydeepawali.org/output/content/halloween/footer.fragment
halloween/family-friendly-halloween-watchlist.html,halloween/family-friendly-halloween-watchlist.html,no,merged,/Users/prashantdhingra/e/a3_output/happydeepawali.org/output/content/halloween/footer.fragment
halloween/adult-halloween-murder-mystery-party.html,halloween/adult-halloween-murder-mystery-party.html,no,merged,/Users/prashantdhingra/e/a3_output/happydeepawali.org/output/content/halloween/footer.fragment
halloween/real-life-haunted-landmarks-history-legends.html,halloween/real-life-haunted-landmarks-history-legends.html,no,merged,/Users/prashantdhingra/e/a3_output/happydeepawali.org/output/content/halloween/footer.fragment
halloween/savory-spooky-halloween-snacks.html,halloween/savory-spooky-halloween-snacks.html,no,merged,/Users/prashantdhingra/e/a3_output/happydeepawali.org/output/content/halloween/footer.fragment
halloween/samhain-connection-halloween-origins.html,halloween/samhain-connection-halloween-origins.html,no,merged,/Users/prashantdhingra/e/a3_output/happydeepawali.org/output/content/halloween/footer.fragment
halloween/trick-or-treating-history-souling-guising.html,halloween/trick-or-treating-history-souling-guising.html,no,merged,/Users/prashantdhingra/e/a3_output/happydeepawali.org/output/content/halloween/footer.fragment
halloween/overview.html,halloween/overview.html,no,merged,/Users/prashantdhingra/e/a3_output/happydeepawali.org/output/content/halloween/footer.fragment
halloween/leftover-halloween-candy-dessert-hacks.html,halloween/leftover-halloween-candy-dessert-hacks.html,no,merged,/Users/prashantdhingra/e/a3_output/happydeepawali.org/output/content/halloween/footer.fragment
halloween/halloween-cocktails-mocktails-safe-dry-ice.html,halloween/halloween-cocktails-mocktails-safe-dry-ice.html,no,merged,/Users/prashantdhingra/e/a3_output/happydeepawali.org/output/content/halloween/footer.fragment
halloween/halloween-candy-wine-pairing-guide.html,halloween/halloween-candy-wine-pairing-guide.html,no,merged,/Users/prashantdhingra/e/a3_output/happydeepawali.org/output/content/halloween/footer.fragment
halloween/spooky-holidays-around-the-world.html,halloween/spooky-holidays-around-the-world.html,no,merged,/Users/prashantdhingra/e/a3_output/happydeepawali.org/output/content/halloween/footer.fragment
halloween/economics-of-halloween-retail.html,halloween/economics-of-halloween-retail.html,no,merged,/Users/prashantdhingra/e/a3_output/happydeepawali.org/output/content/halloween/footer.fragment
halloween/haunted-porch-budget-decor-ideas.html,halloween/haunted-porch-budget-decor-ideas.html,no,merged,/Users/prashantdhingra/e/a3_output/happydeepawali.org/output/content/halloween/footer.fragment
halloween/last-minute-halloween-costumes-closet.html,halloween/last-minute-halloween-costumes-closet.html,no,merged,/Users/prashantdhingra/e/a3_output/happydeepawali.org/output/content/halloween/footer.fragment
halloween/evolution-of-slasher-cinema.html,halloween/evolution-of-slasher-cinema.html,no,merged,/Users/prashantdhingra/e/a3_output/happydeepawali.org/output/content/halloween/footer.fragment
halloween/safe-stress-free-pet-halloween-costumes.html,halloween/safe-stress-free-pet-halloween-costumes.html,no,merged,/Users/prashantdhingra/e/a3_output/happydeepawali.org/output/content/halloween/footer.fragment
halloween/stingy-jack-jack-o-lantern-legend.html,halloween/stingy-jack-jack-o-lantern-legend.html,no,merged,/Users/prashantdhingra/e/a3_output/happydeepawali.org/output/content/halloween/footer.fragment
ultra-long-tail-seo-faqs-comparisons-and-micro-topics/why-do-businesses-close-and-reopen-account-books-on-diwali.html,ultra-long-tail-seo-faqs-comparisons-and-micro-topics/why-do-businesses-close-and-reopen-account-books-on-diwali.html,no,merged,/Users/prashantdhingra/e/a3_output/happydeepawali.org/output/content/ultra-long-tail-seo-faqs-comparisons-and-micro-topics/footer.fragment
ultra-long-tail-seo-faqs-comparisons-and-micro-topics/what-should-you-wear-on-diwali.html,ultra-long-tail-seo-faqs-comparisons-and-micro-topics/what-should-you-wear-on-diwali.html,no,merged,/Users/prashantdhingra/e/a3_output/happydeepawali.org/output/content/ultra-long-tail-seo-faqs-comparisons-and-micro-topics/footer.fragment
ultra-long-tail-seo-faqs-comparisons-and-micro-topics/can-diwali-be-celebrated-alone-or-with-a-small-family.html,ultra-long-tail-seo-faqs-comparisons-and-micro-topics/can-diwali-be-celebrated-alone-or-with-a-small-family.html,no,merged,/Users/prashantdhingra/e/a3_output/happydeepawali.org/output/content/ultra-long-tail-seo-faqs-comparisons-and-micro-topics/footer.fragment
ultra-long-tail-seo-faqs-comparisons-and-micro-topics/why-are-sweets-exchanged-during-diwali.html,ultra-long-tail-seo-faqs-comparisons-and-micro-topics/why-are-sweets-exchanged-during-diwali.html,no,merged,/Users/prashantdhingra/e/a3_output/happydeepawali.org/output/content/ultra-long-tail-seo-faqs-comparisons-and-micro-topics/footer.fragment
ultra-long-tail-seo-faqs-comparisons-and-micro-topics/can-diwali-be-celebrated-without-fireworks.html,ultra-long-tail-seo-faqs-comparisons-and-micro-topics/can-diwali-be-celebrated-without-fireworks.html,no,merged,/Users/prashantdhingra/e/a3_output/happydeepawali.org/output/content/ultra-long-tail-seo-faqs-comparisons-and-micro-topics/footer.fragment
ultra-long-tail-seo-faqs-comparisons-and-micro-topics/index.html,ultra-long-tail-seo-faqs-comparisons-and-micro-topics/index.html,no,merged,/Users/prashantdhingra/e/a3_output/happydeepawali.org/output/content/ultra-long-tail-seo-faqs-comparisons-and-micro-topics/footer.fragment
ultra-long-tail-seo-faqs-comparisons-and-micro-topics/which-colors-are-considered-auspicious-for-diwali.html,ultra-long-tail-seo-faqs-comparisons-and-micro-topics/which-colors-are-considered-auspicious-for-diwali.html,no,merged,/Users/prashantdhingra/e/a3_output/happydeepawali.org/output/content/ultra-long-tail-seo-faqs-comparisons-and-micro-topics/footer.fragment
ultra-long-tail-seo-faqs-comparisons-and-micro-topics/why-are-diyas-lit-outside-the-house-on-diwali.html,ultra-long-tail-seo-faqs-comparisons-and-micro-topics/why-are-diyas-lit-outside-the-house-on-diwali.html,no,merged,/Users/prashantdhingra/e/a3_output/happydeepawali.org/output/content/ultra-long-tail-seo-faqs-comparisons-and-micro-topics/footer.fragment
ultra-long-tail-seo-faqs-comparisons-and-micro-topics/diwali-vs-dhanteras-what-is-the-difference.html,ultra-long-tail-seo-faqs-comparisons-and-micro-topics/diwali-vs-dhanteras-what-is-the-difference.html,no,merged,/Users/prashantdhingra/e/a3_output/happydeepawali.org/output/content/ultra-long-tail-seo-faqs-comparisons-and-micro-topics/footer.fragment
ultra-long-tail-seo-faqs-comparisons-and-micro-topics/where-should-diyas-be-placed-during-diwali.html,ultra-long-tail-seo-faqs-comparisons-and-micro-topics/where-should-diyas-be-placed-during-diwali.html,no,merged,/Users/prashantdhingra/e/a3_output/happydeepawali.org/output/content/ultra-long-tail-seo-faqs-comparisons-and-micro-topics/footer.fragment
ultra-long-tail-seo-faqs-comparisons-and-micro-topics/100-diwali-questions-and-answers-complete-festival-faq.html,ultra-long-tail-seo-faqs-comparisons-and-micro-topics/100-diwali-questions-and-answers-complete-festival-faq.html,no,merged,/Users/prashantdhingra/e/a3_output/happydeepawali.org/output/content/ultra-long-tail-seo-faqs-comparisons-and-micro-topics/footer.fragment
ultra-long-tail-seo-faqs-comparisons-and-micro-topics/why-is-rangoli-made-during-diwali.html,ultra-long-tail-seo-faqs-comparisons-and-micro-topics/why-is-rangoli-made-during-diwali.html,no,merged,/Users/prashantdhingra/e/a3_output/happydeepawali.org/output/content/ultra-long-tail-seo-faqs-comparisons-and-micro-topics/footer.fragment
ultra-long-tail-seo-faqs-comparisons-and-micro-topics/diwali-vs-bandi-chhor-divas-how-are-the-observances-related-and-different.html,ultra-long-tail-seo-faqs-comparisons-and-micro-topics/diwali-vs-bandi-chhor-divas-how-are-the-observances-related-and-different.html,no,merged,/Users/prashantdhingra/e/a3_output/happydeepawali.org/output/content/ultra-long-tail-seo-faqs-comparisons-and-micro-topics/footer.fragment
ultra-long-tail-seo-faqs-comparisons-and-micro-topics/diwali-vs-kali-puja-what-is-the-difference.html,ultra-long-tail-seo-faqs-comparisons-and-micro-topics/diwali-vs-kali-puja-what-is-the-difference.html,no,merged,/Users/prashantdhingra/e/a3_output/happydeepawali.org/output/content/ultra-long-tail-seo-faqs-comparisons-and-micro-topics/footer.fragment
ultra-long-tail-seo-faqs-comparisons-and-micro-topics/why-are-doors-and-windows-kept-open-during-lakshmi-puja.html,ultra-long-tail-seo-faqs-comparisons-and-micro-topics/why-are-doors-and-windows-kept-open-during-lakshmi-puja.html,no,merged,/Users/prashantdhingra/e/a3_output/happydeepawali.org/output/content/ultra-long-tail-seo-faqs-comparisons-and-micro-topics/footer.fragment
ultra-long-tail-seo-faqs-comparisons-and-micro-topics/how-many-diyas-should-you-light-on-diwali.html,ultra-long-tail-seo-faqs-comparisons-and-micro-topics/how-many-diyas-should-you-light-on-diwali.html,no,merged,/Users/prashantdhingra/e/a3_output/happydeepawali.org/output/content/ultra-long-tail-seo-faqs-comparisons-and-micro-topics/footer.fragment
ultra-long-tail-seo-faqs-comparisons-and-micro-topics/diwali-glossary-50-terms-rituals-foods-and-traditions-explained.html,ultra-long-tail-seo-faqs-comparisons-and-micro-topics/diwali-glossary-50-terms-rituals-foods-and-traditions-explained.html,no,merged,/Users/prashantdhingra/e/a3_output/happydeepawali.org/output/content/ultra-long-tail-seo-faqs-comparisons-and-micro-topics/footer.fragment
ultra-long-tail-seo-faqs-comparisons-and-micro-topics/diwali-vs-dev-deepawali-what-is-the-difference.html,ultra-long-tail-seo-faqs-comparisons-and-micro-topics/diwali-vs-dev-deepawali-what-is-the-difference.html,no,merged,/Users/prashantdhingra/e/a3_output/happydeepawali.org/output/content/ultra-long-tail-seo-faqs-comparisons-and-micro-topics/footer.fragment
ultra-long-tail-seo-faqs-comparisons-and-micro-topics/can-lakshmi-puja-be-performed-in-an-apartment.html,ultra-long-tail-seo-faqs-comparisons-and-micro-topics/can-lakshmi-puja-be-performed-in-an-apartment.html,no,merged,/Users/prashantdhingra/e/a3_output/happydeepawali.org/output/content/ultra-long-tail-seo-faqs-comparisons-and-micro-topics/footer.fragment
ultra-long-tail-seo-faqs-comparisons-and-micro-topics/what-should-you-offer-goddess-lakshmi-on-diwali.html,ultra-long-tail-seo-faqs-comparisons-and-micro-topics/what-should-you-offer-goddess-lakshmi-on-diwali.html,no,merged,/Users/prashantdhingra/e/a3_output/happydeepawali.org/output/content/ultra-long-tail-seo-faqs-comparisons-and-micro-topics/footer.fragment
ultra-long-tail-seo-faqs-comparisons-and-micro-topics/why-are-gifts-given-during-diwali.html,ultra-long-tail-seo-faqs-comparisons-and-micro-topics/why-are-gifts-given-during-diwali.html,no,merged,/Users/prashantdhingra/e/a3_output/happydeepawali.org/output/content/ultra-long-tail-seo-faqs-comparisons-and-micro-topics/footer.fragment
five-days-dhanteras-choti-diwali-lakshmi-puja-govardhan-bhai-dooj/what-happens-on-the-second-day-of-diwali.html,five-days-dhanteras-choti-diwali-lakshmi-puja-govardhan-bhai-dooj/what-happens-on-the-second-day-of-diwali.html,no,merged,/Users/prashantdhingra/e/a3_output/happydeepawali.org/output/content/five-days-dhanteras-choti-diwali-lakshmi-puja-govardhan-bhai-dooj/footer.fragment
five-days-dhanteras-choti-diwali-lakshmi-puja-govardhan-bhai-dooj/what-happens-on-bhai-dooj.html,five-days-dhanteras-choti-diwali-lakshmi-puja-govardhan-bhai-dooj/what-happens-on-bhai-dooj.html,no,merged,/Users/prashantdhingra/e/a3_output/happydeepawali.org/output/content/five-days-dhanteras-choti-diwali-lakshmi-puja-govardhan-bhai-dooj/footer.fragment
five-days-dhanteras-choti-diwali-lakshmi-puja-govardhan-bhai-dooj/index.html,five-days-dhanteras-choti-diwali-lakshmi-puja-govardhan-bhai-dooj/index.html,no,merged,/Users/prashantdhingra/e/a3_output/happydeepawali.org/output/content/five-days-dhanteras-choti-diwali-lakshmi-puja-govardhan-bhai-dooj/footer.fragment
five-days-dhanteras-choti-diwali-lakshmi-puja-govardhan-bhai-dooj/five-day-diwali-gift-giving-guide.html,five-days-dhanteras-choti-diwali-lakshmi-puja-govardhan-bhai-dooj/five-day-diwali-gift-giving-guide.html,no,merged,/Users/prashantdhingra/e/a3_output/happydeepawali.org/output/content/five-days-dhanteras-choti-diwali-lakshmi-puja-govardhan-bhai-dooj/footer.fragment
five-days-dhanteras-choti-diwali-lakshmi-puja-govardhan-bhai-dooj/five-day-diwali-decoration-plan.html,five-days-dhanteras-choti-diwali-lakshmi-puja-govardhan-bhai-dooj/five-day-diwali-decoration-plan.html,no,merged,/Users/prashantdhingra/e/a3_output/happydeepawali.org/output/content/five-days-dhanteras-choti-diwali-lakshmi-puja-govardhan-bhai-dooj/footer.fragment
five-days-dhanteras-choti-diwali-lakshmi-puja-govardhan-bhai-dooj/five-day-diwali-puja-checklist.html,five-days-dhanteras-choti-diwali-lakshmi-puja-govardhan-bhai-dooj/five-day-diwali-puja-checklist.html,no,merged,/Users/prashantdhingra/e/a3_output/happydeepawali.org/output/content/five-days-dhanteras-choti-diwali-lakshmi-puja-govardhan-bhai-dooj/footer.fragment
five-days-dhanteras-choti-diwali-lakshmi-puja-govardhan-bhai-dooj/what-happens-on-the-main-diwali-night.html,five-days-dhanteras-choti-diwali-lakshmi-puja-govardhan-bhai-dooj/what-happens-on-the-main-diwali-night.html,no,merged,/Users/prashantdhingra/e/a3_output/happydeepawali.org/output/content/five-days-dhanteras-choti-diwali-lakshmi-puja-govardhan-bhai-dooj/footer.fragment
five-days-dhanteras-choti-diwali-lakshmi-puja-govardhan-bhai-dooj/what-happens-on-the-first-day-of-diwali.html,five-days-dhanteras-choti-diwali-lakshmi-puja-govardhan-bhai-dooj/what-happens-on-the-first-day-of-diwali.html,no,merged,/Users/prashantdhingra/e/a3_output/happydeepawali.org/output/content/five-days-dhanteras-choti-diwali-lakshmi-puja-govardhan-bhai-dooj/footer.fragment
five-days-dhanteras-choti-diwali-lakshmi-puja-govardhan-bhai-dooj/lakshmi-puja-on-diwali-meaning-rituals-and-significance.html,five-days-dhanteras-choti-diwali-lakshmi-puja-govardhan-bhai-dooj/lakshmi-puja-on-diwali-meaning-rituals-and-significance.html,no,merged,/Users/prashantdhingra/e/a3_output/happydeepawali.org/output/content/five-days-dhanteras-choti-diwali-lakshmi-puja-govardhan-bhai-dooj/footer.fragment
five-days-dhanteras-choti-diwali-lakshmi-puja-govardhan-bhai-dooj/dhanteras-to-bhai-dooj-complete-family-celebration-plan.html,five-days-dhanteras-choti-diwali-lakshmi-puja-govardhan-bhai-dooj/dhanteras-to-bhai-dooj-complete-family-celebration-plan.html,no,merged,/Users/prashantdhingra/e/a3_output/happydeepawali.org/output/content/five-days-dhanteras-choti-diwali-lakshmi-puja-govardhan-bhai-dooj/footer.fragment
five-days-dhanteras-choti-diwali-lakshmi-puja-govardhan-bhai-dooj/five-days-of-diwali-complete-day-by-day-guide.html,five-days-dhanteras-choti-diwali-lakshmi-puja-govardhan-bhai-dooj/five-days-of-diwali-complete-day-by-day-guide.html,no,merged,/Users/prashantdhingra/e/a3_output/happydeepawali.org/output/content/five-days-dhanteras-choti-diwali-lakshmi-puja-govardhan-bhai-dooj/footer.fragment
five-days-dhanteras-choti-diwali-lakshmi-puja-govardhan-bhai-dooj/govardhan-puja-story-rituals-and-celebration-guide.html,five-days-dhanteras-choti-diwali-lakshmi-puja-govardhan-bhai-dooj/govardhan-puja-story-rituals-and-celebration-guide.html,no,merged,/Users/prashantdhingra/e/a3_output/happydeepawali.org/output/content/five-days-dhanteras-choti-diwali-lakshmi-puja-govardhan-bhai-dooj/footer.fragment
five-days-dhanteras-choti-diwali-lakshmi-puja-govardhan-bhai-dooj/five-day-diwali-faq-50-questions-about-the-festival-cycle.html,five-days-dhanteras-choti-diwali-lakshmi-puja-govardhan-bhai-dooj/five-day-diwali-faq-50-questions-about-the-festival-cycle.html,no,merged,/Users/prashantdhingra/e/a3_output/happydeepawali.org/output/content/five-days-dhanteras-choti-diwali-lakshmi-puja-govardhan-bhai-dooj/footer.fragment
five-days-dhanteras-choti-diwali-lakshmi-puja-govardhan-bhai-dooj/naraka-chaturdashi-or-choti-diwali-meaning-and-traditions.html,five-days-dhanteras-choti-diwali-lakshmi-puja-govardhan-bhai-dooj/naraka-chaturdashi-or-choti-diwali-meaning-and-traditions.html,no,merged,/Users/prashantdhingra/e/a3_output/happydeepawali.org/output/content/five-days-dhanteras-choti-diwali-lakshmi-puja-govardhan-bhai-dooj/footer.fragment
five-days-dhanteras-choti-diwali-lakshmi-puja-govardhan-bhai-dooj/five-day-diwali-activities-for-families.html,five-days-dhanteras-choti-diwali-lakshmi-puja-govardhan-bhai-dooj/five-day-diwali-activities-for-families.html,no,merged,/Users/prashantdhingra/e/a3_output/happydeepawali.org/output/content/five-days-dhanteras-choti-diwali-lakshmi-puja-govardhan-bhai-dooj/footer.fragment
five-days-dhanteras-choti-diwali-lakshmi-puja-govardhan-bhai-dooj/what-happens-on-govardhan-puja-day.html,five-days-dhanteras-choti-diwali-lakshmi-puja-govardhan-bhai-dooj/what-happens-on-govardhan-puja-day.html,no,merged,/Users/prashantdhingra/e/a3_output/happydeepawali.org/output/content/five-days-dhanteras-choti-diwali-lakshmi-puja-govardhan-bhai-dooj/footer.fragment
five-days-dhanteras-choti-diwali-lakshmi-puja-govardhan-bhai-dooj/five-day-diwali-food-and-sweets-plan.html,five-days-dhanteras-choti-diwali-lakshmi-puja-govardhan-bhai-dooj/five-day-diwali-food-and-sweets-plan.html,no,merged,/Users/prashantdhingra/e/a3_output/happydeepawali.org/output/content/five-days-dhanteras-choti-diwali-lakshmi-puja-govardhan-bhai-dooj/footer.fragment
five-days-dhanteras-choti-diwali-lakshmi-puja-govardhan-bhai-dooj/how-the-five-days-of-diwali-differ-across-regions.html,five-days-dhanteras-choti-diwali-lakshmi-puja-govardhan-bhai-dooj/how-the-five-days-of-diwali-differ-across-regions.html,no,merged,/Users/prashantdhingra/e/a3_output/happydeepawali.org/output/content/five-days-dhanteras-choti-diwali-lakshmi-puja-govardhan-bhai-dooj/footer.fragment
five-days-dhanteras-choti-diwali-lakshmi-puja-govardhan-bhai-dooj/diwali-week-calendar-rituals-food-and-family-traditions.html,five-days-dhanteras-choti-diwali-lakshmi-puja-govardhan-bhai-dooj/diwali-week-calendar-rituals-food-and-family-traditions.html,no,merged,/Users/prashantdhingra/e/a3_output/happydeepawali.org/output/content/five-days-dhanteras-choti-diwali-lakshmi-puja-govardhan-bhai-dooj/footer.fragment
five-days-dhanteras-choti-diwali-lakshmi-puja-govardhan-bhai-dooj/dhanteras-meaning-traditions-puja-and-shopping-customs.html,five-days-dhanteras-choti-diwali-lakshmi-puja-govardhan-bhai-dooj/dhanteras-meaning-traditions-puja-and-shopping-customs.html,no,merged,/Users/prashantdhingra/e/a3_output/happydeepawali.org/output/content/five-days-dhanteras-choti-diwali-lakshmi-puja-govardhan-bhai-dooj/footer.fragment
five-days-dhanteras-choti-diwali-lakshmi-puja-govardhan-bhai-dooj/bhai-dooj-meaning-rituals-and-sibling-traditions.html,five-days-dhanteras-choti-diwali-lakshmi-puja-govardhan-bhai-dooj/bhai-dooj-meaning-rituals-and-sibling-traditions.html,no,merged,/Users/prashantdhingra/e/a3_output/happydeepawali.org/output/content/five-days-dhanteras-choti-diwali-lakshmi-puja-govardhan-bhai-dooj/footer.fragment
dussehra/dusshera-ravan-dahan-guide-white.html,dussehra/dusshera-ravan-dahan-guide-white.html,no,merged,/Users/prashantdhingra/e/a3_output/happydeepawali.org/output/content/dussehra/footer.fragment
dussehra/mahabharata-shami-tree-vijayadashami.html,dussehra/mahabharata-shami-tree-vijayadashami.html,no,merged,/Users/prashantdhingra/e/a3_output/happydeepawali.org/output/content/dussehra/footer.fragment
dussehra/dusshera-ravan-dahan-guide.html,dussehra/dusshera-ravan-dahan-guide.html,no,merged,/Users/prashantdhingra/e/a3_output/happydeepawali.org/output/content/dussehra/footer.fragment
dussehra/vijayadashami-bengal-sindoor-khela.html,dussehra/vijayadashami-bengal-sindoor-khela.html,no,merged,/Users/prashantdhingra/e/a3_output/happydeepawali.org/output/content/dussehra/footer.fragment
dussehra/dusshera-costume-ideas.html,dussehra/dusshera-costume-ideas.html,no,merged,/Users/prashantdhingra/e/a3_output/happydeepawali.org/output/content/dussehra/footer.fragment
dussehra/mysore-dusshera.html,dussehra/mysore-dusshera.html,no,merged,/Users/prashantdhingra/e/a3_output/happydeepawali.org/output/content/dussehra/footer.fragment
dussehra/index.html,dussehra/index.html,no,merged,/Users/prashantdhingra/e/a3_output/happydeepawali.org/output/content/dussehra/footer.fragment
dussehra/vidyarambham-vijayadashami-education.html,dussehra/vidyarambham-vijayadashami-education.html,no,merged,/Users/prashantdhingra/e/a3_output/happydeepawali.org/output/content/dussehra/footer.fragment
dussehra/apta-leaves-gold-dussehra.html,dussehra/apta-leaves-gold-dussehra.html,no,merged,/Users/prashantdhingra/e/a3_output/happydeepawali.org/output/content/dussehra/footer.fragment
dussehra/festive-marketing-strategies-dussehra.html,dussehra/festive-marketing-strategies-dussehra.html,no,merged,/Users/prashantdhingra/e/a3_output/happydeepawali.org/output/content/dussehra/footer.fragment
dussehra/leadership-lessons-ramayana.html,dussehra/leadership-lessons-ramayana.html,no,merged,/Users/prashantdhingra/e/a3_output/happydeepawali.org/output/content/dussehra/footer.fragment
dussehra/dusshera-ravana-effigy.html,dussehra/dusshera-ravana-effigy.html,no,merged,/Users/prashantdhingra/e/a3_output/happydeepawali.org/output/content/dussehra/footer.fragment
dussehra/ravana-ten-heads-symbolism.html,dussehra/ravana-ten-heads-symbolism.html,no,merged,/Users/prashantdhingra/e/a3_output/happydeepawali.org/output/content/dussehra/footer.fragment
dussehra/dusshera-greeting-wallpapers.html,dussehra/dusshera-greeting-wallpapers.html,no,merged,/Users/prashantdhingra/e/a3_output/happydeepawali.org/output/content/dussehra/footer.fragment
dussehra/dusshera-lesser-known-rituals.html,dussehra/dusshera-lesser-known-rituals.html,no,merged,/Users/prashantdhingra/e/a3_output/happydeepawali.org/output/content/dussehra/footer.fragment
dussehra/dussehra-for-kids-stories-crafts.html,dussehra/dussehra-for-kids-stories-crafts.html,no,merged,/Users/prashantdhingra/e/a3_output/happydeepawali.org/output/content/dussehra/footer.fragment
dussehra/ayodhya-ram-janam-bhoomi-temple.html,dussehra/ayodhya-ram-janam-bhoomi-temple.html,no,merged,/Users/prashantdhingra/e/a3_output/happydeepawali.org/output/content/dussehra/footer.fragment
dussehra/eco-friendly-dussehra-celebrations.html,dussehra/eco-friendly-dussehra-celebrations.html,no,merged,/Users/prashantdhingra/e/a3_output/happydeepawali.org/output/content/dussehra/footer.fragment
dussehra/dussehra-topics.html,dussehra/dussehra-topics.html,no,merged,/Users/prashantdhingra/e/a3_output/happydeepawali.org/output/content/dussehra/footer.fragment
dussehra/eco-friendly-dusshera.html,dussehra/eco-friendly-dusshera.html,no,merged,/Users/prashantdhingra/e/a3_output/happydeepawali.org/output/content/dussehra/footer.fragment
dussehra/overview.html,dussehra/overview.html,no,merged,/Users/prashantdhingra/e/a3_output/happydeepawali.org/output/content/dussehra/footer.fragment
dussehra/dusshea-lesser-known-rituals.html,dussehra/dusshea-lesser-known-rituals.html,no,merged,/Users/prashantdhingra/e/a3_output/happydeepawali.org/output/content/dussehra/footer.fragment
dussehra/ramlila-varanasi-tradition.html,dussehra/ramlila-varanasi-tradition.html,no,merged,/Users/prashantdhingra/e/a3_output/happydeepawali.org/output/content/dussehra/footer.fragment
dussehra/bastar-dussehra-danteshwari.html,dussehra/bastar-dussehra-danteshwari.html,no,merged,/Users/prashantdhingra/e/a3_output/happydeepawali.org/output/content/dussehra/footer.fragment
dussehra/economics-auspicious-buying-dussehra.html,dussehra/economics-auspicious-buying-dussehra.html,no,merged,/Users/prashantdhingra/e/a3_output/happydeepawali.org/output/content/dussehra/footer.fragment
dussehra/dusshera-diaspora.html,dussehra/dusshera-diaspora.html,no,merged,/Users/prashantdhingra/e/a3_output/happydeepawali.org/output/content/dussehra/footer.fragment
dussehra/mysuru-dasara-royal-heritage.html,dussehra/mysuru-dasara-royal-heritage.html,no,merged,/Users/prashantdhingra/e/a3_output/happydeepawali.org/output/content/dussehra/footer.fragment
dussehra/dusshera-celebration-evolution-2.html,dussehra/dusshera-celebration-evolution-2.html,no,merged,/Users/prashantdhingra/e/a3_output/happydeepawali.org/output/content/dussehra/footer.fragment
dussehra/how-to-organize-ramleela.html,dussehra/how-to-organize-ramleela.html,no,merged,/Users/prashantdhingra/e/a3_output/happydeepawali.org/output/content/dussehra/footer.fragment
dussehra/mysore-dusshera-info.html,dussehra/mysore-dusshera-info.html,no,merged,/Users/prashantdhingra/e/a3_output/happydeepawali.org/output/content/dussehra/footer.fragment
dussehra/dusshera-celebration-evolution.html,dussehra/dusshera-celebration-evolution.html,no,merged,/Users/prashantdhingra/e/a3_output/happydeepawali.org/output/content/dussehra/footer.fragment
dussehra/dussehra-home-decor-rangoli-toran.html,dussehra/dussehra-home-decor-rangoli-toran.html,no,merged,/Users/prashantdhingra/e/a3_output/happydeepawali.org/output/content/dussehra/footer.fragment
dussehra/dusshera-decor.html,dussehra/dusshera-decor.html,no,merged,/Users/prashantdhingra/e/a3_output/happydeepawali.org/output/content/dussehra/footer.fragment
dussehra/shastra-puja-history-significance.html,dussehra/shastra-puja-history-significance.html,no,merged,/Users/prashantdhingra/e/a3_output/happydeepawali.org/output/content/dussehra/footer.fragment
dussehra/kullu-dussehra-travel-guide.html,dussehra/kullu-dussehra-travel-guide.html,no,merged,/Users/prashantdhingra/e/a3_output/happydeepawali.org/output/content/dussehra/footer.fragment
dussehra/dual-mythology-rama-durga-dussehra.html,dussehra/dual-mythology-rama-durga-dussehra.html,no,merged,/Users/prashantdhingra/e/a3_output/happydeepawali.org/output/content/dussehra/footer.fragment
dussehra/universal-good-vs-evil-dussehra.html,dussehra/universal-good-vs-evil-dussehra.html,no,merged,/Users/prashantdhingra/e/a3_output/happydeepawali.org/output/content/dussehra/footer.fragment
dussehra/dusshera-food-traditions.html,dussehra/dusshera-food-traditions.html,no,merged,/Users/prashantdhingra/e/a3_output/happydeepawali.org/output/content/dussehra/footer.fragment
dussehra/dusshera-2025-muhurat.html,dussehra/dusshera-2025-muhurat.html,no,merged,/Users/prashantdhingra/e/a3_output/happydeepawali.org/output/content/dussehra/footer.fragment
dussehra/traditional-dussehra-festive-feasts.html,dussehra/traditional-dussehra-festive-feasts.html,no,merged,/Users/prashantdhingra/e/a3_output/happydeepawali.org/output/content/dussehra/footer.fragment
dussehra/dusshera-evolution.html,dussehra/dusshera-evolution.html,no,merged,/Users/prashantdhingra/e/a3_output/happydeepawali.org/output/content/dussehra/footer.fragment
dussehra/conquering-internal-ravanas.html,dussehra/conquering-internal-ravanas.html,no,merged,/Users/prashantdhingra/e/a3_output/happydeepawali.org/output/content/dussehra/footer.fragment
dussehra/regional-dussehra-traditions-across-india/dussehra-in-bengaluru-ayudha-puja-and-karnataka-traditions.html,dussehra/regional-dussehra-traditions-across-india/dussehra-in-bengaluru-ayudha-puja-and-karnataka-traditions.html,no,merged,/Users/prashantdhingra/e/a3_output/happydeepawali.org/output/content/dussehra/regional-dussehra-traditions-across-india/footer.fragment
dussehra/regional-dussehra-traditions-across-india/how-dussehra-traditions-differ-across-north-south-east-and-west-india.html,dussehra/regional-dussehra-traditions-across-india/how-dussehra-traditions-differ-across-north-south-east-and-west-india.html,no,merged,/Users/prashantdhingra/e/a3_output/happydeepawali.org/output/content/dussehra/regional-dussehra-traditions-across-india/footer.fragment
dussehra/regional-dussehra-traditions-across-india/index.html,dussehra/regional-dussehra-traditions-across-india/index.html,no,merged,/Users/prashantdhingra/e/a3_output/happydeepawali.org/output/content/dussehra/regional-dussehra-traditions-across-india/footer.fragment
dussehra/regional-dussehra-traditions-across-india/dussehra-in-mysuru-royal-procession-palace-lights-and-traditions.html,dussehra/regional-dussehra-traditions-across-india/dussehra-in-mysuru-royal-procession-palace-lights-and-traditions.html,no,merged,/Users/prashantdhingra/e/a3_output/happydeepawali.org/output/content/dussehra/regional-dussehra-traditions-across-india/footer.fragment
dussehra/regional-dussehra-traditions-across-india/dussehra-in-kerala-vidyarambham-and-learning-traditions.html,dussehra/regional-dussehra-traditions-across-india/dussehra-in-kerala-vidyarambham-and-learning-traditions.html,no,merged,/Users/prashantdhingra/e/a3_output/happydeepawali.org/output/content/dussehra/regional-dussehra-traditions-across-india/footer.fragment
dussehra/regional-dussehra-traditions-across-india/dussehra-in-patna-ramlila-and-bihar-traditions.html,dussehra/regional-dussehra-traditions-across-india/dussehra-in-patna-ramlila-and-bihar-traditions.html,no,merged,/Users/prashantdhingra/e/a3_output/happydeepawali.org/output/content/dussehra/regional-dussehra-traditions-across-india/footer.fragment
dussehra/regional-dussehra-traditions-across-india/dussehra-in-ranchi-local-celebrations-and-jharkhand-traditions.html,dussehra/regional-dussehra-traditions-across-india/dussehra-in-ranchi-local-celebrations-and-jharkhand-traditions.html,no,merged,/Users/prashantdhingra/e/a3_output/happydeepawali.org/output/content/dussehra/regional-dussehra-traditions-across-india/footer.fragment
dussehra/regional-dussehra-traditions-across-india/dussehra-in-mumbai-community-events-and-vijayadashami-traditions.html,dussehra/regional-dussehra-traditions-across-india/dussehra-in-mumbai-community-events-and-vijayadashami-traditions.html,no,merged,/Users/prashantdhingra/e/a3_output/happydeepawali.org/output/content/dussehra/regional-dussehra-traditions-across-india/footer.fragment
dussehra/regional-dussehra-traditions-across-india/dussehra-in-kota-fairs-effigies-and-rajasthan-traditions.html,dussehra/regional-dussehra-traditions-across-india/dussehra-in-kota-fairs-effigies-and-rajasthan-traditions.html,no,merged,/Users/prashantdhingra/e/a3_output/happydeepawali.org/output/content/dussehra/regional-dussehra-traditions-across-india/footer.fragment
dussehra/regional-dussehra-traditions-across-india/kullu-dussehra-history-deities-and-week-long-celebrations.html,dussehra/regional-dussehra-traditions-across-india/kullu-dussehra-history-deities-and-week-long-celebrations.html,no,merged,/Users/prashantdhingra/e/a3_output/happydeepawali.org/output/content/dussehra/regional-dussehra-traditions-across-india/footer.fragment
dussehra/regional-dussehra-traditions-across-india/dussehra-in-jaipur-ramlila-fairs-and-local-customs.html,dussehra/regional-dussehra-traditions-across-india/dussehra-in-jaipur-ramlila-fairs-and-local-customs.html,no,merged,/Users/prashantdhingra/e/a3_output/happydeepawali.org/output/content/dussehra/regional-dussehra-traditions-across-india/footer.fragment
dussehra/regional-dussehra-traditions-across-india/dussehra-in-chennai-golu-saraswati-puja-and-vijayadashami.html,dussehra/regional-dussehra-traditions-across-india/dussehra-in-chennai-golu-saraswati-puja-and-vijayadashami.html,no,merged,/Users/prashantdhingra/e/a3_output/happydeepawali.org/output/content/dussehra/regional-dussehra-traditions-across-india/footer.fragment
dussehra/regional-dussehra-traditions-across-india/dussehra-in-ayodhya-rama-traditions-and-festival-celebrations.html,dussehra/regional-dussehra-traditions-across-india/dussehra-in-ayodhya-rama-traditions-and-festival-celebrations.html,no,merged,/Users/prashantdhingra/e/a3_output/happydeepawali.org/output/content/dussehra/regional-dussehra-traditions-across-india/footer.fragment
dussehra/regional-dussehra-traditions-across-india/dussehra-in-kanpur-fairs-ramlila-and-community-celebrations.html,dussehra/regional-dussehra-traditions-across-india/dussehra-in-kanpur-fairs-ramlila-and-community-celebrations.html,no,merged,/Users/prashantdhingra/e/a3_output/happydeepawali.org/output/content/dussehra/regional-dussehra-traditions-across-india/footer.fragment
dussehra/regional-dussehra-traditions-across-india/dussehra-in-hyderabad-bathukamma-connections-and-local-celebrations.html,dussehra/regional-dussehra-traditions-across-india/dussehra-in-hyderabad-bathukamma-connections-and-local-celebrations.html,no,merged,/Users/prashantdhingra/e/a3_output/happydeepawali.org/output/content/dussehra/regional-dussehra-traditions-across-india/footer.fragment
dussehra/regional-dussehra-traditions-across-india/dussehra-in-goa-shakti-and-local-temple-traditions.html,dussehra/regional-dussehra-traditions-across-india/dussehra-in-goa-shakti-and-local-temple-traditions.html,no,merged,/Users/prashantdhingra/e/a3_output/happydeepawali.org/output/content/dussehra/regional-dussehra-traditions-across-india/footer.fragment
dussehra/regional-dussehra-traditions-across-india/dussehra-in-varanasi-ramnagar-ramlila-and-local-traditions.html,dussehra/regional-dussehra-traditions-across-india/dussehra-in-varanasi-ramnagar-ramlila-and-local-traditions.html,no,merged,/Users/prashantdhingra/e/a3_output/happydeepawali.org/output/content/dussehra/regional-dussehra-traditions-across-india/footer.fragment
dussehra/regional-dussehra-traditions-across-india/dussehra-in-delhi-ramlila-effigy-burning-and-community-celebrations.html,dussehra/regional-dussehra-traditions-across-india/dussehra-in-delhi-ramlila-effigy-burning-and-community-celebrations.html,no,merged,/Users/prashantdhingra/e/a3_output/happydeepawali.org/output/content/dussehra/regional-dussehra-traditions-across-india/footer.fragment
dussehra/regional-dussehra-traditions-across-india/dussehra-in-pune-simollanghan-and-maharashtrian-customs.html,dussehra/regional-dussehra-traditions-across-india/dussehra-in-pune-simollanghan-and-maharashtrian-customs.html,no,merged,/Users/prashantdhingra/e/a3_output/happydeepawali.org/output/content/dussehra/regional-dussehra-traditions-across-india/footer.fragment
dussehra/regional-dussehra-traditions-across-india/dussehra-in-lucknow-ramlila-and-awadhi-traditions.html,dussehra/regional-dussehra-traditions-across-india/dussehra-in-lucknow-ramlila-and-awadhi-traditions.html,no,merged,/Users/prashantdhingra/e/a3_output/happydeepawali.org/output/content/dussehra/regional-dussehra-traditions-across-india/footer.fragment
dussehra/regional-dussehra-traditions-across-india/dussehra-in-nagpur-shami-puja-and-regional-traditions.html,dussehra/regional-dussehra-traditions-across-india/dussehra-in-nagpur-shami-puja-and-regional-traditions.html,no,merged,/Users/prashantdhingra/e/a3_output/happydeepawali.org/output/content/dussehra/regional-dussehra-traditions-across-india/footer.fragment
dussehra/ultra-long-tail-seo-faqs-comparisons-and-micro-topics/is-dussehra-the-same-day-as-vijayadashami.html,dussehra/ultra-long-tail-seo-faqs-comparisons-and-micro-topics/is-dussehra-the-same-day-as-vijayadashami.html,no,merged,/Users/prashantdhingra/e/a3_output/happydeepawali.org/output/content/dussehra/ultra-long-tail-seo-faqs-comparisons-and-micro-topics/footer.fragment
dussehra/ultra-long-tail-seo-faqs-comparisons-and-micro-topics/what-should-you-offer-during-dussehra-puja.html,dussehra/ultra-long-tail-seo-faqs-comparisons-and-micro-topics/what-should-you-offer-during-dussehra-puja.html,no,merged,/Users/prashantdhingra/e/a3_output/happydeepawali.org/output/content/dussehra/ultra-long-tail-seo-faqs-comparisons-and-micro-topics/footer.fragment
dussehra/ultra-long-tail-seo-faqs-comparisons-and-micro-topics/what-should-you-wear-on-dussehra.html,dussehra/ultra-long-tail-seo-faqs-comparisons-and-micro-topics/what-should-you-wear-on-dussehra.html,no,merged,/Users/prashantdhingra/e/a3_output/happydeepawali.org/output/content/dussehra/ultra-long-tail-seo-faqs-comparisons-and-micro-topics/footer.fragment
dussehra/ultra-long-tail-seo-faqs-comparisons-and-micro-topics/index.html,dussehra/ultra-long-tail-seo-faqs-comparisons-and-micro-topics/index.html,no,merged,/Users/prashantdhingra/e/a3_output/happydeepawali.org/output/content/dussehra/ultra-long-tail-seo-faqs-comparisons-and-micro-topics/footer.fragment
dussehra/ultra-long-tail-seo-faqs-comparisons-and-micro-topics/why-is-ravana-burned-on-dussehra.html,dussehra/ultra-long-tail-seo-faqs-comparisons-and-micro-topics/why-is-ravana-burned-on-dussehra.html,no,merged,/Users/prashantdhingra/e/a3_output/happydeepawali.org/output/content/dussehra/ultra-long-tail-seo-faqs-comparisons-and-micro-topics/footer.fragment
dussehra/ultra-long-tail-seo-faqs-comparisons-and-micro-topics/why-is-vidyarambham-performed-on-vijayadashami.html,dussehra/ultra-long-tail-seo-faqs-comparisons-and-micro-topics/why-is-vidyarambham-performed-on-vijayadashami.html,no,merged,/Users/prashantdhingra/e/a3_output/happydeepawali.org/output/content/dussehra/ultra-long-tail-seo-faqs-comparisons-and-micro-topics/footer.fragment
dussehra/ultra-long-tail-seo-faqs-comparisons-and-micro-topics/what-is-simollanghan-and-why-is-it-done.html,dussehra/ultra-long-tail-seo-faqs-comparisons-and-micro-topics/what-is-simollanghan-and-why-is-it-done.html,no,merged,/Users/prashantdhingra/e/a3_output/happydeepawali.org/output/content/dussehra/ultra-long-tail-seo-faqs-comparisons-and-micro-topics/footer.fragment
dussehra/ultra-long-tail-seo-faqs-comparisons-and-micro-topics/dussehra-glossary-50-terms-characters-rituals-and-traditions-explained.html,dussehra/ultra-long-tail-seo-faqs-comparisons-and-micro-topics/dussehra-glossary-50-terms-characters-rituals-and-traditions-explained.html,no,merged,/Users/prashantdhingra/e/a3_output/happydeepawali.org/output/content/dussehra/ultra-long-tail-seo-faqs-comparisons-and-micro-topics/footer.fragment
dussehra/ultra-long-tail-seo-faqs-comparisons-and-micro-topics/dussehra-at-home-vs-community-celebration-ideas-and-planning.html,dussehra/ultra-long-tail-seo-faqs-comparisons-and-micro-topics/dussehra-at-home-vs-community-celebration-ideas-and-planning.html,no,merged,/Users/prashantdhingra/e/a3_output/happydeepawali.org/output/content/dussehra/ultra-long-tail-seo-faqs-comparisons-and-micro-topics/footer.fragment
dussehra/ultra-long-tail-seo-faqs-comparisons-and-micro-topics/why-are-kumbhakarna-and-meghnad-effigies-burned-with-ravana.html,dussehra/ultra-long-tail-seo-faqs-comparisons-and-micro-topics/why-are-kumbhakarna-and-meghnad-effigies-burned-with-ravana.html,no,merged,/Users/prashantdhingra/e/a3_output/happydeepawali.org/output/content/dussehra/ultra-long-tail-seo-faqs-comparisons-and-micro-topics/footer.fragment
dussehra/ultra-long-tail-seo-faqs-comparisons-and-micro-topics/can-dussehra-be-celebrated-without-ravana-dahan.html,dussehra/ultra-long-tail-seo-faqs-comparisons-and-micro-topics/can-dussehra-be-celebrated-without-ravana-dahan.html,no,merged,/Users/prashantdhingra/e/a3_output/happydeepawali.org/output/content/dussehra/ultra-long-tail-seo-faqs-comparisons-and-micro-topics/footer.fragment
dussehra/ultra-long-tail-seo-faqs-comparisons-and-micro-topics/which-color-is-considered-auspicious-on-vijayadashami.html,dussehra/ultra-long-tail-seo-faqs-comparisons-and-micro-topics/which-color-is-considered-auspicious-on-vijayadashami.html,no,merged,/Users/prashantdhingra/e/a3_output/happydeepawali.org/output/content/dussehra/ultra-long-tail-seo-faqs-comparisons-and-micro-topics/footer.fragment
dussehra/ultra-long-tail-seo-faqs-comparisons-and-micro-topics/why-are-apta-leaves-exchanged-on-dussehra.html,dussehra/ultra-long-tail-seo-faqs-comparisons-and-micro-topics/why-are-apta-leaves-exchanged-on-dussehra.html,no,merged,/Users/prashantdhingra/e/a3_output/happydeepawali.org/output/content/dussehra/ultra-long-tail-seo-faqs-comparisons-and-micro-topics/footer.fragment
dussehra/ultra-long-tail-seo-faqs-comparisons-and-micro-topics/why-do-people-buy-vehicles-on-vijayadashami.html,dussehra/ultra-long-tail-seo-faqs-comparisons-and-micro-topics/why-do-people-buy-vehicles-on-vijayadashami.html,no,merged,/Users/prashantdhingra/e/a3_output/happydeepawali.org/output/content/dussehra/ultra-long-tail-seo-faqs-comparisons-and-micro-topics/footer.fragment
dussehra/ultra-long-tail-seo-faqs-comparisons-and-micro-topics/dussehra-vs-diwali-which-comes-first-and-how-are-they-connected.html,dussehra/ultra-long-tail-seo-faqs-comparisons-and-micro-topics/dussehra-vs-diwali-which-comes-first-and-how-are-they-connected.html,no,merged,/Users/prashantdhingra/e/a3_output/happydeepawali.org/output/content/dussehra/ultra-long-tail-seo-faqs-comparisons-and-micro-topics/footer.fragment
dussehra/ultra-long-tail-seo-faqs-comparisons-and-micro-topics/can-you-start-a-new-business-on-dussehra.html,dussehra/ultra-long-tail-seo-faqs-comparisons-and-micro-topics/can-you-start-a-new-business-on-dussehra.html,no,merged,/Users/prashantdhingra/e/a3_output/happydeepawali.org/output/content/dussehra/ultra-long-tail-seo-faqs-comparisons-and-micro-topics/footer.fragment
dussehra/ultra-long-tail-seo-faqs-comparisons-and-micro-topics/why-does-ravana-have-ten-heads.html,dussehra/ultra-long-tail-seo-faqs-comparisons-and-micro-topics/why-does-ravana-have-ten-heads.html,no,merged,/Users/prashantdhingra/e/a3_output/happydeepawali.org/output/content/dussehra/ultra-long-tail-seo-faqs-comparisons-and-micro-topics/footer.fragment
dussehra/ultra-long-tail-seo-faqs-comparisons-and-micro-topics/what-time-is-ravana-dahan-usually-performed.html,dussehra/ultra-long-tail-seo-faqs-comparisons-and-micro-topics/what-time-is-ravana-dahan-usually-performed.html,no,merged,/Users/prashantdhingra/e/a3_output/happydeepawali.org/output/content/dussehra/ultra-long-tail-seo-faqs-comparisons-and-micro-topics/footer.fragment
dussehra/ultra-long-tail-seo-faqs-comparisons-and-micro-topics/100-dussehra-questions-and-answers-complete-festival-faq.html,dussehra/ultra-long-tail-seo-faqs-comparisons-and-micro-topics/100-dussehra-questions-and-answers-complete-festival-faq.html,no,merged,/Users/prashantdhingra/e/a3_output/happydeepawali.org/output/content/dussehra/ultra-long-tail-seo-faqs-comparisons-and-micro-topics/footer.fragment
dussehra/ultra-long-tail-seo-faqs-comparisons-and-micro-topics/why-are-books-and-instruments-worshipped-on-vijayadashami.html,dussehra/ultra-long-tail-seo-faqs-comparisons-and-micro-topics/why-are-books-and-instruments-worshipped-on-vijayadashami.html,no,merged,/Users/prashantdhingra/e/a3_output/happydeepawali.org/output/content/dussehra/ultra-long-tail-seo-faqs-comparisons-and-micro-topics/footer.fragment
dussehra/ultra-long-tail-seo-faqs-comparisons-and-micro-topics/dussehra-vs-navratri-dates-rituals-and-meaning.html,dussehra/ultra-long-tail-seo-faqs-comparisons-and-micro-topics/dussehra-vs-navratri-dates-rituals-and-meaning.html,no,merged,/Users/prashantdhingra/e/a3_output/happydeepawali.org/output/content/dussehra/ultra-long-tail-seo-faqs-comparisons-and-micro-topics/footer.fragment
dussehra/durga-vijayadashami-and-shakti-traditions/index.html,dussehra/durga-vijayadashami-and-shakti-traditions/index.html,no,merged,/Users/prashantdhingra/e/a3_output/happydeepawali.org/output/content/dussehra/durga-vijayadashami-and-shakti-traditions/footer.fragment
dussehra/durga-vijayadashami-and-shakti-traditions/dussehra-and-durga-puja-similarities-and-differences.html,dussehra/durga-vijayadashami-and-shakti-traditions/dussehra-and-durga-puja-similarities-and-differences.html,no,merged,/Users/prashantdhingra/e/a3_output/happydeepawali.org/output/content/dussehra/durga-vijayadashami-and-shakti-traditions/footer.fragment
dussehra/durga-vijayadashami-and-shakti-traditions/vijayadashami-traditions-in-assam.html,dussehra/durga-vijayadashami-and-shakti-traditions/vijayadashami-traditions-in-assam.html,no,merged,/Users/prashantdhingra/e/a3_output/happydeepawali.org/output/content/dussehra/durga-vijayadashami-and-shakti-traditions/footer.fragment
dussehra/durga-vijayadashami-and-shakti-traditions/how-families-celebrate-bijoya-dashami-at-home.html,dussehra/durga-vijayadashami-and-shakti-traditions/how-families-celebrate-bijoya-dashami-at-home.html,no,merged,/Users/prashantdhingra/e/a3_output/happydeepawali.org/output/content/dussehra/durga-vijayadashami-and-shakti-traditions/footer.fragment
dussehra/durga-vijayadashami-and-shakti-traditions/durga-puja-visarjan-and-vijayadashami-what-happens-on-the-final-day.html,dussehra/durga-vijayadashami-and-shakti-traditions/durga-puja-visarjan-and-vijayadashami-what-happens-on-the-final-day.html,no,merged,/Users/prashantdhingra/e/a3_output/happydeepawali.org/output/content/dussehra/durga-vijayadashami-and-shakti-traditions/footer.fragment
dussehra/durga-vijayadashami-and-shakti-traditions/vijayadashami-traditions-in-west-bengal.html,dussehra/durga-vijayadashami-and-shakti-traditions/vijayadashami-traditions-in-west-bengal.html,no,merged,/Users/prashantdhingra/e/a3_output/happydeepawali.org/output/content/dussehra/durga-vijayadashami-and-shakti-traditions/footer.fragment
dussehra/durga-vijayadashami-and-shakti-traditions/why-vijayadashami-marks-the-end-of-durga-puja.html,dussehra/durga-vijayadashami-and-shakti-traditions/why-vijayadashami-marks-the-end-of-durga-puja.html,no,merged,/Users/prashantdhingra/e/a3_output/happydeepawali.org/output/content/dussehra/durga-vijayadashami-and-shakti-traditions/footer.fragment
dussehra/durga-vijayadashami-and-shakti-traditions/vijayadashami-and-goddess-durga-story-meaning-and-traditions.html,dussehra/durga-vijayadashami-and-shakti-traditions/vijayadashami-and-goddess-durga-story-meaning-and-traditions.html,no,merged,/Users/prashantdhingra/e/a3_output/happydeepawali.org/output/content/dussehra/durga-vijayadashami-and-shakti-traditions/footer.fragment
dussehra/durga-vijayadashami-and-shakti-traditions/navratri-to-vijayadashami-how-the-ten-day-festival-cycle-works.html,dussehra/durga-vijayadashami-and-shakti-traditions/navratri-to-vijayadashami-how-the-ten-day-festival-cycle-works.html,no,merged,/Users/prashantdhingra/e/a3_output/happydeepawali.org/output/content/dussehra/durga-vijayadashami-and-shakti-traditions/footer.fragment
dussehra/durga-vijayadashami-and-shakti-traditions/why-people-visit-friends-and-family-on-bijoya-dashami.html,dussehra/durga-vijayadashami-and-shakti-traditions/why-people-visit-friends-and-family-on-bijoya-dashami.html,no,merged,/Users/prashantdhingra/e/a3_output/happydeepawali.org/output/content/dussehra/durga-vijayadashami-and-shakti-traditions/footer.fragment
dussehra/durga-vijayadashami-and-shakti-traditions/sindoor-khela-on-vijayadashami-meaning-and-tradition.html,dussehra/durga-vijayadashami-and-shakti-traditions/sindoor-khela-on-vijayadashami-meaning-and-tradition.html,no,merged,/Users/prashantdhingra/e/a3_output/happydeepawali.org/output/content/dussehra/durga-vijayadashami-and-shakti-traditions/footer.fragment
dussehra/durga-vijayadashami-and-shakti-traditions/bijoya-dashami-bengali-traditions-greetings-and-customs.html,dussehra/durga-vijayadashami-and-shakti-traditions/bijoya-dashami-bengali-traditions-greetings-and-customs.html,no,merged,/Users/prashantdhingra/e/a3_output/happydeepawali.org/output/content/dussehra/durga-vijayadashami-and-shakti-traditions/footer.fragment
dussehra/durga-vijayadashami-and-shakti-traditions/the-spiritual-meaning-of-durgas-return-on-vijayadashami.html,dussehra/durga-vijayadashami-and-shakti-traditions/the-spiritual-meaning-of-durgas-return-on-vijayadashami.html,no,merged,/Users/prashantdhingra/e/a3_output/happydeepawali.org/output/content/dussehra/durga-vijayadashami-and-shakti-traditions/footer.fragment
dussehra/durga-vijayadashami-and-shakti-traditions/mahishasura-mardini-the-story-behind-durgas-victory.html,dussehra/durga-vijayadashami-and-shakti-traditions/mahishasura-mardini-the-story-behind-durgas-victory.html,no,merged,/Users/prashantdhingra/e/a3_output/happydeepawali.org/output/content/dussehra/durga-vijayadashami-and-shakti-traditions/footer.fragment
dussehra/durga-vijayadashami-and-shakti-traditions/vijayadashami-traditions-in-odisha.html,dussehra/durga-vijayadashami-and-shakti-traditions/vijayadashami-traditions-in-odisha.html,no,merged,/Users/prashantdhingra/e/a3_output/happydeepawali.org/output/content/dussehra/durga-vijayadashami-and-shakti-traditions/footer.fragment
dussehra/durga-vijayadashami-and-shakti-traditions/traditional-foods-served-on-bijoya-dashami.html,dussehra/durga-vijayadashami-and-shakti-traditions/traditional-foods-served-on-bijoya-dashami.html,no,merged,/Users/prashantdhingra/e/a3_output/happydeepawali.org/output/content/dussehra/durga-vijayadashami-and-shakti-traditions/footer.fragment
dussehra/durga-vijayadashami-and-shakti-traditions/vijayadashami-blessings-and-respect-for-elders.html,dussehra/durga-vijayadashami-and-shakti-traditions/vijayadashami-blessings-and-respect-for-elders.html,no,merged,/Users/prashantdhingra/e/a3_output/happydeepawali.org/output/content/dussehra/durga-vijayadashami-and-shakti-traditions/footer.fragment
dussehra/durga-vijayadashami-and-shakti-traditions/durga-puja-pandals-to-visarjan-the-journey-to-vijayadashami.html,dussehra/durga-vijayadashami-and-shakti-traditions/durga-puja-pandals-to-visarjan-the-journey-to-vijayadashami.html,no,merged,/Users/prashantdhingra/e/a3_output/happydeepawali.org/output/content/dussehra/durga-vijayadashami-and-shakti-traditions/footer.fragment
dussehra/durga-vijayadashami-and-shakti-traditions/vijayadashami-traditions-in-tripura.html,dussehra/durga-vijayadashami-and-shakti-traditions/vijayadashami-traditions-in-tripura.html,no,merged,/Users/prashantdhingra/e/a3_output/happydeepawali.org/output/content/dussehra/durga-vijayadashami-and-shakti-traditions/footer.fragment
dussehra/durga-vijayadashami-and-shakti-traditions/why-durga-is-seen-as-a-symbol-of-shakti-on-vijayadashami.html,dussehra/durga-vijayadashami-and-shakti-traditions/why-durga-is-seen-as-a-symbol-of-shakti-on-vijayadashami.html,no,merged,/Users/prashantdhingra/e/a3_output/happydeepawali.org/output/content/dussehra/durga-vijayadashami-and-shakti-traditions/footer.fragment
dussehra/durga-vijayadashami-and-shakti-traditions/vijayadashami-for-beginners-a-guide-to-bengali-and-shakti-traditions.html,dussehra/durga-vijayadashami-and-shakti-traditions/vijayadashami-for-beginners-a-guide-to-bengali-and-shakti-traditions.html,no,merged,/Users/prashantdhingra/e/a3_output/happydeepawali.org/output/content/dussehra/durga-vijayadashami-and-shakti-traditions/footer.fragment
dussehra/cards/index.html,dussehra/cards/index.html,no,merged,/Users/prashantdhingra/e/a3_output/happydeepawali.org/output/content/dussehra/cards/footer.fragment
dussehra/cards/wishes/11-assamese-dussehra-wishes.html,dussehra/cards/wishes/11-assamese-dussehra-wishes.html,no,merged,/Users/prashantdhingra/e/a3_output/happydeepawali.org/output/content/dussehra/cards/wishes/footer.fragment
dussehra/cards/wishes/20-sindhi-dussehra-wishes.html,dussehra/cards/wishes/20-sindhi-dussehra-wishes.html,no,merged,/Users/prashantdhingra/e/a3_output/happydeepawali.org/output/content/dussehra/cards/wishes/footer.fragment
dussehra/cards/wishes/07-telugu-dussehra-wishes.html,dussehra/cards/wishes/07-telugu-dussehra-wishes.html,no,merged,/Users/prashantdhingra/e/a3_output/happydeepawali.org/output/content/dussehra/cards/wishes/footer.fragment
dussehra/cards/wishes/21-manipuri-meitei-dussehra-wishes.html,dussehra/cards/wishes/21-manipuri-meitei-dussehra-wishes.html,no,merged,/Users/prashantdhingra/e/a3_output/happydeepawali.org/output/content/dussehra/cards/wishes/footer.fragment
dussehra/cards/wishes/13-nepali-dussehra-wishes.html,dussehra/cards/wishes/13-nepali-dussehra-wishes.html,no,merged,/Users/prashantdhingra/e/a3_output/happydeepawali.org/output/content/dussehra/cards/wishes/footer.fragment
dussehra/cards/wishes/30-chinese-simplified-dussehra-wishes.html,dussehra/cards/wishes/30-chinese-simplified-dussehra-wishes.html,no,merged,/Users/prashantdhingra/e/a3_output/happydeepawali.org/output/content/dussehra/cards/wishes/footer.fragment
dussehra/cards/wishes/04-marathi-dussehra-wishes.html,dussehra/cards/wishes/04-marathi-dussehra-wishes.html,no,merged,/Users/prashantdhingra/e/a3_output/happydeepawali.org/output/content/dussehra/cards/wishes/footer.fragment
dussehra/cards/wishes/12-odia-dussehra-wishes.html,dussehra/cards/wishes/12-odia-dussehra-wishes.html,no,merged,/Users/prashantdhingra/e/a3_output/happydeepawali.org/output/content/dussehra/cards/wishes/footer.fragment
dussehra/cards/wishes/31-arabic-dussehra-wishes.html,dussehra/cards/wishes/31-arabic-dussehra-wishes.html,no,merged,/Users/prashantdhingra/e/a3_output/happydeepawali.org/output/content/dussehra/cards/wishes/footer.fragment
dussehra/cards/wishes/10-punjabi-dussehra-wishes.html,dussehra/cards/wishes/10-punjabi-dussehra-wishes.html,no,merged,/Users/prashantdhingra/e/a3_output/happydeepawali.org/output/content/dussehra/cards/wishes/footer.fragment
dussehra/cards/wishes/23-bodo-dussehra-wishes.html,dussehra/cards/wishes/23-bodo-dussehra-wishes.html,no,merged,/Users/prashantdhingra/e/a3_output/happydeepawali.org/output/content/dussehra/cards/wishes/footer.fragment
dussehra/cards/wishes/27-tibetan-dussehra-wishes.html,dussehra/cards/wishes/27-tibetan-dussehra-wishes.html,no,merged,/Users/prashantdhingra/e/a3_output/happydeepawali.org/output/content/dussehra/cards/wishes/footer.fragment
dussehra/cards/wishes/26-garo-dussehra-wishes.html,dussehra/cards/wishes/26-garo-dussehra-wishes.html,no,merged,/Users/prashantdhingra/e/a3_output/happydeepawali.org/output/content/dussehra/cards/wishes/footer.fragment
dussehra/cards/wishes/01-hindi-dussehra-wishes.html,dussehra/cards/wishes/01-hindi-dussehra-wishes.html,no,merged,/Users/prashantdhingra/e/a3_output/happydeepawali.org/output/content/dussehra/cards/wishes/footer.fragment
dussehra/cards/wishes/25-khasi-dussehra-wishes.html,dussehra/cards/wishes/25-khasi-dussehra-wishes.html,no,merged,/Users/prashantdhingra/e/a3_output/happydeepawali.org/output/content/dussehra/cards/wishes/footer.fragment
dussehra/cards/wishes/28-korean-dussehra-wishes.html,dussehra/cards/wishes/28-korean-dussehra-wishes.html,no,merged,/Users/prashantdhingra/e/a3_output/happydeepawali.org/output/content/dussehra/cards/wishes/footer.fragment
dussehra/cards/wishes/22-santali-dussehra-wishes.html,dussehra/cards/wishes/22-santali-dussehra-wishes.html,no,merged,/Users/prashantdhingra/e/a3_output/happydeepawali.org/output/content/dussehra/cards/wishes/footer.fragment
dussehra/cards/wishes/02-english-dussehra-wishes.html,dussehra/cards/wishes/02-english-dussehra-wishes.html,no,merged,/Users/prashantdhingra/e/a3_output/happydeepawali.org/output/content/dussehra/cards/wishes/footer.fragment
dussehra/cards/wishes/17-maithili-dussehra-wishes.html,dussehra/cards/wishes/17-maithili-dussehra-wishes.html,no,merged,/Users/prashantdhingra/e/a3_output/happydeepawali.org/output/content/dussehra/cards/wishes/footer.fragment
dussehra/cards/wishes/03-gujarati-dussehra-wishes.html,dussehra/cards/wishes/03-gujarati-dussehra-wishes.html,no,merged,/Users/prashantdhingra/e/a3_output/happydeepawali.org/output/content/dussehra/cards/wishes/footer.fragment
dussehra/cards/wishes/05-bengali-dussehra-wishes.html,dussehra/cards/wishes/05-bengali-dussehra-wishes.html,no,merged,/Users/prashantdhingra/e/a3_output/happydeepawali.org/output/content/dussehra/cards/wishes/footer.fragment
dussehra/cards/wishes/08-kannada-dussehra-wishes.html,dussehra/cards/wishes/08-kannada-dussehra-wishes.html,no,merged,/Users/prashantdhingra/e/a3_output/happydeepawali.org/output/content/dussehra/cards/wishes/footer.fragment
dussehra/cards/wishes/29-japanese-dussehra-wishes.html,dussehra/cards/wishes/29-japanese-dussehra-wishes.html,no,merged,/Users/prashantdhingra/e/a3_output/happydeepawali.org/output/content/dussehra/cards/wishes/footer.fragment
dussehra/cards/wishes/16-bhojpuri-dussehra-wishes.html,dussehra/cards/wishes/16-bhojpuri-dussehra-wishes.html,no,merged,/Users/prashantdhingra/e/a3_output/happydeepawali.org/output/content/dussehra/cards/wishes/footer.fragment
dussehra/cards/wishes/14-urdu-dussehra-wishes.html,dussehra/cards/wishes/14-urdu-dussehra-wishes.html,no,merged,/Users/prashantdhingra/e/a3_output/happydeepawali.org/output/content/dussehra/cards/wishes/footer.fragment
dussehra/cards/wishes/09-malayalam-dussehra-wishes.html,dussehra/cards/wishes/09-malayalam-dussehra-wishes.html,no,merged,/Users/prashantdhingra/e/a3_output/happydeepawali.org/output/content/dussehra/cards/wishes/footer.fragment
dussehra/cards/wishes/19-konkani-dussehra-wishes.html,dussehra/cards/wishes/19-konkani-dussehra-wishes.html,no,merged,/Users/prashantdhingra/e/a3_output/happydeepawali.org/output/content/dussehra/cards/wishes/footer.fragment
dussehra/cards/wishes/06-tamil-dussehra-wishes.html,dussehra/cards/wishes/06-tamil-dussehra-wishes.html,no,merged,/Users/prashantdhingra/e/a3_output/happydeepawali.org/output/content/dussehra/cards/wishes/footer.fragment
dussehra/cards/wishes/24-mizo-dussehra-wishes.html,dussehra/cards/wishes/24-mizo-dussehra-wishes.html,no,merged,/Users/prashantdhingra/e/a3_output/happydeepawali.org/output/content/dussehra/cards/wishes/footer.fragment
dussehra/cards/wishes/15-sanskrit-dussehra-wishes.html,dussehra/cards/wishes/15-sanskrit-dussehra-wishes.html,no,merged,/Users/prashantdhingra/e/a3_output/happydeepawali.org/output/content/dussehra/cards/wishes/footer.fragment
dussehra/cards/wishes/18-dogri-dussehra-wishes.html,dussehra/cards/wishes/18-dogri-dussehra-wishes.html,no,merged,/Users/prashantdhingra/e/a3_output/happydeepawali.org/output/content/dussehra/cards/wishes/footer.fragment
dussehra/food-sweets-fasting-and-festive-recipes/dussehra-prasad-ideas-for-home-puja.html,dussehra/food-sweets-fasting-and-festive-recipes/dussehra-prasad-ideas-for-home-puja.html,no,merged,/Users/prashantdhingra/e/a3_output/happydeepawali.org/output/content/dussehra/food-sweets-fasting-and-festive-recipes/footer.fragment
dussehra/food-sweets-fasting-and-festive-recipes/regional-dussehra-foods-from-north-south-east-and-west-india.html,dussehra/food-sweets-fasting-and-festive-recipes/regional-dussehra-foods-from-north-south-east-and-west-india.html,no,merged,/Users/prashantdhingra/e/a3_output/happydeepawali.org/output/content/dussehra/food-sweets-fasting-and-festive-recipes/footer.fragment
dussehra/food-sweets-fasting-and-festive-recipes/traditional-dussehra-foods-across-india.html,dussehra/food-sweets-fasting-and-festive-recipes/traditional-dussehra-foods-across-india.html,no,merged,/Users/prashantdhingra/e/a3_output/happydeepawali.org/output/content/dussehra/food-sweets-fasting-and-festive-recipes/footer.fragment
dussehra/food-sweets-fasting-and-festive-recipes/index.html,dussehra/food-sweets-fasting-and-festive-recipes/index.html,no,merged,/Users/prashantdhingra/e/a3_output/happydeepawali.org/output/content/dussehra/food-sweets-fasting-and-festive-recipes/footer.fragment
dussehra/food-sweets-fasting-and-festive-recipes/jalebi-and-dussehra-why-this-sweet-is-popular-during-the-festival.html,dussehra/food-sweets-fasting-and-festive-recipes/jalebi-and-dussehra-why-this-sweet-is-popular-during-the-festival.html,no,merged,/Users/prashantdhingra/e/a3_output/happydeepawali.org/output/content/dussehra/food-sweets-fasting-and-festive-recipes/footer.fragment
dussehra/food-sweets-fasting-and-festive-recipes/dussehra-potluck-menu-ideas.html,dussehra/food-sweets-fasting-and-festive-recipes/dussehra-potluck-menu-ideas.html,no,merged,/Users/prashantdhingra/e/a3_output/happydeepawali.org/output/content/dussehra/food-sweets-fasting-and-festive-recipes/footer.fragment
dussehra/food-sweets-fasting-and-festive-recipes/vegetarian-dussehra-dinner-menu-ideas.html,dussehra/food-sweets-fasting-and-festive-recipes/vegetarian-dussehra-dinner-menu-ideas.html,no,merged,/Users/prashantdhingra/e/a3_output/happydeepawali.org/output/content/dussehra/food-sweets-fasting-and-festive-recipes/footer.fragment
dussehra/food-sweets-fasting-and-festive-recipes/healthy-dussehra-snack-and-sweet-ideas.html,dussehra/food-sweets-fasting-and-festive-recipes/healthy-dussehra-snack-and-sweet-ideas.html,no,merged,/Users/prashantdhingra/e/a3_output/happydeepawali.org/output/content/dussehra/food-sweets-fasting-and-festive-recipes/footer.fragment
dussehra/food-sweets-fasting-and-festive-recipes/easy-dussehra-sweets-you-can-make-at-home.html,dussehra/food-sweets-fasting-and-festive-recipes/easy-dussehra-sweets-you-can-make-at-home.html,no,merged,/Users/prashantdhingra/e/a3_output/happydeepawali.org/output/content/dussehra/food-sweets-fasting-and-festive-recipes/footer.fragment
dussehra/food-sweets-fasting-and-festive-recipes/dussehra-recipes-for-a-large-family-gathering.html,dussehra/food-sweets-fasting-and-festive-recipes/dussehra-recipes-for-a-large-family-gathering.html,no,merged,/Users/prashantdhingra/e/a3_output/happydeepawali.org/output/content/dussehra/food-sweets-fasting-and-festive-recipes/footer.fragment
dussehra/food-sweets-fasting-and-festive-recipes/festive-rice-dishes-for-dussehra.html,dussehra/food-sweets-fasting-and-festive-recipes/festive-rice-dishes-for-dussehra.html,no,merged,/Users/prashantdhingra/e/a3_output/happydeepawali.org/output/content/dussehra/food-sweets-fasting-and-festive-recipes/footer.fragment
dussehra/food-sweets-fasting-and-festive-recipes/payasam-recipes-for-vijayadashami.html,dussehra/food-sweets-fasting-and-festive-recipes/payasam-recipes-for-vijayadashami.html,no,merged,/Users/prashantdhingra/e/a3_output/happydeepawali.org/output/content/dussehra/food-sweets-fasting-and-festive-recipes/footer.fragment
dussehra/food-sweets-fasting-and-festive-recipes/20-traditional-and-modern-dussehra-recipes-for-a-festive-meal.html,dussehra/food-sweets-fasting-and-festive-recipes/20-traditional-and-modern-dussehra-recipes-for-a-festive-meal.html,no,merged,/Users/prashantdhingra/e/a3_output/happydeepawali.org/output/content/dussehra/food-sweets-fasting-and-festive-recipes/footer.fragment
dussehra/food-sweets-fasting-and-festive-recipes/kheer-recipes-for-dussehra-and-vijayadashami.html,dussehra/food-sweets-fasting-and-festive-recipes/kheer-recipes-for-dussehra-and-vijayadashami.html,no,merged,/Users/prashantdhingra/e/a3_output/happydeepawali.org/output/content/dussehra/food-sweets-fasting-and-festive-recipes/footer.fragment
dussehra/food-sweets-fasting-and-festive-recipes/navratri-fasting-to-dussehra-feast-how-the-food-traditions-change.html,dussehra/food-sweets-fasting-and-festive-recipes/navratri-fasting-to-dussehra-feast-how-the-food-traditions-change.html,no,merged,/Users/prashantdhingra/e/a3_output/happydeepawali.org/output/content/dussehra/food-sweets-fasting-and-festive-recipes/footer.fragment
dussehra/food-sweets-fasting-and-festive-recipes/sundal-recipes-for-navratri-and-vijayadashami.html,dussehra/food-sweets-fasting-and-festive-recipes/sundal-recipes-for-navratri-and-vijayadashami.html,no,merged,/Users/prashantdhingra/e/a3_output/happydeepawali.org/output/content/dussehra/food-sweets-fasting-and-festive-recipes/footer.fragment
dussehra/food-sweets-fasting-and-festive-recipes/dussehra-sweets-popular-mithai-and-festive-desserts.html,dussehra/food-sweets-fasting-and-festive-recipes/dussehra-sweets-popular-mithai-and-festive-desserts.html,no,merged,/Users/prashantdhingra/e/a3_output/happydeepawali.org/output/content/dussehra/food-sweets-fasting-and-festive-recipes/footer.fragment
dussehra/food-sweets-fasting-and-festive-recipes/shrikhand-and-puri-for-dussehra-traditional-meal-ideas.html,dussehra/food-sweets-fasting-and-festive-recipes/shrikhand-and-puri-for-dussehra-traditional-meal-ideas.html,no,merged,/Users/prashantdhingra/e/a3_output/happydeepawali.org/output/content/dussehra/food-sweets-fasting-and-festive-recipes/footer.fragment
dussehra/food-sweets-fasting-and-festive-recipes/fafda-jalebi-for-dussehra-gujarati-tradition-and-recipe-guide.html,dussehra/food-sweets-fasting-and-festive-recipes/fafda-jalebi-for-dussehra-gujarati-tradition-and-recipe-guide.html,no,merged,/Users/prashantdhingra/e/a3_output/happydeepawali.org/output/content/dussehra/food-sweets-fasting-and-festive-recipes/footer.fragment
dussehra/food-sweets-fasting-and-festive-recipes/dussehra-snack-ideas-for-guests.html,dussehra/food-sweets-fasting-and-festive-recipes/dussehra-snack-ideas-for-guests.html,no,merged,/Users/prashantdhingra/e/a3_output/happydeepawali.org/output/content/dussehra/food-sweets-fasting-and-festive-recipes/footer.fragment
dussehra/food-sweets-fasting-and-festive-recipes/puran-poli-for-dussehra-maharashtrian-festive-recipe.html,dussehra/food-sweets-fasting-and-festive-recipes/puran-poli-for-dussehra-maharashtrian-festive-recipe.html,no,merged,/Users/prashantdhingra/e/a3_output/happydeepawali.org/output/content/dussehra/food-sweets-fasting-and-festive-recipes/footer.fragment
dussehra/foundation-history-meaning-and-core-traditions/dussehra-vs-vijayadashami-are-they-the-same-festival.html,dussehra/foundation-history-meaning-and-core-traditions/dussehra-vs-vijayadashami-are-they-the-same-festival.html,no,merged,/Users/prashantdhingra/e/a3_output/happydeepawali.org/output/content/dussehra/foundation-history-meaning-and-core-traditions/footer.fragment
dussehra/foundation-history-meaning-and-core-traditions/what-to-do-on-dussehra-day-complete-celebration-checklist.html,dussehra/foundation-history-meaning-and-core-traditions/what-to-do-on-dussehra-day-complete-celebration-checklist.html,no,merged,/Users/prashantdhingra/e/a3_output/happydeepawali.org/output/content/dussehra/foundation-history-meaning-and-core-traditions/footer.fragment
dussehra/foundation-history-meaning-and-core-traditions/index.html,dussehra/foundation-history-meaning-and-core-traditions/index.html,no,merged,/Users/prashantdhingra/e/a3_output/happydeepawali.org/output/content/dussehra/foundation-history-meaning-and-core-traditions/footer.fragment
dussehra/foundation-history-meaning-and-core-traditions/how-dussehra-is-celebrated-across-india.html,dussehra/foundation-history-meaning-and-core-traditions/how-dussehra-is-celebrated-across-india.html,no,merged,/Users/prashantdhingra/e/a3_output/happydeepawali.org/output/content/dussehra/foundation-history-meaning-and-core-traditions/footer.fragment
dussehra/foundation-history-meaning-and-core-traditions/dussehra-festival-complete-guide-to-history-meaning-traditions-and-celebration.html,dussehra/foundation-history-meaning-and-core-traditions/dussehra-festival-complete-guide-to-history-meaning-traditions-and-celebration.html,no,merged,/Users/prashantdhingra/e/a3_output/happydeepawali.org/output/content/dussehra/foundation-history-meaning-and-core-traditions/footer.fragment
dussehra/foundation-history-meaning-and-core-traditions/how-dussehra-has-changed-from-traditional-fairs-to-modern-celebrations.html,dussehra/foundation-history-meaning-and-core-traditions/how-dussehra-has-changed-from-traditional-fairs-to-modern-celebrations.html,no,merged,/Users/prashantdhingra/e/a3_output/happydeepawali.org/output/content/dussehra/foundation-history-meaning-and-core-traditions/footer.fragment
dussehra/foundation-history-meaning-and-core-traditions/why-is-shami-or-apta-tree-worshipped-on-dussehra.html,dussehra/foundation-history-meaning-and-core-traditions/why-is-shami-or-apta-tree-worshipped-on-dussehra.html,no,merged,/Users/prashantdhingra/e/a3_output/happydeepawali.org/output/content/dussehra/foundation-history-meaning-and-core-traditions/footer.fragment
dussehra/foundation-history-meaning-and-core-traditions/dussehra-myths-vs-facts.html,dussehra/foundation-history-meaning-and-core-traditions/dussehra-myths-vs-facts.html,no,merged,/Users/prashantdhingra/e/a3_output/happydeepawali.org/output/content/dussehra/foundation-history-meaning-and-core-traditions/footer.fragment
dussehra/foundation-history-meaning-and-core-traditions/what-does-the-victory-of-good-over-evil-mean-on-dussehra.html,dussehra/foundation-history-meaning-and-core-traditions/what-does-the-victory-of-good-over-evil-mean-on-dussehra.html,no,merged,/Users/prashantdhingra/e/a3_output/happydeepawali.org/output/content/dussehra/foundation-history-meaning-and-core-traditions/footer.fragment
dussehra/foundation-history-meaning-and-core-traditions/dussehra-traditions-ramlila-processions-puja-and-effigy-burning.html,dussehra/foundation-history-meaning-and-core-traditions/dussehra-traditions-ramlila-processions-puja-and-effigy-burning.html,no,merged,/Users/prashantdhingra/e/a3_output/happydeepawali.org/output/content/dussehra/foundation-history-meaning-and-core-traditions/footer.fragment
dussehra/foundation-history-meaning-and-core-traditions/dussehra-for-beginners-everything-you-need-to-know.html,dussehra/foundation-history-meaning-and-core-traditions/dussehra-for-beginners-everything-you-need-to-know.html,no,merged,/Users/prashantdhingra/e/a3_output/happydeepawali.org/output/content/dussehra/foundation-history-meaning-and-core-traditions/footer.fragment
dussehra/foundation-history-meaning-and-core-traditions/dussehra-puja-vidhi-simple-home-celebration-guide.html,dussehra/foundation-history-meaning-and-core-traditions/dussehra-puja-vidhi-simple-home-celebration-guide.html,no,merged,/Users/prashantdhingra/e/a3_output/happydeepawali.org/output/content/dussehra/foundation-history-meaning-and-core-traditions/footer.fragment
dussehra/foundation-history-meaning-and-core-traditions/why-is-ravana-effigy-burning-part-of-dussehra.html,dussehra/foundation-history-meaning-and-core-traditions/why-is-ravana-effigy-burning-part-of-dussehra.html,no,merged,/Users/prashantdhingra/e/a3_output/happydeepawali.org/output/content/dussehra/foundation-history-meaning-and-core-traditions/footer.fragment
dussehra/foundation-history-meaning-and-core-traditions/why-are-weapons-and-tools-worshipped-on-vijayadashami.html,dussehra/foundation-history-meaning-and-core-traditions/why-are-weapons-and-tools-worshipped-on-vijayadashami.html,no,merged,/Users/prashantdhingra/e/a3_output/happydeepawali.org/output/content/dussehra/foundation-history-meaning-and-core-traditions/footer.fragment
dussehra/foundation-history-meaning-and-core-traditions/why-is-dussehra-celebrated-after-navratri.html,dussehra/foundation-history-meaning-and-core-traditions/why-is-dussehra-celebrated-after-navratri.html,no,merged,/Users/prashantdhingra/e/a3_output/happydeepawali.org/output/content/dussehra/foundation-history-meaning-and-core-traditions/footer.fragment
dussehra/foundation-history-meaning-and-core-traditions/the-story-of-goddess-durga-and-mahishasura-on-vijayadashami.html,dussehra/foundation-history-meaning-and-core-traditions/the-story-of-goddess-durga-and-mahishasura-on-vijayadashami.html,no,merged,/Users/prashantdhingra/e/a3_output/happydeepawali.org/output/content/dussehra/foundation-history-meaning-and-core-traditions/footer.fragment
dussehra/foundation-history-meaning-and-core-traditions/why-is-dussehra-celebrated-history-mythology-and-cultural-significance.html,dussehra/foundation-history-meaning-and-core-traditions/why-is-dussehra-celebrated-history-mythology-and-cultural-significance.html,no,merged,/Users/prashantdhingra/e/a3_output/happydeepawali.org/output/content/dussehra/foundation-history-meaning-and-core-traditions/footer.fragment
dussehra/foundation-history-meaning-and-core-traditions/the-story-of-rama-and-ravana-behind-dussehra.html,dussehra/foundation-history-meaning-and-core-traditions/the-story-of-rama-and-ravana-behind-dussehra.html,no,merged,/Users/prashantdhingra/e/a3_output/happydeepawali.org/output/content/dussehra/foundation-history-meaning-and-core-traditions/footer.fragment
dussehra/foundation-history-meaning-and-core-traditions/50-frequently-asked-questions-about-dussehra.html,dussehra/foundation-history-meaning-and-core-traditions/50-frequently-asked-questions-about-dussehra.html,no,merged,/Users/prashantdhingra/e/a3_output/happydeepawali.org/output/content/dussehra/foundation-history-meaning-and-core-traditions/footer.fragment
dussehra/foundation-history-meaning-and-core-traditions/why-is-vijayadashami-considered-an-auspicious-day-for-new-beginnings.html,dussehra/foundation-history-meaning-and-core-traditions/why-is-vijayadashami-considered-an-auspicious-day-for-new-beginnings.html,no,merged,/Users/prashantdhingra/e/a3_output/happydeepawali.org/output/content/dussehra/foundation-history-meaning-and-core-traditions/footer.fragment
dussehra/foundation-history-meaning-and-core-traditions/dussehra-symbols-and-their-meanings.html,dussehra/foundation-history-meaning-and-core-traditions/dussehra-symbols-and-their-meanings.html,no,merged,/Users/prashantdhingra/e/a3_output/happydeepawali.org/output/content/dussehra/foundation-history-meaning-and-core-traditions/footer.fragment
dussehra/global-diaspora-and-cultural-comparisons/dussehra-in-vancouver-and-surrey.html,dussehra/global-diaspora-and-cultural-comparisons/dussehra-in-vancouver-and-surrey.html,no,merged,/Users/prashantdhingra/e/a3_output/happydeepawali.org/output/content/dussehra/global-diaspora-and-cultural-comparisons/footer.fragment
dussehra/global-diaspora-and-cultural-comparisons/dussehra-vs-diwali-meaning-stories-and-traditions-compared.html,dussehra/global-diaspora-and-cultural-comparisons/dussehra-vs-diwali-meaning-stories-and-traditions-compared.html,no,merged,/Users/prashantdhingra/e/a3_output/happydeepawali.org/output/content/dussehra/global-diaspora-and-cultural-comparisons/footer.fragment
dussehra/global-diaspora-and-cultural-comparisons/how-dussehra-helps-diaspora-families-teach-children-about-indian-traditions.html,dussehra/global-diaspora-and-cultural-comparisons/how-dussehra-helps-diaspora-families-teach-children-about-indian-traditions.html,no,merged,/Users/prashantdhingra/e/a3_output/happydeepawali.org/output/content/dussehra/global-diaspora-and-cultural-comparisons/footer.fragment
dussehra/global-diaspora-and-cultural-comparisons/index.html,dussehra/global-diaspora-and-cultural-comparisons/index.html,no,merged,/Users/prashantdhingra/e/a3_output/happydeepawali.org/output/content/dussehra/global-diaspora-and-cultural-comparisons/footer.fragment
dussehra/global-diaspora-and-cultural-comparisons/dussehra-in-new-jersey-temples-ramlila-and-community-events.html,dussehra/global-diaspora-and-cultural-comparisons/dussehra-in-new-jersey-temples-ramlila-and-community-events.html,no,merged,/Users/prashantdhingra/e/a3_output/happydeepawali.org/output/content/dussehra/global-diaspora-and-cultural-comparisons/footer.fragment
dussehra/global-diaspora-and-cultural-comparisons/dussehra-in-california-community-celebrations-and-ramlila.html,dussehra/global-diaspora-and-cultural-comparisons/dussehra-in-california-community-celebrations-and-ramlila.html,no,merged,/Users/prashantdhingra/e/a3_output/happydeepawali.org/output/content/dussehra/global-diaspora-and-cultural-comparisons/footer.fragment
dussehra/global-diaspora-and-cultural-comparisons/how-dussehra-is-celebrated-in-australia.html,dussehra/global-diaspora-and-cultural-comparisons/how-dussehra-is-celebrated-in-australia.html,no,merged,/Users/prashantdhingra/e/a3_output/happydeepawali.org/output/content/dussehra/global-diaspora-and-cultural-comparisons/footer.fragment
dussehra/global-diaspora-and-cultural-comparisons/dussehra-in-london-ramlila-and-community-celebrations.html,dussehra/global-diaspora-and-cultural-comparisons/dussehra-in-london-ramlila-and-community-celebrations.html,no,merged,/Users/prashantdhingra/e/a3_output/happydeepawali.org/output/content/dussehra/global-diaspora-and-cultural-comparisons/footer.fragment
dussehra/global-diaspora-and-cultural-comparisons/dussehra-in-toronto-and-the-gta.html,dussehra/global-diaspora-and-cultural-comparisons/dussehra-in-toronto-and-the-gta.html,no,merged,/Users/prashantdhingra/e/a3_output/happydeepawali.org/output/content/dussehra/global-diaspora-and-cultural-comparisons/footer.fragment
dussehra/global-diaspora-and-cultural-comparisons/vijayadashami-vs-dasara-vs-dussehra-names-and-regional-usage.html,dussehra/global-diaspora-and-cultural-comparisons/vijayadashami-vs-dasara-vs-dussehra-names-and-regional-usage.html,no,merged,/Users/prashantdhingra/e/a3_output/happydeepawali.org/output/content/dussehra/global-diaspora-and-cultural-comparisons/footer.fragment
dussehra/global-diaspora-and-cultural-comparisons/how-dussehra-is-celebrated-in-canada.html,dussehra/global-diaspora-and-cultural-comparisons/how-dussehra-is-celebrated-in-canada.html,no,merged,/Users/prashantdhingra/e/a3_output/happydeepawali.org/output/content/dussehra/global-diaspora-and-cultural-comparisons/footer.fragment
dussehra/global-diaspora-and-cultural-comparisons/dussehra-vs-durga-puja-regional-traditions-compared.html,dussehra/global-diaspora-and-cultural-comparisons/dussehra-vs-durga-puja-regional-traditions-compared.html,no,merged,/Users/prashantdhingra/e/a3_output/happydeepawali.org/output/content/dussehra/global-diaspora-and-cultural-comparisons/footer.fragment
dussehra/global-diaspora-and-cultural-comparisons/how-dussehra-is-celebrated-in-the-united-kingdom.html,dussehra/global-diaspora-and-cultural-comparisons/how-dussehra-is-celebrated-in-the-united-kingdom.html,no,merged,/Users/prashantdhingra/e/a3_output/happydeepawali.org/output/content/dussehra/global-diaspora-and-cultural-comparisons/footer.fragment
dussehra/global-diaspora-and-cultural-comparisons/how-dussehra-is-celebrated-in-the-united-states.html,dussehra/global-diaspora-and-cultural-comparisons/how-dussehra-is-celebrated-in-the-united-states.html,no,merged,/Users/prashantdhingra/e/a3_output/happydeepawali.org/output/content/dussehra/global-diaspora-and-cultural-comparisons/footer.fragment
dussehra/global-diaspora-and-cultural-comparisons/dussehra-in-dubai-and-the-uae.html,dussehra/global-diaspora-and-cultural-comparisons/dussehra-in-dubai-and-the-uae.html,no,merged,/Users/prashantdhingra/e/a3_output/happydeepawali.org/output/content/dussehra/global-diaspora-and-cultural-comparisons/footer.fragment
dussehra/global-diaspora-and-cultural-comparisons/dussehra-vs-navratri-what-is-the-difference.html,dussehra/global-diaspora-and-cultural-comparisons/dussehra-vs-navratri-what-is-the-difference.html,no,merged,/Users/prashantdhingra/e/a3_output/happydeepawali.org/output/content/dussehra/global-diaspora-and-cultural-comparisons/footer.fragment
dussehra/global-diaspora-and-cultural-comparisons/dussehra-vs-onam-two-different-indian-cultural-traditions.html,dussehra/global-diaspora-and-cultural-comparisons/dussehra-vs-onam-two-different-indian-cultural-traditions.html,no,merged,/Users/prashantdhingra/e/a3_output/happydeepawali.org/output/content/dussehra/global-diaspora-and-cultural-comparisons/footer.fragment
dussehra/global-diaspora-and-cultural-comparisons/dussehra-in-texas-dallas-houston-and-austin-celebrations.html,dussehra/global-diaspora-and-cultural-comparisons/dussehra-in-texas-dallas-houston-and-austin-celebrations.html,no,merged,/Users/prashantdhingra/e/a3_output/happydeepawali.org/output/content/dussehra/global-diaspora-and-cultural-comparisons/footer.fragment
dussehra/global-diaspora-and-cultural-comparisons/dussehra-in-singapore-indian-community-celebrations.html,dussehra/global-diaspora-and-cultural-comparisons/dussehra-in-singapore-indian-community-celebrations.html,no,merged,/Users/prashantdhingra/e/a3_output/happydeepawali.org/output/content/dussehra/global-diaspora-and-cultural-comparisons/footer.fragment
dussehra/global-diaspora-and-cultural-comparisons/how-indian-families-celebrate-dussehra-abroad.html,dussehra/global-diaspora-and-cultural-comparisons/how-indian-families-celebrate-dussehra-abroad.html,no,merged,/Users/prashantdhingra/e/a3_output/happydeepawali.org/output/content/dussehra/global-diaspora-and-cultural-comparisons/footer.fragment
dussehra/global-diaspora-and-cultural-comparisons/dussehra-in-seattle-and-the-pacific-northwest.html,dussehra/global-diaspora-and-cultural-comparisons/dussehra-in-seattle-and-the-pacific-northwest.html,no,merged,/Users/prashantdhingra/e/a3_output/happydeepawali.org/output/content/dussehra/global-diaspora-and-cultural-comparisons/footer.fragment
dussehra/travel-fairs-ramlila-and-cultural-tourism/what-to-wear-when-attending-dussehra-events-in-india.html,dussehra/travel-fairs-ramlila-and-cultural-tourism/what-to-wear-when-attending-dussehra-events-in-india.html,no,merged,/Users/prashantdhingra/e/a3_output/happydeepawali.org/output/content/dussehra/travel-fairs-ramlila-and-cultural-tourism/footer.fragment
dussehra/travel-fairs-ramlila-and-cultural-tourism/how-to-plan-a-dussehra-trip-to-north-india.html,dussehra/travel-fairs-ramlila-and-cultural-tourism/how-to-plan-a-dussehra-trip-to-north-india.html,no,merged,/Users/prashantdhingra/e/a3_output/happydeepawali.org/output/content/dussehra/travel-fairs-ramlila-and-cultural-tourism/footer.fragment
dussehra/travel-fairs-ramlila-and-cultural-tourism/index.html,dussehra/travel-fairs-ramlila-and-cultural-tourism/index.html,no,merged,/Users/prashantdhingra/e/a3_output/happydeepawali.org/output/content/dussehra/travel-fairs-ramlila-and-cultural-tourism/footer.fragment
dussehra/travel-fairs-ramlila-and-cultural-tourism/kota-dussehra-mela-visitor-guide.html,dussehra/travel-fairs-ramlila-and-cultural-tourism/kota-dussehra-mela-visitor-guide.html,no,merged,/Users/prashantdhingra/e/a3_output/happydeepawali.org/output/content/dussehra/travel-fairs-ramlila-and-cultural-tourism/footer.fragment
dussehra/travel-fairs-ramlila-and-cultural-tourism/dussehra-in-bastar-tribal-traditions-and-cultural-guide.html,dussehra/travel-fairs-ramlila-and-cultural-tourism/dussehra-in-bastar-tribal-traditions-and-cultural-guide.html,no,merged,/Users/prashantdhingra/e/a3_output/happydeepawali.org/output/content/dussehra/travel-fairs-ramlila-and-cultural-tourism/footer.fragment
dussehra/travel-fairs-ramlila-and-cultural-tourism/why-dussehra-is-one-of-indias-most-diverse-festival-travel-experiences.html,dussehra/travel-fairs-ramlila-and-cultural-tourism/why-dussehra-is-one-of-indias-most-diverse-festival-travel-experiences.html,no,merged,/Users/prashantdhingra/e/a3_output/happydeepawali.org/output/content/dussehra/travel-fairs-ramlila-and-cultural-tourism/footer.fragment
dussehra/travel-fairs-ramlila-and-cultural-tourism/dussehra-in-ayodhya-travel-and-festival-guide.html,dussehra/travel-fairs-ramlila-and-cultural-tourism/dussehra-in-ayodhya-travel-and-festival-guide.html,no,merged,/Users/prashantdhingra/e/a3_output/happydeepawali.org/output/content/dussehra/travel-fairs-ramlila-and-cultural-tourism/footer.fragment
dussehra/travel-fairs-ramlila-and-cultural-tourism/dussehra-fair-guide-what-to-expect-at-a-mela.html,dussehra/travel-fairs-ramlila-and-cultural-tourism/dussehra-fair-guide-what-to-expect-at-a-mela.html,no,merged,/Users/prashantdhingra/e/a3_output/happydeepawali.org/output/content/dussehra/travel-fairs-ramlila-and-cultural-tourism/footer.fragment
dussehra/travel-fairs-ramlila-and-cultural-tourism/dussehra-in-mysuru-complete-travel-guide.html,dussehra/travel-fairs-ramlila-and-cultural-tourism/dussehra-in-mysuru-complete-travel-guide.html,no,merged,/Users/prashantdhingra/e/a3_output/happydeepawali.org/output/content/dussehra/travel-fairs-ramlila-and-cultural-tourism/footer.fragment
dussehra/travel-fairs-ramlila-and-cultural-tourism/kullu-dussehra-complete-travel-and-festival-guide.html,dussehra/travel-fairs-ramlila-and-cultural-tourism/kullu-dussehra-complete-travel-and-festival-guide.html,no,merged,/Users/prashantdhingra/e/a3_output/happydeepawali.org/output/content/dussehra/travel-fairs-ramlila-and-cultural-tourism/footer.fragment
dussehra/travel-fairs-ramlila-and-cultural-tourism/how-to-plan-a-dussehra-trip-to-karnataka.html,dussehra/travel-fairs-ramlila-and-cultural-tourism/how-to-plan-a-dussehra-trip-to-karnataka.html,no,merged,/Users/prashantdhingra/e/a3_output/happydeepawali.org/output/content/dussehra/travel-fairs-ramlila-and-cultural-tourism/footer.fragment
dussehra/travel-fairs-ramlila-and-cultural-tourism/best-dussehra-cultural-experiences-for-international-visitors.html,dussehra/travel-fairs-ramlila-and-cultural-tourism/best-dussehra-cultural-experiences-for-international-visitors.html,no,merged,/Users/prashantdhingra/e/a3_output/happydeepawali.org/output/content/dussehra/travel-fairs-ramlila-and-cultural-tourism/footer.fragment
dussehra/travel-fairs-ramlila-and-cultural-tourism/dussehra-in-delhi-best-ramlila-and-effigy-burning-experiences.html,dussehra/travel-fairs-ramlila-and-cultural-tourism/dussehra-in-delhi-best-ramlila-and-effigy-burning-experiences.html,no,merged,/Users/prashantdhingra/e/a3_output/happydeepawali.org/output/content/dussehra/travel-fairs-ramlila-and-cultural-tourism/footer.fragment
dussehra/travel-fairs-ramlila-and-cultural-tourism/how-to-attend-a-ramlila-respectfully-visitor-etiquette.html,dussehra/travel-fairs-ramlila-and-cultural-tourism/how-to-attend-a-ramlila-respectfully-visitor-etiquette.html,no,merged,/Users/prashantdhingra/e/a3_output/happydeepawali.org/output/content/dussehra/travel-fairs-ramlila-and-cultural-tourism/footer.fragment
dussehra/travel-fairs-ramlila-and-cultural-tourism/dussehra-food-guide-for-travelers.html,dussehra/travel-fairs-ramlila-and-cultural-tourism/dussehra-food-guide-for-travelers.html,no,merged,/Users/prashantdhingra/e/a3_output/happydeepawali.org/output/content/dussehra/travel-fairs-ramlila-and-cultural-tourism/footer.fragment
dussehra/travel-fairs-ramlila-and-cultural-tourism/dussehra-travel-with-kids-tips-and-family-activities.html,dussehra/travel-fairs-ramlila-and-cultural-tourism/dussehra-travel-with-kids-tips-and-family-activities.html,no,merged,/Users/prashantdhingra/e/a3_output/happydeepawali.org/output/content/dussehra/travel-fairs-ramlila-and-cultural-tourism/footer.fragment
dussehra/travel-fairs-ramlila-and-cultural-tourism/dussehra-travel-packing-list.html,dussehra/travel-fairs-ramlila-and-cultural-tourism/dussehra-travel-packing-list.html,no,merged,/Users/prashantdhingra/e/a3_output/happydeepawali.org/output/content/dussehra/travel-fairs-ramlila-and-cultural-tourism/footer.fragment
dussehra/travel-fairs-ramlila-and-cultural-tourism/how-to-photograph-fireworks-and-ravana-effigy-burning-safely.html,dussehra/travel-fairs-ramlila-and-cultural-tourism/how-to-photograph-fireworks-and-ravana-effigy-burning-safely.html,no,merged,/Users/prashantdhingra/e/a3_output/happydeepawali.org/output/content/dussehra/travel-fairs-ramlila-and-cultural-tourism/footer.fragment
dussehra/travel-fairs-ramlila-and-cultural-tourism/best-places-in-india-to-experience-dussehra.html,dussehra/travel-fairs-ramlila-and-cultural-tourism/best-places-in-india-to-experience-dussehra.html,no,merged,/Users/prashantdhingra/e/a3_output/happydeepawali.org/output/content/dussehra/travel-fairs-ramlila-and-cultural-tourism/footer.fragment
dussehra/travel-fairs-ramlila-and-cultural-tourism/ramnagar-ramlila-in-varanasi-visitor-guide.html,dussehra/travel-fairs-ramlila-and-cultural-tourism/ramnagar-ramlila-in-varanasi-visitor-guide.html,no,merged,/Users/prashantdhingra/e/a3_output/happydeepawali.org/output/content/dussehra/travel-fairs-ramlila-and-cultural-tourism/footer.fragment
dussehra/travel-fairs-ramlila-and-cultural-tourism/dussehra-photography-guide-ramlila-processions-and-effigies.html,dussehra/travel-fairs-ramlila-and-cultural-tourism/dussehra-photography-guide-ramlila-processions-and-effigies.html,no,merged,/Users/prashantdhingra/e/a3_output/happydeepawali.org/output/content/dussehra/travel-fairs-ramlila-and-cultural-tourism/footer.fragment
dussehra/decor-rangoli-effigies-events-and-celebration-ideas/dussehra-door-and-entrance-decoration-ideas.html,dussehra/decor-rangoli-effigies-events-and-celebration-ideas/dussehra-door-and-entrance-decoration-ideas.html,no,merged,/Users/prashantdhingra/e/a3_output/happydeepawali.org/output/content/dussehra/decor-rangoli-effigies-events-and-celebration-ideas/footer.fragment
dussehra/decor-rangoli-effigies-events-and-celebration-ideas/dussehra-photo-booth-and-backdrop-ideas.html,dussehra/decor-rangoli-effigies-events-and-celebration-ideas/dussehra-photo-booth-and-backdrop-ideas.html,no,merged,/Users/prashantdhingra/e/a3_output/happydeepawali.org/output/content/dussehra/decor-rangoli-effigies-events-and-celebration-ideas/footer.fragment
dussehra/decor-rangoli-effigies-events-and-celebration-ideas/dussehra-puja-room-decoration-ideas.html,dussehra/decor-rangoli-effigies-events-and-celebration-ideas/dussehra-puja-room-decoration-ideas.html,no,merged,/Users/prashantdhingra/e/a3_output/happydeepawali.org/output/content/dussehra/decor-rangoli-effigies-events-and-celebration-ideas/footer.fragment
dussehra/decor-rangoli-effigies-events-and-celebration-ideas/index.html,dussehra/decor-rangoli-effigies-events-and-celebration-ideas/index.html,no,merged,/Users/prashantdhingra/e/a3_output/happydeepawali.org/output/content/dussehra/decor-rangoli-effigies-events-and-celebration-ideas/footer.fragment
dussehra/decor-rangoli-effigies-events-and-celebration-ideas/dussehra-office-celebration-ideas.html,dussehra/decor-rangoli-effigies-events-and-celebration-ideas/dussehra-office-celebration-ideas.html,no,merged,/Users/prashantdhingra/e/a3_output/happydeepawali.org/output/content/dussehra/decor-rangoli-effigies-events-and-celebration-ideas/footer.fragment
dussehra/decor-rangoli-effigies-events-and-celebration-ideas/traditional-dussehra-rangoli-designs.html,dussehra/decor-rangoli-effigies-events-and-celebration-ideas/traditional-dussehra-rangoli-designs.html,no,merged,/Users/prashantdhingra/e/a3_output/happydeepawali.org/output/content/dussehra/decor-rangoli-effigies-events-and-celebration-ideas/footer.fragment
dussehra/decor-rangoli-effigies-events-and-celebration-ideas/eco-friendly-dussehra-celebration-ideas.html,dussehra/decor-rangoli-effigies-events-and-celebration-ideas/eco-friendly-dussehra-celebration-ideas.html,no,merged,/Users/prashantdhingra/e/a3_output/happydeepawali.org/output/content/dussehra/decor-rangoli-effigies-events-and-celebration-ideas/footer.fragment
dussehra/decor-rangoli-effigies-events-and-celebration-ideas/dussehra-party-and-cultural-program-ideas.html,dussehra/decor-rangoli-effigies-events-and-celebration-ideas/dussehra-party-and-cultural-program-ideas.html,no,merged,/Users/prashantdhingra/e/a3_output/happydeepawali.org/output/content/dussehra/decor-rangoli-effigies-events-and-celebration-ideas/footer.fragment
dussehra/decor-rangoli-effigies-events-and-celebration-ideas/how-to-celebrate-dussehra-without-burning-an-effigy.html,dussehra/decor-rangoli-effigies-events-and-celebration-ideas/how-to-celebrate-dussehra-without-burning-an-effigy.html,no,merged,/Users/prashantdhingra/e/a3_output/happydeepawali.org/output/content/dussehra/decor-rangoli-effigies-events-and-celebration-ideas/footer.fragment
dussehra/decor-rangoli-effigies-events-and-celebration-ideas/dussehra-stage-decoration-ideas.html,dussehra/decor-rangoli-effigies-events-and-celebration-ideas/dussehra-stage-decoration-ideas.html,no,merged,/Users/prashantdhingra/e/a3_output/happydeepawali.org/output/content/dussehra/decor-rangoli-effigies-events-and-celebration-ideas/footer.fragment
dussehra/decor-rangoli-effigies-events-and-celebration-ideas/dussehra-decoration-ideas-for-home.html,dussehra/decor-rangoli-effigies-events-and-celebration-ideas/dussehra-decoration-ideas-for-home.html,no,merged,/Users/prashantdhingra/e/a3_output/happydeepawali.org/output/content/dussehra/decor-rangoli-effigies-events-and-celebration-ideas/footer.fragment
dussehra/decor-rangoli-effigies-events-and-celebration-ideas/dussehra-celebration-ideas-for-families-living-abroad.html,dussehra/decor-rangoli-effigies-events-and-celebration-ideas/dussehra-celebration-ideas-for-families-living-abroad.html,no,merged,/Users/prashantdhingra/e/a3_output/happydeepawali.org/output/content/dussehra/decor-rangoli-effigies-events-and-celebration-ideas/footer.fragment
dussehra/decor-rangoli-effigies-events-and-celebration-ideas/dussehra-games-and-activities-for-families.html,dussehra/decor-rangoli-effigies-events-and-celebration-ideas/dussehra-games-and-activities-for-families.html,no,merged,/Users/prashantdhingra/e/a3_output/happydeepawali.org/output/content/dussehra/decor-rangoli-effigies-events-and-celebration-ideas/footer.fragment
dussehra/decor-rangoli-effigies-events-and-celebration-ideas/ravana-effigy-making-ideas-for-community-events.html,dussehra/decor-rangoli-effigies-events-and-celebration-ideas/ravana-effigy-making-ideas-for-community-events.html,no,merged,/Users/prashantdhingra/e/a3_output/happydeepawali.org/output/content/dussehra/decor-rangoli-effigies-events-and-celebration-ideas/footer.fragment
dussehra/decor-rangoli-effigies-events-and-celebration-ideas/dussehra-flower-decoration-ideas.html,dussehra/decor-rangoli-effigies-events-and-celebration-ideas/dussehra-flower-decoration-ideas.html,no,merged,/Users/prashantdhingra/e/a3_output/happydeepawali.org/output/content/dussehra/decor-rangoli-effigies-events-and-celebration-ideas/footer.fragment
dussehra/decor-rangoli-effigies-events-and-celebration-ideas/how-to-organize-a-small-ramlila-in-a-community.html,dussehra/decor-rangoli-effigies-events-and-celebration-ideas/how-to-organize-a-small-ramlila-in-a-community.html,no,merged,/Users/prashantdhingra/e/a3_output/happydeepawali.org/output/content/dussehra/decor-rangoli-effigies-events-and-celebration-ideas/footer.fragment
dussehra/decor-rangoli-effigies-events-and-celebration-ideas/eco-friendly-ravana-effigy-ideas.html,dussehra/decor-rangoli-effigies-events-and-celebration-ideas/eco-friendly-ravana-effigy-ideas.html,no,merged,/Users/prashantdhingra/e/a3_output/happydeepawali.org/output/content/dussehra/decor-rangoli-effigies-events-and-celebration-ideas/footer.fragment
dussehra/decor-rangoli-effigies-events-and-celebration-ideas/how-to-organize-a-community-dussehra-celebration.html,dussehra/decor-rangoli-effigies-events-and-celebration-ideas/how-to-organize-a-community-dussehra-celebration.html,no,merged,/Users/prashantdhingra/e/a3_output/happydeepawali.org/output/content/dussehra/decor-rangoli-effigies-events-and-celebration-ideas/footer.fragment
dussehra/decor-rangoli-effigies-events-and-celebration-ideas/dussehra-celebration-ideas-for-apartment-communities.html,dussehra/decor-rangoli-effigies-events-and-celebration-ideas/dussehra-celebration-ideas-for-apartment-communities.html,no,merged,/Users/prashantdhingra/e/a3_output/happydeepawali.org/output/content/dussehra/decor-rangoli-effigies-events-and-celebration-ideas/footer.fragment
dussehra/decor-rangoli-effigies-events-and-celebration-ideas/easy-vijayadashami-rangoli-designs-for-beginners.html,dussehra/decor-rangoli-effigies-events-and-celebration-ideas/easy-vijayadashami-rangoli-designs-for-beginners.html,no,merged,/Users/prashantdhingra/e/a3_output/happydeepawali.org/output/content/dussehra/decor-rangoli-effigies-events-and-celebration-ideas/footer.fragment
dussehra/decor-rangoli-effigies-events-and-celebration-ideas/dussehra-event-planning-checklist.html,dussehra/decor-rangoli-effigies-events-and-celebration-ideas/dussehra-event-planning-checklist.html,no,merged,/Users/prashantdhingra/e/a3_output/happydeepawali.org/output/content/dussehra/decor-rangoli-effigies-events-and-celebration-ideas/footer.fragment
dussehra/wishes-quotes-messages-captions-and-greetings/happy-dussehra-2027-wishes-quotes-messages-and-captions.html,dussehra/wishes-quotes-messages-captions-and-greetings/happy-dussehra-2027-wishes-quotes-messages-and-captions.html,no,merged,/Users/prashantdhingra/e/a3_output/happydeepawali.org/output/content/dussehra/wishes-quotes-messages-captions-and-greetings/footer.fragment
dussehra/wishes-quotes-messages-captions-and-greetings/professional-dussehra-greetings-for-clients-and-employees.html,dussehra/wishes-quotes-messages-captions-and-greetings/professional-dussehra-greetings-for-clients-and-employees.html,no,merged,/Users/prashantdhingra/e/a3_output/happydeepawali.org/output/content/dussehra/wishes-quotes-messages-captions-and-greetings/footer.fragment
dussehra/wishes-quotes-messages-captions-and-greetings/dussehra-whatsapp-status-ideas.html,dussehra/wishes-quotes-messages-captions-and-greetings/dussehra-whatsapp-status-ideas.html,no,merged,/Users/prashantdhingra/e/a3_output/happydeepawali.org/output/content/dussehra/wishes-quotes-messages-captions-and-greetings/footer.fragment
dussehra/wishes-quotes-messages-captions-and-greetings/dussehra-wishes-for-friends-and-colleagues.html,dussehra/wishes-quotes-messages-captions-and-greetings/dussehra-wishes-for-friends-and-colleagues.html,no,merged,/Users/prashantdhingra/e/a3_output/happydeepawali.org/output/content/dussehra/wishes-quotes-messages-captions-and-greetings/footer.fragment
dussehra/wishes-quotes-messages-captions-and-greetings/dussehra-wishes-in-marathi.html,dussehra/wishes-quotes-messages-captions-and-greetings/dussehra-wishes-in-marathi.html,no,merged,/Users/prashantdhingra/e/a3_output/happydeepawali.org/output/content/dussehra/wishes-quotes-messages-captions-and-greetings/footer.fragment
dussehra/wishes-quotes-messages-captions-and-greetings/index.html,dussehra/wishes-quotes-messages-captions-and-greetings/index.html,no,merged,/Users/prashantdhingra/e/a3_output/happydeepawali.org/output/content/dussehra/wishes-quotes-messages-captions-and-greetings/footer.fragment
dussehra/wishes-quotes-messages-captions-and-greetings/dussehra-wishes-in-kannada.html,dussehra/wishes-quotes-messages-captions-and-greetings/dussehra-wishes-in-kannada.html,no,merged,/Users/prashantdhingra/e/a3_output/happydeepawali.org/output/content/dussehra/wishes-quotes-messages-captions-and-greetings/footer.fragment
dussehra/wishes-quotes-messages-captions-and-greetings/dussehra-wishes-in-telugu.html,dussehra/wishes-quotes-messages-captions-and-greetings/dussehra-wishes-in-telugu.html,no,merged,/Users/prashantdhingra/e/a3_output/happydeepawali.org/output/content/dussehra/wishes-quotes-messages-captions-and-greetings/footer.fragment
dussehra/wishes-quotes-messages-captions-and-greetings/vijayadashami-wishes-in-bengali.html,dussehra/wishes-quotes-messages-captions-and-greetings/vijayadashami-wishes-in-bengali.html,no,merged,/Users/prashantdhingra/e/a3_output/happydeepawali.org/output/content/dussehra/wishes-quotes-messages-captions-and-greetings/footer.fragment
dussehra/wishes-quotes-messages-captions-and-greetings/dussehra-wishes-in-tamil.html,dussehra/wishes-quotes-messages-captions-and-greetings/dussehra-wishes-in-tamil.html,no,merged,/Users/prashantdhingra/e/a3_output/happydeepawali.org/output/content/dussehra/wishes-quotes-messages-captions-and-greetings/footer.fragment
dussehra/wishes-quotes-messages-captions-and-greetings/dussehra-wishes-in-hindi.html,dussehra/wishes-quotes-messages-captions-and-greetings/dussehra-wishes-in-hindi.html,no,merged,/Users/prashantdhingra/e/a3_output/happydeepawali.org/output/content/dussehra/wishes-quotes-messages-captions-and-greetings/footer.fragment
dussehra/wishes-quotes-messages-captions-and-greetings/100-happy-dussehra-wishes-for-family-and-friends.html,dussehra/wishes-quotes-messages-captions-and-greetings/100-happy-dussehra-wishes-for-family-and-friends.html,no,merged,/Users/prashantdhingra/e/a3_output/happydeepawali.org/output/content/dussehra/wishes-quotes-messages-captions-and-greetings/footer.fragment
dussehra/wishes-quotes-messages-captions-and-greetings/dussehra-quotes-about-good-over-evil-and-new-beginnings.html,dussehra/wishes-quotes-messages-captions-and-greetings/dussehra-quotes-about-good-over-evil-and-new-beginnings.html,no,merged,/Users/prashantdhingra/e/a3_output/happydeepawali.org/output/content/dussehra/wishes-quotes-messages-captions-and-greetings/footer.fragment
dussehra/wishes-quotes-messages-captions-and-greetings/vijayadashami-greeting-card-messages.html,dussehra/wishes-quotes-messages-captions-and-greetings/vijayadashami-greeting-card-messages.html,no,merged,/Users/prashantdhingra/e/a3_output/happydeepawali.org/output/content/dussehra/wishes-quotes-messages-captions-and-greetings/footer.fragment
dussehra/wishes-quotes-messages-captions-and-greetings/dussehra-wishes-for-parents-and-elders.html,dussehra/wishes-quotes-messages-captions-and-greetings/dussehra-wishes-for-parents-and-elders.html,no,merged,/Users/prashantdhingra/e/a3_output/happydeepawali.org/output/content/dussehra/wishes-quotes-messages-captions-and-greetings/footer.fragment
dussehra/wishes-quotes-messages-captions-and-greetings/dussehra-image-caption-and-poster-text-ideas.html,dussehra/wishes-quotes-messages-captions-and-greetings/dussehra-image-caption-and-poster-text-ideas.html,no,merged,/Users/prashantdhingra/e/a3_output/happydeepawali.org/output/content/dussehra/wishes-quotes-messages-captions-and-greetings/footer.fragment
dussehra/wishes-quotes-messages-captions-and-greetings/short-dussehra-wishes-for-whatsapp-and-sms.html,dussehra/wishes-quotes-messages-captions-and-greetings/short-dussehra-wishes-for-whatsapp-and-sms.html,no,merged,/Users/prashantdhingra/e/a3_output/happydeepawali.org/output/content/dussehra/wishes-quotes-messages-captions-and-greetings/footer.fragment
dussehra/wishes-quotes-messages-captions-and-greetings/dussehra-instagram-captions.html,dussehra/wishes-quotes-messages-captions-and-greetings/dussehra-instagram-captions.html,no,merged,/Users/prashantdhingra/e/a3_output/happydeepawali.org/output/content/dussehra/wishes-quotes-messages-captions-and-greetings/footer.fragment
dussehra/wishes-quotes-messages-captions-and-greetings/dussehra-wishes-in-english.html,dussehra/wishes-quotes-messages-captions-and-greetings/dussehra-wishes-in-english.html,no,merged,/Users/prashantdhingra/e/a3_output/happydeepawali.org/output/content/dussehra/wishes-quotes-messages-captions-and-greetings/footer.fragment
dussehra/wishes-quotes-messages-captions-and-greetings/dussehra-wishes-for-husband-wife-and-family.html,dussehra/wishes-quotes-messages-captions-and-greetings/dussehra-wishes-for-husband-wife-and-family.html,no,merged,/Users/prashantdhingra/e/a3_output/happydeepawali.org/output/content/dussehra/wishes-quotes-messages-captions-and-greetings/footer.fragment
dussehra/wishes-quotes-messages-captions-and-greetings/dussehra-facebook-captions-and-social-posts.html,dussehra/wishes-quotes-messages-captions-and-greetings/dussehra-facebook-captions-and-social-posts.html,no,merged,/Users/prashantdhingra/e/a3_output/happydeepawali.org/output/content/dussehra/wishes-quotes-messages-captions-and-greetings/footer.fragment
dussehra/ayudha-puja-vidyarambham-shami-and-auspicious-traditions/vijayadashami-rituals-for-families-a-practical-guide.html,dussehra/ayudha-puja-vidyarambham-shami-and-auspicious-traditions/vijayadashami-rituals-for-families-a-practical-guide.html,no,merged,/Users/prashantdhingra/e/a3_output/happydeepawali.org/output/content/dussehra/ayudha-puja-vidyarambham-shami-and-auspicious-traditions/footer.fragment
dussehra/ayudha-puja-vidyarambham-shami-and-auspicious-traditions/dussehra-puja-samagri-list-what-you-need.html,dussehra/ayudha-puja-vidyarambham-shami-and-auspicious-traditions/dussehra-puja-samagri-list-what-you-need.html,no,merged,/Users/prashantdhingra/e/a3_output/happydeepawali.org/output/content/dussehra/ayudha-puja-vidyarambham-shami-and-auspicious-traditions/footer.fragment
dussehra/ayudha-puja-vidyarambham-shami-and-auspicious-traditions/why-people-start-new-businesses-on-vijayadashami.html,dussehra/ayudha-puja-vidyarambham-shami-and-auspicious-traditions/why-people-start-new-businesses-on-vijayadashami.html,no,merged,/Users/prashantdhingra/e/a3_output/happydeepawali.org/output/content/dussehra/ayudha-puja-vidyarambham-shami-and-auspicious-traditions/footer.fragment
dussehra/ayudha-puja-vidyarambham-shami-and-auspicious-traditions/ayudha-puja-meaning-history-and-how-it-is-celebrated.html,dussehra/ayudha-puja-vidyarambham-shami-and-auspicious-traditions/ayudha-puja-meaning-history-and-how-it-is-celebrated.html,no,merged,/Users/prashantdhingra/e/a3_output/happydeepawali.org/output/content/dussehra/ayudha-puja-vidyarambham-shami-and-auspicious-traditions/footer.fragment
dussehra/ayudha-puja-vidyarambham-shami-and-auspicious-traditions/saraswati-puja-and-vijayadashami-connection-with-learning.html,dussehra/ayudha-puja-vidyarambham-shami-and-auspicious-traditions/saraswati-puja-and-vijayadashami-connection-with-learning.html,no,merged,/Users/prashantdhingra/e/a3_output/happydeepawali.org/output/content/dussehra/ayudha-puja-vidyarambham-shami-and-auspicious-traditions/footer.fragment
dussehra/ayudha-puja-vidyarambham-shami-and-auspicious-traditions/index.html,dussehra/ayudha-puja-vidyarambham-shami-and-auspicious-traditions/index.html,no,merged,/Users/prashantdhingra/e/a3_output/happydeepawali.org/output/content/dussehra/ayudha-puja-vidyarambham-shami-and-auspicious-traditions/footer.fragment
dussehra/ayudha-puja-vidyarambham-shami-and-auspicious-traditions/ayudha-puja-for-offices-shops-and-businesses.html,dussehra/ayudha-puja-vidyarambham-shami-and-auspicious-traditions/ayudha-puja-for-offices-shops-and-businesses.html,no,merged,/Users/prashantdhingra/e/a3_output/happydeepawali.org/output/content/dussehra/ayudha-puja-vidyarambham-shami-and-auspicious-traditions/footer.fragment
dussehra/ayudha-puja-vidyarambham-shami-and-auspicious-traditions/how-vidyarambham-is-performed-in-kerala.html,dussehra/ayudha-puja-vidyarambham-shami-and-auspicious-traditions/how-vidyarambham-is-performed-in-kerala.html,no,merged,/Users/prashantdhingra/e/a3_output/happydeepawali.org/output/content/dussehra/ayudha-puja-vidyarambham-shami-and-auspicious-traditions/footer.fragment
dussehra/ayudha-puja-vidyarambham-shami-and-auspicious-traditions/ayudha-puja-for-cars-bikes-and-vehicles-simple-celebration-guide.html,dussehra/ayudha-puja-vidyarambham-shami-and-auspicious-traditions/ayudha-puja-for-cars-bikes-and-vehicles-simple-celebration-guide.html,no,merged,/Users/prashantdhingra/e/a3_output/happydeepawali.org/output/content/dussehra/ayudha-puja-vidyarambham-shami-and-auspicious-traditions/footer.fragment
dussehra/ayudha-puja-vidyarambham-shami-and-auspicious-traditions/shami-puja-on-dussehra-meaning-and-rituals.html,dussehra/ayudha-puja-vidyarambham-shami-and-auspicious-traditions/shami-puja-on-dussehra-meaning-and-rituals.html,no,merged,/Users/prashantdhingra/e/a3_output/happydeepawali.org/output/content/dussehra/ayudha-puja-vidyarambham-shami-and-auspicious-traditions/footer.fragment
dussehra/ayudha-puja-vidyarambham-shami-and-auspicious-traditions/dussehra-muhurat-traditions-what-makes-vijayadashami-auspicious.html,dussehra/ayudha-puja-vidyarambham-shami-and-auspicious-traditions/dussehra-muhurat-traditions-what-makes-vijayadashami-auspicious.html,no,merged,/Users/prashantdhingra/e/a3_output/happydeepawali.org/output/content/dussehra/ayudha-puja-vidyarambham-shami-and-auspicious-traditions/footer.fragment
dussehra/ayudha-puja-vidyarambham-shami-and-auspicious-traditions/dussehra-and-new-beginnings-business-education-and-personal-goals.html,dussehra/ayudha-puja-vidyarambham-shami-and-auspicious-traditions/dussehra-and-new-beginnings-business-education-and-personal-goals.html,no,merged,/Users/prashantdhingra/e/a3_output/happydeepawali.org/output/content/dussehra/ayudha-puja-vidyarambham-shami-and-auspicious-traditions/footer.fragment
dussehra/ayudha-puja-vidyarambham-shami-and-auspicious-traditions/why-vijayadashami-is-considered-auspicious-for-buying-vehicles-and-property.html,dussehra/ayudha-puja-vidyarambham-shami-and-auspicious-traditions/why-vijayadashami-is-considered-auspicious-for-buying-vehicles-and-property.html,no,merged,/Users/prashantdhingra/e/a3_output/happydeepawali.org/output/content/dussehra/ayudha-puja-vidyarambham-shami-and-auspicious-traditions/footer.fragment
dussehra/ayudha-puja-vidyarambham-shami-and-auspicious-traditions/vijayadashami-for-students-why-the-day-is-auspicious-for-education.html,dussehra/ayudha-puja-vidyarambham-shami-and-auspicious-traditions/vijayadashami-for-students-why-the-day-is-auspicious-for-education.html,no,merged,/Users/prashantdhingra/e/a3_output/happydeepawali.org/output/content/dussehra/ayudha-puja-vidyarambham-shami-and-auspicious-traditions/footer.fragment
dussehra/ayudha-puja-vidyarambham-shami-and-auspicious-traditions/apta-leaves-on-dussehra-why-they-are-exchanged-as-gold.html,dussehra/ayudha-puja-vidyarambham-shami-and-auspicious-traditions/apta-leaves-on-dussehra-why-they-are-exchanged-as-gold.html,no,merged,/Users/prashantdhingra/e/a3_output/happydeepawali.org/output/content/dussehra/ayudha-puja-vidyarambham-shami-and-auspicious-traditions/footer.fragment
dussehra/ayudha-puja-vidyarambham-shami-and-auspicious-traditions/simollanghan-on-dussehra-meaning-and-maharashtrian-tradition.html,dussehra/ayudha-puja-vidyarambham-shami-and-auspicious-traditions/simollanghan-on-dussehra-meaning-and-maharashtrian-tradition.html,no,merged,/Users/prashantdhingra/e/a3_output/happydeepawali.org/output/content/dussehra/ayudha-puja-vidyarambham-shami-and-auspicious-traditions/footer.fragment
dussehra/ayudha-puja-vidyarambham-shami-and-auspicious-traditions/how-to-perform-a-simple-vijayadashami-puja-at-home.html,dussehra/ayudha-puja-vidyarambham-shami-and-auspicious-traditions/how-to-perform-a-simple-vijayadashami-puja-at-home.html,no,merged,/Users/prashantdhingra/e/a3_output/happydeepawali.org/output/content/dussehra/ayudha-puja-vidyarambham-shami-and-auspicious-traditions/footer.fragment
dussehra/ayudha-puja-vidyarambham-shami-and-auspicious-traditions/vidyarambham-why-children-begin-learning-on-vijayadashami.html,dussehra/ayudha-puja-vidyarambham-shami-and-auspicious-traditions/vidyarambham-why-children-begin-learning-on-vijayadashami.html,no,merged,/Users/prashantdhingra/e/a3_output/happydeepawali.org/output/content/dussehra/ayudha-puja-vidyarambham-shami-and-auspicious-traditions/footer.fragment
dussehra/ayudha-puja-vidyarambham-shami-and-auspicious-traditions/ayudha-puja-for-computers-machines-and-modern-workplaces.html,dussehra/ayudha-puja-vidyarambham-shami-and-auspicious-traditions/ayudha-puja-for-computers-machines-and-modern-workplaces.html,no,merged,/Users/prashantdhingra/e/a3_output/happydeepawali.org/output/content/dussehra/ayudha-puja-vidyarambham-shami-and-auspicious-traditions/footer.fragment
dussehra/ayudha-puja-vidyarambham-shami-and-auspicious-traditions/what-to-offer-during-dussehra-puja.html,dussehra/ayudha-puja-vidyarambham-shami-and-auspicious-traditions/what-to-offer-during-dussehra-puja.html,no,merged,/Users/prashantdhingra/e/a3_output/happydeepawali.org/output/content/dussehra/ayudha-puja-vidyarambham-shami-and-auspicious-traditions/footer.fragment
dussehra/ayudha-puja-vidyarambham-shami-and-auspicious-traditions/why-are-tools-vehicles-and-machines-worshipped-during-ayudha-puja.html,dussehra/ayudha-puja-vidyarambham-shami-and-auspicious-traditions/why-are-tools-vehicles-and-machines-worshipped-during-ayudha-puja.html,no,merged,/Users/prashantdhingra/e/a3_output/happydeepawali.org/output/content/dussehra/ayudha-puja-vidyarambham-shami-and-auspicious-traditions/footer.fragment
dussehra/kids-school-essays-crafts-and-educational-content/dussehra-vocabulary-important-words-and-their-meanings.html,dussehra/kids-school-essays-crafts-and-educational-content/dussehra-vocabulary-important-words-and-their-meanings.html,no,merged,/Users/prashantdhingra/e/a3_output/happydeepawali.org/output/content/dussehra/kids-school-essays-crafts-and-educational-content/footer.fragment
dussehra/kids-school-essays-crafts-and-educational-content/dussehra-activities-for-families-and-children-at-home.html,dussehra/kids-school-essays-crafts-and-educational-content/dussehra-activities-for-families-and-children-at-home.html,no,merged,/Users/prashantdhingra/e/a3_output/happydeepawali.org/output/content/dussehra/kids-school-essays-crafts-and-educational-content/footer.fragment
dussehra/kids-school-essays-crafts-and-educational-content/how-to-make-a-ravana-effigy-craft-for-school-projects.html,dussehra/kids-school-essays-crafts-and-educational-content/how-to-make-a-ravana-effigy-craft-for-school-projects.html,no,merged,/Users/prashantdhingra/e/a3_output/happydeepawali.org/output/content/dussehra/kids-school-essays-crafts-and-educational-content/footer.fragment
dussehra/kids-school-essays-crafts-and-educational-content/dussehra-project-ideas-for-school-students.html,dussehra/kids-school-essays-crafts-and-educational-content/dussehra-project-ideas-for-school-students.html,no,merged,/Users/prashantdhingra/e/a3_output/happydeepawali.org/output/content/dussehra/kids-school-essays-crafts-and-educational-content/footer.fragment
dussehra/kids-school-essays-crafts-and-educational-content/dussehra-essay-in-hindi-for-students.html,dussehra/kids-school-essays-crafts-and-educational-content/dussehra-essay-in-hindi-for-students.html,no,merged,/Users/prashantdhingra/e/a3_output/happydeepawali.org/output/content/dussehra/kids-school-essays-crafts-and-educational-content/footer.fragment
dussehra/kids-school-essays-crafts-and-educational-content/index.html,dussehra/kids-school-essays-crafts-and-educational-content/index.html,no,merged,/Users/prashantdhingra/e/a3_output/happydeepawali.org/output/content/dussehra/kids-school-essays-crafts-and-educational-content/footer.fragment
dussehra/kids-school-essays-crafts-and-educational-content/dussehra-speech-for-school-assembly.html,dussehra/kids-school-essays-crafts-and-educational-content/dussehra-speech-for-school-assembly.html,no,merged,/Users/prashantdhingra/e/a3_output/happydeepawali.org/output/content/dussehra/kids-school-essays-crafts-and-educational-content/footer.fragment
dussehra/kids-school-essays-crafts-and-educational-content/dussehra-essay-in-200-500-and-1000-words.html,dussehra/kids-school-essays-crafts-and-educational-content/dussehra-essay-in-200-500-and-1000-words.html,no,merged,/Users/prashantdhingra/e/a3_output/happydeepawali.org/output/content/dussehra/kids-school-essays-crafts-and-educational-content/footer.fragment
dussehra/kids-school-essays-crafts-and-educational-content/dussehra-drawing-ideas-for-kids.html,dussehra/kids-school-essays-crafts-and-educational-content/dussehra-drawing-ideas-for-kids.html,no,merged,/Users/prashantdhingra/e/a3_output/happydeepawali.org/output/content/dussehra/kids-school-essays-crafts-and-educational-content/footer.fragment
dussehra/kids-school-essays-crafts-and-educational-content/dussehra-worksheet-for-kids-rama-ravana-durga-and-traditions.html,dussehra/kids-school-essays-crafts-and-educational-content/dussehra-worksheet-for-kids-rama-ravana-durga-and-traditions.html,no,merged,/Users/prashantdhingra/e/a3_output/happydeepawali.org/output/content/dussehra/kids-school-essays-crafts-and-educational-content/footer.fragment
dussehra/kids-school-essays-crafts-and-educational-content/10-lines-on-dussehra-for-kids.html,dussehra/kids-school-essays-crafts-and-educational-content/10-lines-on-dussehra-for-kids.html,no,merged,/Users/prashantdhingra/e/a3_output/happydeepawali.org/output/content/dussehra/kids-school-essays-crafts-and-educational-content/footer.fragment
dussehra/kids-school-essays-crafts-and-educational-content/short-dussehra-speech-in-hindi.html,dussehra/kids-school-essays-crafts-and-educational-content/short-dussehra-speech-in-hindi.html,no,merged,/Users/prashantdhingra/e/a3_output/happydeepawali.org/output/content/dussehra/kids-school-essays-crafts-and-educational-content/footer.fragment
dussehra/kids-school-essays-crafts-and-educational-content/ramayana-story-for-kids-simple-dussehra-version.html,dussehra/kids-school-essays-crafts-and-educational-content/ramayana-story-for-kids-simple-dussehra-version.html,no,merged,/Users/prashantdhingra/e/a3_output/happydeepawali.org/output/content/dussehra/kids-school-essays-crafts-and-educational-content/footer.fragment
dussehra/kids-school-essays-crafts-and-educational-content/easy-dussehra-craft-ideas-for-children.html,dussehra/kids-school-essays-crafts-and-educational-content/easy-dussehra-craft-ideas-for-children.html,no,merged,/Users/prashantdhingra/e/a3_output/happydeepawali.org/output/content/dussehra/kids-school-essays-crafts-and-educational-content/footer.fragment
dussehra/kids-school-essays-crafts-and-educational-content/dussehra-coloring-pages-and-printable-activities.html,dussehra/kids-school-essays-crafts-and-educational-content/dussehra-coloring-pages-and-printable-activities.html,no,merged,/Users/prashantdhingra/e/a3_output/happydeepawali.org/output/content/dussehra/kids-school-essays-crafts-and-educational-content/footer.fragment
dussehra/kids-school-essays-crafts-and-educational-content/50-dussehra-general-knowledge-questions-for-students.html,dussehra/kids-school-essays-crafts-and-educational-content/50-dussehra-general-knowledge-questions-for-students.html,no,merged,/Users/prashantdhingra/e/a3_output/happydeepawali.org/output/content/dussehra/kids-school-essays-crafts-and-educational-content/footer.fragment
dussehra/kids-school-essays-crafts-and-educational-content/short-essay-on-dussehra-for-school-students.html,dussehra/kids-school-essays-crafts-and-educational-content/short-essay-on-dussehra-for-school-students.html,no,merged,/Users/prashantdhingra/e/a3_output/happydeepawali.org/output/content/dussehra/kids-school-essays-crafts-and-educational-content/footer.fragment
dussehra/kids-school-essays-crafts-and-educational-content/dussehra-paragraph-for-class-3-4-and-5-students.html,dussehra/kids-school-essays-crafts-and-educational-content/dussehra-paragraph-for-class-3-4-and-5-students.html,no,merged,/Users/prashantdhingra/e/a3_output/happydeepawali.org/output/content/dussehra/kids-school-essays-crafts-and-educational-content/footer.fragment
dussehra/kids-school-essays-crafts-and-educational-content/dussehra-poster-ideas-for-school-competitions.html,dussehra/kids-school-essays-crafts-and-educational-content/dussehra-poster-ideas-for-school-competitions.html,no,merged,/Users/prashantdhingra/e/a3_output/happydeepawali.org/output/content/dussehra/kids-school-essays-crafts-and-educational-content/footer.fragment
dussehra/kids-school-essays-crafts-and-educational-content/how-to-explain-dussehra-to-children.html,dussehra/kids-school-essays-crafts-and-educational-content/how-to-explain-dussehra-to-children.html,no,merged,/Users/prashantdhingra/e/a3_output/happydeepawali.org/output/content/dussehra/kids-school-essays-crafts-and-educational-content/footer.fragment
dussehra/kids-school-essays-crafts-and-educational-content/dussehra-quiz-for-kids-questions-and-answers.html,dussehra/kids-school-essays-crafts-and-educational-content/dussehra-quiz-for-kids-questions-and-answers.html,no,merged,/Users/prashantdhingra/e/a3_output/happydeepawali.org/output/content/dussehra/kids-school-essays-crafts-and-educational-content/footer.fragment
dussehra/ramayana-ramlila-ravana-and-mythology/meghnad-or-indrajit-the-warrior-son-of-ravana.html,dussehra/ramayana-ramlila-ravana-and-mythology/meghnad-or-indrajit-the-warrior-son-of-ravana.html,no,merged,/Users/prashantdhingra/e/a3_output/happydeepawali.org/output/content/dussehra/ramayana-ramlila-ravana-and-mythology/footer.fragment
dussehra/ramayana-ramlila-ravana-and-mythology/ravana-in-different-ramayana-traditions-across-india.html,dussehra/ramayana-ramlila-ravana-and-mythology/ravana-in-different-ramayana-traditions-across-india.html,no,merged,/Users/prashantdhingra/e/a3_output/happydeepawali.org/output/content/dussehra/ramayana-ramlila-ravana-and-mythology/footer.fragment
dussehra/ramayana-ramlila-ravana-and-mythology/ramlila-history-meaning-and-how-it-is-performed.html,dussehra/ramayana-ramlila-ravana-and-mythology/ramlila-history-meaning-and-how-it-is-performed.html,no,merged,/Users/prashantdhingra/e/a3_output/happydeepawali.org/output/content/dussehra/ramayana-ramlila-ravana-and-mythology/footer.fragment
dussehra/ramayana-ramlila-ravana-and-mythology/who-was-ravana-mythology-scholarship-and-popular-interpretations.html,dussehra/ramayana-ramlila-ravana-and-mythology/who-was-ravana-mythology-scholarship-and-popular-interpretations.html,no,merged,/Users/prashantdhingra/e/a3_output/happydeepawali.org/output/content/dussehra/ramayana-ramlila-ravana-and-mythology/footer.fragment
dussehra/ramayana-ramlila-ravana-and-mythology/hanumans-role-in-ramas-victory-over-ravana.html,dussehra/ramayana-ramlila-ravana-and-mythology/hanumans-role-in-ramas-victory-over-ravana.html,no,merged,/Users/prashantdhingra/e/a3_output/happydeepawali.org/output/content/dussehra/ramayana-ramlila-ravana-and-mythology/footer.fragment
dussehra/ramayana-ramlila-ravana-and-mythology/index.html,dussehra/ramayana-ramlila-ravana-and-mythology/index.html,no,merged,/Users/prashantdhingra/e/a3_output/happydeepawali.org/output/content/dussehra/ramayana-ramlila-ravana-and-mythology/footer.fragment
dussehra/ramayana-ramlila-ravana-and-mythology/why-did-lord-rama-defeat-ravana.html,dussehra/ramayana-ramlila-ravana-and-mythology/why-did-lord-rama-defeat-ravana.html,no,merged,/Users/prashantdhingra/e/a3_output/happydeepawali.org/output/content/dussehra/ramayana-ramlila-ravana-and-mythology/footer.fragment
dussehra/ramayana-ramlila-ravana-and-mythology/rama-vs-ravana-the-ramayana-story-behind-dussehra.html,dussehra/ramayana-ramlila-ravana-and-mythology/rama-vs-ravana-the-ramayana-story-behind-dussehra.html,no,merged,/Users/prashantdhingra/e/a3_output/happydeepawali.org/output/content/dussehra/ramayana-ramlila-ravana-and-mythology/footer.fragment
dussehra/ramayana-ramlila-ravana-and-mythology/was-ravana-only-a-villain-understanding-different-cultural-perspectives.html,dussehra/ramayana-ramlila-ravana-and-mythology/was-ravana-only-a-villain-understanding-different-cultural-perspectives.html,no,merged,/Users/prashantdhingra/e/a3_output/happydeepawali.org/output/content/dussehra/ramayana-ramlila-ravana-and-mythology/footer.fragment
dussehra/ramayana-ramlila-ravana-and-mythology/lessons-from-the-ramayana-commonly-associated-with-dussehra.html,dussehra/ramayana-ramlila-ravana-and-mythology/lessons-from-the-ramayana-commonly-associated-with-dussehra.html,no,merged,/Users/prashantdhingra/e/a3_output/happydeepawali.org/output/content/dussehra/ramayana-ramlila-ravana-and-mythology/footer.fragment
dussehra/ramayana-ramlila-ravana-and-mythology/vibhishana-why-ravanas-brother-supported-rama.html,dussehra/ramayana-ramlila-ravana-and-mythology/vibhishana-why-ravanas-brother-supported-rama.html,no,merged,/Users/prashantdhingra/e/a3_output/happydeepawali.org/output/content/dussehra/ramayana-ramlila-ravana-and-mythology/footer.fragment
dussehra/ramayana-ramlila-ravana-and-mythology/how-the-ramayana-is-taught-to-children-during-dussehra.html,dussehra/ramayana-ramlila-ravana-and-mythology/how-the-ramayana-is-taught-to-children-during-dussehra.html,no,merged,/Users/prashantdhingra/e/a3_output/happydeepawali.org/output/content/dussehra/ramayana-ramlila-ravana-and-mythology/footer.fragment
dussehra/ramayana-ramlila-ravana-and-mythology/why-are-ravana-kumbhakarna-and-meghnad-effigies-burned-together.html,dussehra/ramayana-ramlila-ravana-and-mythology/why-are-ravana-kumbhakarna-and-meghnad-effigies-burned-together.html,no,merged,/Users/prashantdhingra/e/a3_output/happydeepawali.org/output/content/dussehra/ramayana-ramlila-ravana-and-mythology/footer.fragment
dussehra/ramayana-ramlila-ravana-and-mythology/how-ramlila-retells-the-ramayana-for-modern-audiences.html,dussehra/ramayana-ramlila-ravana-and-mythology/how-ramlila-retells-the-ramayana-for-modern-audiences.html,no,merged,/Users/prashantdhingra/e/a3_output/happydeepawali.org/output/content/dussehra/ramayana-ramlila-ravana-and-mythology/footer.fragment
dussehra/ramayana-ramlila-ravana-and-mythology/lakshmanas-role-in-the-ramayana-and-dussehra-story.html,dussehra/ramayana-ramlila-ravana-and-mythology/lakshmanas-role-in-the-ramayana-and-dussehra-story.html,no,merged,/Users/prashantdhingra/e/a3_output/happydeepawali.org/output/content/dussehra/ramayana-ramlila-ravana-and-mythology/footer.fragment
dussehra/ramayana-ramlila-ravana-and-mythology/ramayana-characters-guide-for-dussehra-rama-sita-hanuman-ravana-and-more.html,dussehra/ramayana-ramlila-ravana-and-mythology/ramayana-characters-guide-for-dussehra-rama-sita-hanuman-ravana-and-more.html,no,merged,/Users/prashantdhingra/e/a3_output/happydeepawali.org/output/content/dussehra/ramayana-ramlila-ravana-and-mythology/footer.fragment
dussehra/ramayana-ramlila-ravana-and-mythology/the-role-of-sita-in-the-ramayana-and-dussehra-traditions.html,dussehra/ramayana-ramlila-ravana-and-mythology/the-role-of-sita-in-the-ramayana-and-dussehra-traditions.html,no,merged,/Users/prashantdhingra/e/a3_output/happydeepawali.org/output/content/dussehra/ramayana-ramlila-ravana-and-mythology/footer.fragment
dussehra/ramayana-ramlila-ravana-and-mythology/kumbhakarna-the-story-behind-ravanas-powerful-brother.html,dussehra/ramayana-ramlila-ravana-and-mythology/kumbhakarna-the-story-behind-ravanas-powerful-brother.html,no,merged,/Users/prashantdhingra/e/a3_output/happydeepawali.org/output/content/dussehra/ramayana-ramlila-ravana-and-mythology/footer.fragment
dussehra/ramayana-ramlila-ravana-and-mythology/famous-ramlila-traditions-of-north-india.html,dussehra/ramayana-ramlila-ravana-and-mythology/famous-ramlila-traditions-of-north-india.html,no,merged,/Users/prashantdhingra/e/a3_output/happydeepawali.org/output/content/dussehra/ramayana-ramlila-ravana-and-mythology/footer.fragment
dussehra/ramayana-ramlila-ravana-and-mythology/dussehra-and-the-idea-of-dharma-in-the-ramayana.html,dussehra/ramayana-ramlila-ravana-and-mythology/dussehra-and-the-idea-of-dharma-in-the-ramayana.html,no,merged,/Users/prashantdhingra/e/a3_output/happydeepawali.org/output/content/dussehra/ramayana-ramlila-ravana-and-mythology/footer.fragment
dussehra/ramayana-ramlila-ravana-and-mythology/ten-heads-of-ravana-what-do-they-symbolize.html,dussehra/ramayana-ramlila-ravana-and-mythology/ten-heads-of-ravana-what-do-they-symbolize.html,no,merged,/Users/prashantdhingra/e/a3_output/happydeepawali.org/output/content/dussehra/ramayana-ramlila-ravana-and-mythology/footer.fragment
dussehra/dussehra-2027-city-events-and-local-search/dussehra-2027-in-chennai-golu-saraswati-puja-and-vijayadashami.html,dussehra/dussehra-2027-city-events-and-local-search/dussehra-2027-in-chennai-golu-saraswati-puja-and-vijayadashami.html,no,merged,/Users/prashantdhingra/e/a3_output/happydeepawali.org/output/content/dussehra/dussehra-2027-city-events-and-local-search/footer.fragment
dussehra/dussehra-2027-city-events-and-local-search/dussehra-2027-in-toronto-indian-community-events-and-celebrations.html,dussehra/dussehra-2027-city-events-and-local-search/dussehra-2027-in-toronto-indian-community-events-and-celebrations.html,no,merged,/Users/prashantdhingra/e/a3_output/happydeepawali.org/output/content/dussehra/dussehra-2027-city-events-and-local-search/footer.fragment
dussehra/dussehra-2027-city-events-and-local-search/dussehra-2027-in-kota-dussehra-mela-and-event-guide.html,dussehra/dussehra-2027-city-events-and-local-search/dussehra-2027-in-kota-dussehra-mela-and-event-guide.html,no,merged,/Users/prashantdhingra/e/a3_output/happydeepawali.org/output/content/dussehra/dussehra-2027-city-events-and-local-search/footer.fragment
dussehra/dussehra-2027-city-events-and-local-search/index.html,dussehra/dussehra-2027-city-events-and-local-search/index.html,no,merged,/Users/prashantdhingra/e/a3_output/happydeepawali.org/output/content/dussehra/dussehra-2027-city-events-and-local-search/footer.fragment
dussehra/dussehra-2027-city-events-and-local-search/dussehra-2027-in-new-jersey-ramlila-and-indian-community-events.html,dussehra/dussehra-2027-city-events-and-local-search/dussehra-2027-in-new-jersey-ramlila-and-indian-community-events.html,no,merged,/Users/prashantdhingra/e/a3_output/happydeepawali.org/output/content/dussehra/dussehra-2027-city-events-and-local-search/footer.fragment
dussehra/dussehra-2027-city-events-and-local-search/dussehra-2027-near-me-how-to-find-ramlila-effigy-burning-and-local-events.html,dussehra/dussehra-2027-city-events-and-local-search/dussehra-2027-near-me-how-to-find-ramlila-effigy-burning-and-local-events.html,no,merged,/Users/prashantdhingra/e/a3_output/happydeepawali.org/output/content/dussehra/dussehra-2027-city-events-and-local-search/footer.fragment
dussehra/dussehra-2027-city-events-and-local-search/dussehra-2027-in-mumbai-events-and-vijayadashami-celebrations.html,dussehra/dussehra-2027-city-events-and-local-search/dussehra-2027-in-mumbai-events-and-vijayadashami-celebrations.html,no,merged,/Users/prashantdhingra/e/a3_output/happydeepawali.org/output/content/dussehra/dussehra-2027-city-events-and-local-search/footer.fragment
dussehra/dussehra-2027-city-events-and-local-search/dussehra-2027-in-bengaluru-ayudha-puja-and-city-events.html,dussehra/dussehra-2027-city-events-and-local-search/dussehra-2027-in-bengaluru-ayudha-puja-and-city-events.html,no,merged,/Users/prashantdhingra/e/a3_output/happydeepawali.org/output/content/dussehra/dussehra-2027-city-events-and-local-search/footer.fragment
dussehra/dussehra-2027-city-events-and-local-search/dussehra-2027-in-faridabad-events-and-community-celebrations.html,dussehra/dussehra-2027-city-events-and-local-search/dussehra-2027-in-faridabad-events-and-community-celebrations.html,no,merged,/Users/prashantdhingra/e/a3_output/happydeepawali.org/output/content/dussehra/dussehra-2027-city-events-and-local-search/footer.fragment
dussehra/dussehra-2027-city-events-and-local-search/dussehra-2027-in-gurugram-events-and-celebration-guide.html,dussehra/dussehra-2027-city-events-and-local-search/dussehra-2027-in-gurugram-events-and-celebration-guide.html,no,merged,/Users/prashantdhingra/e/a3_output/happydeepawali.org/output/content/dussehra/dussehra-2027-city-events-and-local-search/footer.fragment
dussehra/dussehra-2027-city-events-and-local-search/dussehra-2027-in-jaipur-fairs-ramlila-and-events.html,dussehra/dussehra-2027-city-events-and-local-search/dussehra-2027-in-jaipur-fairs-ramlila-and-events.html,no,merged,/Users/prashantdhingra/e/a3_output/happydeepawali.org/output/content/dussehra/dussehra-2027-city-events-and-local-search/footer.fragment
dussehra/dussehra-2027-city-events-and-local-search/dussehra-2027-in-kolkata-vijayadashami-and-durga-visarjan.html,dussehra/dussehra-2027-city-events-and-local-search/dussehra-2027-in-kolkata-vijayadashami-and-durga-visarjan.html,no,merged,/Users/prashantdhingra/e/a3_output/happydeepawali.org/output/content/dussehra/dussehra-2027-city-events-and-local-search/footer.fragment
dussehra/dussehra-2027-city-events-and-local-search/dussehra-2027-in-varanasi-ramnagar-ramlila-and-festival-guide.html,dussehra/dussehra-2027-city-events-and-local-search/dussehra-2027-in-varanasi-ramnagar-ramlila-and-festival-guide.html,no,merged,/Users/prashantdhingra/e/a3_output/happydeepawali.org/output/content/dussehra/dussehra-2027-city-events-and-local-search/footer.fragment
dussehra/dussehra-2027-city-events-and-local-search/dussehra-2027-in-mysuru-procession-palace-lights-and-events.html,dussehra/dussehra-2027-city-events-and-local-search/dussehra-2027-in-mysuru-procession-palace-lights-and-events.html,no,merged,/Users/prashantdhingra/e/a3_output/happydeepawali.org/output/content/dussehra/dussehra-2027-city-events-and-local-search/footer.fragment
dussehra/dussehra-2027-city-events-and-local-search/dussehra-2027-in-ayodhya-events-and-celebration-guide.html,dussehra/dussehra-2027-city-events-and-local-search/dussehra-2027-in-ayodhya-events-and-celebration-guide.html,no,merged,/Users/prashantdhingra/e/a3_output/happydeepawali.org/output/content/dussehra/dussehra-2027-city-events-and-local-search/footer.fragment
dussehra/dussehra-2027-city-events-and-local-search/dussehra-2027-in-noida-ramlila-and-community-events.html,dussehra/dussehra-2027-city-events-and-local-search/dussehra-2027-in-noida-ramlila-and-community-events.html,no,merged,/Users/prashantdhingra/e/a3_output/happydeepawali.org/output/content/dussehra/dussehra-2027-city-events-and-local-search/footer.fragment
dussehra/dussehra-2027-city-events-and-local-search/dussehra-2027-in-lucknow-ramlila-fairs-and-events.html,dussehra/dussehra-2027-city-events-and-local-search/dussehra-2027-in-lucknow-ramlila-fairs-and-events.html,no,merged,/Users/prashantdhingra/e/a3_output/happydeepawali.org/output/content/dussehra/dussehra-2027-city-events-and-local-search/footer.fragment
dussehra/dussehra-2027-city-events-and-local-search/dussehra-2027-in-ghaziabad-ramlila-and-local-events.html,dussehra/dussehra-2027-city-events-and-local-search/dussehra-2027-in-ghaziabad-ramlila-and-local-events.html,no,merged,/Users/prashantdhingra/e/a3_output/happydeepawali.org/output/content/dussehra/dussehra-2027-city-events-and-local-search/footer.fragment
dussehra/dussehra-2027-city-events-and-local-search/dussehra-2027-in-pune-simollanghan-and-local-events.html,dussehra/dussehra-2027-city-events-and-local-search/dussehra-2027-in-pune-simollanghan-and-local-events.html,no,merged,/Users/prashantdhingra/e/a3_output/happydeepawali.org/output/content/dussehra/dussehra-2027-city-events-and-local-search/footer.fragment
dussehra/dussehra-2027-city-events-and-local-search/dussehra-2027-in-hyderabad-events-and-community-celebrations.html,dussehra/dussehra-2027-city-events-and-local-search/dussehra-2027-in-hyderabad-events-and-community-celebrations.html,no,merged,/Users/prashantdhingra/e/a3_output/happydeepawali.org/output/content/dussehra/dussehra-2027-city-events-and-local-search/footer.fragment
dussehra/dussehra-2027-city-events-and-local-search/dussehra-2027-in-delhi-ramlila-effigy-burning-and-events.html,dussehra/dussehra-2027-city-events-and-local-search/dussehra-2027-in-delhi-ramlila-effigy-burning-and-events.html,no,merged,/Users/prashantdhingra/e/a3_output/happydeepawali.org/output/content/dussehra/dussehra-2027-city-events-and-local-search/footer.fragment
ramayana-krishna-kali-and-diwali-mythology/diwali-in-jain-tradition-mahavira-and-nirvana.html,ramayana-krishna-kali-and-diwali-mythology/diwali-in-jain-tradition-mahavira-and-nirvana.html,no,merged,/Users/prashantdhingra/e/a3_output/happydeepawali.org/output/content/ramayana-krishna-kali-and-diwali-mythology/footer.fragment
ramayana-krishna-kali-and-diwali-mythology/index.html,ramayana-krishna-kali-and-diwali-mythology/index.html,no,merged,/Users/prashantdhingra/e/a3_output/happydeepawali.org/output/content/ramayana-krishna-kali-and-diwali-mythology/footer.fragment
ramayana-krishna-kali-and-diwali-mythology/lakshmi-and-diwali-myths-symbolism-and-worship-traditions.html,ramayana-krishna-kali-and-diwali-mythology/lakshmi-and-diwali-myths-symbolism-and-worship-traditions.html,no,merged,/Users/prashantdhingra/e/a3_output/happydeepawali.org/output/content/ramayana-krishna-kali-and-diwali-mythology/footer.fragment
ramayana-krishna-kali-and-diwali-mythology/diwali-and-the-ramayana-what-the-festival-represents.html,ramayana-krishna-kali-and-diwali-mythology/diwali-and-the-ramayana-what-the-festival-represents.html,no,merged,/Users/prashantdhingra/e/a3_output/happydeepawali.org/output/content/ramayana-krishna-kali-and-diwali-mythology/footer.fragment
ramayana-krishna-kali-and-diwali-mythology/ramayana-traditions-of-diwali-in-north-india.html,ramayana-krishna-kali-and-diwali-mythology/ramayana-traditions-of-diwali-in-north-india.html,no,merged,/Users/prashantdhingra/e/a3_output/happydeepawali.org/output/content/ramayana-krishna-kali-and-diwali-mythology/footer.fragment
ramayana-krishna-kali-and-diwali-mythology/shakti-traditions-of-diwali-in-eastern-india.html,ramayana-krishna-kali-and-diwali-mythology/shakti-traditions-of-diwali-in-eastern-india.html,no,merged,/Users/prashantdhingra/e/a3_output/happydeepawali.org/output/content/ramayana-krishna-kali-and-diwali-mythology/footer.fragment
ramayana-krishna-kali-and-diwali-mythology/kali-puja-and-diwali-how-the-traditions-are-connected.html,ramayana-krishna-kali-and-diwali-mythology/kali-puja-and-diwali-how-the-traditions-are-connected.html,no,merged,/Users/prashantdhingra/e/a3_output/happydeepawali.org/output/content/ramayana-krishna-kali-and-diwali-mythology/footer.fragment
ramayana-krishna-kali-and-diwali-mythology/the-story-of-ramas-return-to-ayodhya-and-its-connection-to-diwali.html,ramayana-krishna-kali-and-diwali-mythology/the-story-of-ramas-return-to-ayodhya-and-its-connection-to-diwali.html,no,merged,/Users/prashantdhingra/e/a3_output/happydeepawali.org/output/content/ramayana-krishna-kali-and-diwali-mythology/footer.fragment
ramayana-krishna-kali-and-diwali-mythology/ganesha-and-diwali-why-he-is-worshipped-with-lakshmi.html,ramayana-krishna-kali-and-diwali-mythology/ganesha-and-diwali-why-he-is-worshipped-with-lakshmi.html,no,merged,/Users/prashantdhingra/e/a3_output/happydeepawali.org/output/content/ramayana-krishna-kali-and-diwali-mythology/footer.fragment
ramayana-krishna-kali-and-diwali-mythology/diwali-in-sikh-tradition-bandi-chhor-divas-explained.html,ramayana-krishna-kali-and-diwali-mythology/diwali-in-sikh-tradition-bandi-chhor-divas-explained.html,no,merged,/Users/prashantdhingra/e/a3_output/happydeepawali.org/output/content/ramayana-krishna-kali-and-diwali-mythology/footer.fragment
ramayana-krishna-kali-and-diwali-mythology/bali-pratipada-the-story-of-king-bali-and-diwali.html,ramayana-krishna-kali-and-diwali-mythology/bali-pratipada-the-story-of-king-bali-and-diwali.html,no,merged,/Users/prashantdhingra/e/a3_output/happydeepawali.org/output/content/ramayana-krishna-kali-and-diwali-mythology/footer.fragment
ramayana-krishna-kali-and-diwali-mythology/why-diwali-has-more-than-one-origin-story.html,ramayana-krishna-kali-and-diwali-mythology/why-diwali-has-more-than-one-origin-story.html,no,merged,/Users/prashantdhingra/e/a3_output/happydeepawali.org/output/content/ramayana-krishna-kali-and-diwali-mythology/footer.fragment
ramayana-krishna-kali-and-diwali-mythology/diwali-in-buddhist-communities-regional-traditions-and-context.html,ramayana-krishna-kali-and-diwali-mythology/diwali-in-buddhist-communities-regional-traditions-and-context.html,no,merged,/Users/prashantdhingra/e/a3_output/happydeepawali.org/output/content/ramayana-krishna-kali-and-diwali-mythology/footer.fragment
ramayana-krishna-kali-and-diwali-mythology/diwali-mythology-guide-major-stories-and-regional-traditions.html,ramayana-krishna-kali-and-diwali-mythology/diwali-mythology-guide-major-stories-and-regional-traditions.html,no,merged,/Users/prashantdhingra/e/a3_output/happydeepawali.org/output/content/ramayana-krishna-kali-and-diwali-mythology/footer.fragment
ramayana-krishna-kali-and-diwali-mythology/krishna-and-narakasura-the-story-behind-naraka-chaturdashi.html,ramayana-krishna-kali-and-diwali-mythology/krishna-and-narakasura-the-story-behind-naraka-chaturdashi.html,no,merged,/Users/prashantdhingra/e/a3_output/happydeepawali.org/output/content/ramayana-krishna-kali-and-diwali-mythology/footer.fragment
ramayana-krishna-kali-and-diwali-mythology/krishna-traditions-of-diwali-in-western-and-southern-india.html,ramayana-krishna-kali-and-diwali-mythology/krishna-traditions-of-diwali-in-western-and-southern-india.html,no,merged,/Users/prashantdhingra/e/a3_output/happydeepawali.org/output/content/ramayana-krishna-kali-and-diwali-mythology/footer.fragment
ramayana-krishna-kali-and-diwali-mythology/why-ayodhya-is-central-to-many-diwali-traditions.html,ramayana-krishna-kali-and-diwali-mythology/why-ayodhya-is-central-to-many-diwali-traditions.html,no,merged,/Users/prashantdhingra/e/a3_output/happydeepawali.org/output/content/ramayana-krishna-kali-and-diwali-mythology/footer.fragment
ramayana-krishna-kali-and-diwali-mythology/different-diwali-stories-across-india.html,ramayana-krishna-kali-and-diwali-mythology/different-diwali-stories-across-india.html,no,merged,/Users/prashantdhingra/e/a3_output/happydeepawali.org/output/content/ramayana-krishna-kali-and-diwali-mythology/footer.fragment
ramayana-krishna-kali-and-diwali-mythology/diwali-stories-for-families-rama-krishna-lakshmi-and-more.html,ramayana-krishna-kali-and-diwali-mythology/diwali-stories-for-families-rama-krishna-lakshmi-and-more.html,no,merged,/Users/prashantdhingra/e/a3_output/happydeepawali.org/output/content/ramayana-krishna-kali-and-diwali-mythology/footer.fragment
ramayana-krishna-kali-and-diwali-mythology/govardhan-puja-and-krishna-the-story-behind-annakut.html,ramayana-krishna-kali-and-diwali-mythology/govardhan-puja-and-krishna-the-story-behind-annakut.html,no,merged,/Users/prashantdhingra/e/a3_output/happydeepawali.org/output/content/ramayana-krishna-kali-and-diwali-mythology/footer.fragment
ramayana-krishna-kali-and-diwali-mythology/how-regional-mythology-shapes-diwali-celebrations.html,ramayana-krishna-kali-and-diwali-mythology/how-regional-mythology-shapes-diwali-celebrations.html,no,merged,/Users/prashantdhingra/e/a3_output/happydeepawali.org/output/content/ramayana-krishna-kali-and-diwali-mythology/footer.fragment
gifts-shopping-hampers-and-corporate-gifting/eco-friendly-diwali-gift-ideas.html,gifts-shopping-hampers-and-corporate-gifting/eco-friendly-diwali-gift-ideas.html,no,merged,/Users/prashantdhingra/e/a3_output/happydeepawali.org/output/content/gifts-shopping-hampers-and-corporate-gifting/footer.fragment
gifts-shopping-hampers-and-corporate-gifting/corporate-diwali-gift-ideas.html,gifts-shopping-hampers-and-corporate-gifting/corporate-diwali-gift-ideas.html,no,merged,/Users/prashantdhingra/e/a3_output/happydeepawali.org/output/content/gifts-shopping-hampers-and-corporate-gifting/footer.fragment
gifts-shopping-hampers-and-corporate-gifting/personalized-diwali-gift-ideas.html,gifts-shopping-hampers-and-corporate-gifting/personalized-diwali-gift-ideas.html,no,merged,/Users/prashantdhingra/e/a3_output/happydeepawali.org/output/content/gifts-shopping-hampers-and-corporate-gifting/footer.fragment
gifts-shopping-hampers-and-corporate-gifting/index.html,gifts-shopping-hampers-and-corporate-gifting/index.html,no,merged,/Users/prashantdhingra/e/a3_output/happydeepawali.org/output/content/gifts-shopping-hampers-and-corporate-gifting/footer.fragment
gifts-shopping-hampers-and-corporate-gifting/budget-diwali-gift-ideas-under-different-price-ranges.html,gifts-shopping-hampers-and-corporate-gifting/budget-diwali-gift-ideas-under-different-price-ranges.html,no,merged,/Users/prashantdhingra/e/a3_output/happydeepawali.org/output/content/gifts-shopping-hampers-and-corporate-gifting/footer.fragment
gifts-shopping-hampers-and-corporate-gifting/diwali-gifts-for-friends.html,gifts-shopping-hampers-and-corporate-gifting/diwali-gifts-for-friends.html,no,merged,/Users/prashantdhingra/e/a3_output/happydeepawali.org/output/content/gifts-shopping-hampers-and-corporate-gifting/footer.fragment
gifts-shopping-hampers-and-corporate-gifting/diwali-gifts-for-parents.html,gifts-shopping-hampers-and-corporate-gifting/diwali-gifts-for-parents.html,no,merged,/Users/prashantdhingra/e/a3_output/happydeepawali.org/output/content/gifts-shopping-hampers-and-corporate-gifting/footer.fragment
gifts-shopping-hampers-and-corporate-gifting/diwali-dry-fruit-gift-box-ideas.html,gifts-shopping-hampers-and-corporate-gifting/diwali-dry-fruit-gift-box-ideas.html,no,merged,/Users/prashantdhingra/e/a3_output/happydeepawali.org/output/content/gifts-shopping-hampers-and-corporate-gifting/footer.fragment
gifts-shopping-hampers-and-corporate-gifting/luxury-diwali-gift-ideas.html,gifts-shopping-hampers-and-corporate-gifting/luxury-diwali-gift-ideas.html,no,merged,/Users/prashantdhingra/e/a3_output/happydeepawali.org/output/content/gifts-shopping-hampers-and-corporate-gifting/footer.fragment
gifts-shopping-hampers-and-corporate-gifting/diwali-gift-hamper-ideas.html,gifts-shopping-hampers-and-corporate-gifting/diwali-gift-hamper-ideas.html,no,merged,/Users/prashantdhingra/e/a3_output/happydeepawali.org/output/content/gifts-shopping-hampers-and-corporate-gifting/footer.fragment
gifts-shopping-hampers-and-corporate-gifting/diy-diwali-gift-ideas.html,gifts-shopping-hampers-and-corporate-gifting/diy-diwali-gift-ideas.html,no,merged,/Users/prashantdhingra/e/a3_output/happydeepawali.org/output/content/gifts-shopping-hampers-and-corporate-gifting/footer.fragment
gifts-shopping-hampers-and-corporate-gifting/diwali-gifts-for-husband-and-wife.html,gifts-shopping-hampers-and-corporate-gifting/diwali-gifts-for-husband-and-wife.html,no,merged,/Users/prashantdhingra/e/a3_output/happydeepawali.org/output/content/gifts-shopping-hampers-and-corporate-gifting/footer.fragment
gifts-shopping-hampers-and-corporate-gifting/diwali-gifts-for-kids.html,gifts-shopping-hampers-and-corporate-gifting/diwali-gifts-for-kids.html,no,merged,/Users/prashantdhingra/e/a3_output/happydeepawali.org/output/content/gifts-shopping-hampers-and-corporate-gifting/footer.fragment
gifts-shopping-hampers-and-corporate-gifting/diwali-gifts-for-clients-and-business-partners.html,gifts-shopping-hampers-and-corporate-gifting/diwali-gifts-for-clients-and-business-partners.html,no,merged,/Users/prashantdhingra/e/a3_output/happydeepawali.org/output/content/gifts-shopping-hampers-and-corporate-gifting/footer.fragment
gifts-shopping-hampers-and-corporate-gifting/how-to-choose-the-right-diwali-gift-for-different-relationships.html,gifts-shopping-hampers-and-corporate-gifting/how-to-choose-the-right-diwali-gift-for-different-relationships.html,no,merged,/Users/prashantdhingra/e/a3_output/happydeepawali.org/output/content/gifts-shopping-hampers-and-corporate-gifting/footer.fragment
gifts-shopping-hampers-and-corporate-gifting/last-minute-diwali-gift-ideas.html,gifts-shopping-hampers-and-corporate-gifting/last-minute-diwali-gift-ideas.html,no,merged,/Users/prashantdhingra/e/a3_output/happydeepawali.org/output/content/gifts-shopping-hampers-and-corporate-gifting/footer.fragment
gifts-shopping-hampers-and-corporate-gifting/best-diwali-gift-ideas-for-family-and-friends.html,gifts-shopping-hampers-and-corporate-gifting/best-diwali-gift-ideas-for-family-and-friends.html,no,merged,/Users/prashantdhingra/e/a3_output/happydeepawali.org/output/content/gifts-shopping-hampers-and-corporate-gifting/footer.fragment
gifts-shopping-hampers-and-corporate-gifting/diwali-gifts-for-employees.html,gifts-shopping-hampers-and-corporate-gifting/diwali-gifts-for-employees.html,no,merged,/Users/prashantdhingra/e/a3_output/happydeepawali.org/output/content/gifts-shopping-hampers-and-corporate-gifting/footer.fragment
gifts-shopping-hampers-and-corporate-gifting/diwali-sweet-box-gift-ideas.html,gifts-shopping-hampers-and-corporate-gifting/diwali-sweet-box-gift-ideas.html,no,merged,/Users/prashantdhingra/e/a3_output/happydeepawali.org/output/content/gifts-shopping-hampers-and-corporate-gifting/footer.fragment
gifts-shopping-hampers-and-corporate-gifting/diwali-gifts-for-brothers-and-sisters.html,gifts-shopping-hampers-and-corporate-gifting/diwali-gifts-for-brothers-and-sisters.html,no,merged,/Users/prashantdhingra/e/a3_output/happydeepawali.org/output/content/gifts-shopping-hampers-and-corporate-gifting/footer.fragment
gifts-shopping-hampers-and-corporate-gifting/diwali-return-gift-ideas-for-guests.html,gifts-shopping-hampers-and-corporate-gifting/diwali-return-gift-ideas-for-guests.html,no,merged,/Users/prashantdhingra/e/a3_output/happydeepawali.org/output/content/gifts-shopping-hampers-and-corporate-gifting/footer.fragment
shraddh/can-women-perform-shraddh.html,shraddh/can-women-perform-shraddh.html,no,merged,/Users/prashantdhingra/e/a3_output/happydeepawali.org/output/content/shraddh/footer.fragment
shraddh/understanding-pitru-dosha.html,shraddh/understanding-pitru-dosha.html,no,merged,/Users/prashantdhingra/e/a3_output/happydeepawali.org/output/content/shraddh/footer.fragment
shraddh/pitru-paksha-to-sharad-navratri.html,shraddh/pitru-paksha-to-sharad-navratri.html,no,merged,/Users/prashantdhingra/e/a3_output/happydeepawali.org/output/content/shraddh/footer.fragment
shraddh/gaya-kashi-prayagraj-shraddh.html,shraddh/gaya-kashi-prayagraj-shraddh.html,no,merged,/Users/prashantdhingra/e/a3_output/happydeepawali.org/output/content/shraddh/footer.fragment
shraddh/index.html,shraddh/index.html,no,merged,/Users/prashantdhingra/e/a3_output/happydeepawali.org/output/content/shraddh/footer.fragment
shraddh/digital-tarpan-e-shraddh-diaspora.html,shraddh/digital-tarpan-e-shraddh-diaspora.html,no,merged,/Users/prashantdhingra/e/a3_output/happydeepawali.org/output/content/shraddh/footer.fragment
shraddh/why-celebrations-paused-pitru-paksha.html,shraddh/why-celebrations-paused-pitru-paksha.html,no,merged,/Users/prashantdhingra/e/a3_output/happydeepawali.org/output/content/shraddh/footer.fragment
shraddh/psychology-of-shraddh-grief-family-history.html,shraddh/psychology-of-shraddh-grief-family-history.html,no,merged,/Users/prashantdhingra/e/a3_output/happydeepawali.org/output/content/shraddh/footer.fragment
shraddh/shraddh-at-home-beginners-guide.html,shraddh/shraddh-at-home-beginners-guide.html,no,merged,/Users/prashantdhingra/e/a3_output/happydeepawali.org/output/content/shraddh/footer.fragment
shraddh/brahmin-bhoj-panchbali-shraddh.html,shraddh/brahmin-bhoj-panchbali-shraddh.html,no,merged,/Users/prashantdhingra/e/a3_output/happydeepawali.org/output/content/shraddh/footer.fragment
shraddh/traditional-sattvik-shraddh-feast.html,shraddh/traditional-sattvik-shraddh-feast.html,no,merged,/Users/prashantdhingra/e/a3_output/happydeepawali.org/output/content/shraddh/footer.fragment
shraddh/sarvapitri-amavasya-guide.html,shraddh/sarvapitri-amavasya-guide.html,no,merged,/Users/prashantdhingra/e/a3_output/happydeepawali.org/output/content/shraddh/footer.fragment
shraddh/why-crows-sacred-shraddh.html,shraddh/why-crows-sacred-shraddh.html,no,merged,/Users/prashantdhingra/e/a3_output/happydeepawali.org/output/content/shraddh/footer.fragment
shraddh/ancestral-healing-epigenetics-shraddh.html,shraddh/ancestral-healing-epigenetics-shraddh.html,no,merged,/Users/prashantdhingra/e/a3_output/happydeepawali.org/output/content/shraddh/footer.fragment
shraddh/overview.html,shraddh/overview.html,no,merged,/Users/prashantdhingra/e/a3_output/happydeepawali.org/output/content/shraddh/footer.fragment
shraddh/karna-legend-pitru-paksha.html,shraddh/karna-legend-pitru-paksha.html,no,merged,/Users/prashantdhingra/e/a3_output/happydeepawali.org/output/content/shraddh/footer.fragment
shraddh/tarpan-step-by-step-meaning.html,shraddh/tarpan-step-by-step-meaning.html,no,merged,/Users/prashantdhingra/e/a3_output/happydeepawali.org/output/content/shraddh/footer.fragment
shraddh/why-pitru-paksha-sixteen-days.html,shraddh/why-pitru-paksha-sixteen-days.html,no,merged,/Users/prashantdhingra/e/a3_output/happydeepawali.org/output/content/shraddh/footer.fragment
shraddh/pinda-daan-meaning-components.html,shraddh/pinda-daan-meaning-components.html,no,merged,/Users/prashantdhingra/e/a3_output/happydeepawali.org/output/content/shraddh/footer.fragment
shraddh/pitru-paksha-dos-and-donts.html,shraddh/pitru-paksha-dos-and-donts.html,no,merged,/Users/prashantdhingra/e/a3_output/happydeepawali.org/output/content/shraddh/footer.fragment
shraddh/debunking-pitru-paksha-superstitions.html,shraddh/debunking-pitru-paksha-superstitions.html,no,merged,/Users/prashantdhingra/e/a3_output/happydeepawali.org/output/content/shraddh/footer.fragment
shraddh/garuda-purana-soul-journey-ancestors.html,shraddh/garuda-purana-soul-journey-ancestors.html,no,merged,/Users/prashantdhingra/e/a3_output/happydeepawali.org/output/content/shraddh/footer.fragment
shraddh/regional-shraddha-traditions-india-nepal/index.html,shraddh/regional-shraddha-traditions-india-nepal/index.html,no,merged,/Users/prashantdhingra/e/a3_output/happydeepawali.org/output/content/shraddh/regional-shraddha-traditions-india-nepal/footer.fragment
shraddh/messages/index.html,shraddh/messages/index.html,no,merged,/Users/prashantdhingra/e/a3_output/happydeepawali.org/output/content/shraddh/messages/footer.fragment
shraddh/messages/rajasthani/index.html,shraddh/messages/rajasthani/index.html,no,merged,/Users/prashantdhingra/e/a3_output/happydeepawali.org/output/content/shraddh/messages/rajasthani/footer.fragment
shraddh/messages/gujarati/index.html,shraddh/messages/gujarati/index.html,no,merged,/Users/prashantdhingra/e/a3_output/happydeepawali.org/output/content/shraddh/messages/gujarati/footer.fragment
shraddh/messages/punjabi/index.html,shraddh/messages/punjabi/index.html,no,merged,/Users/prashantdhingra/e/a3_output/happydeepawali.org/output/content/shraddh/messages/punjabi/footer.fragment
shraddh/messages/hindi/index.html,shraddh/messages/hindi/index.html,no,merged,/Users/prashantdhingra/e/a3_output/happydeepawali.org/output/content/shraddh/messages/hindi/footer.fragment
shraddh/messages/bhojpuri/index.html,shraddh/messages/bhojpuri/index.html,no,merged,/Users/prashantdhingra/e/a3_output/happydeepawali.org/output/content/shraddh/messages/bhojpuri/footer.fragment
shraddh/messages/telugu/index.html,shraddh/messages/telugu/index.html,no,merged,/Users/prashantdhingra/e/a3_output/happydeepawali.org/output/content/shraddh/messages/telugu/footer.fragment
shraddh/messages/maithili/index.html,shraddh/messages/maithili/index.html,no,merged,/Users/prashantdhingra/e/a3_output/happydeepawali.org/output/content/shraddh/messages/maithili/footer.fragment
shraddh/messages/sanskrit/index.html,shraddh/messages/sanskrit/index.html,no,merged,/Users/prashantdhingra/e/a3_output/happydeepawali.org/output/content/shraddh/messages/sanskrit/footer.fragment
shraddh/messages/assamese/index.html,shraddh/messages/assamese/index.html,no,merged,/Users/prashantdhingra/e/a3_output/happydeepawali.org/output/content/shraddh/messages/assamese/footer.fragment
shraddh/messages/english/index.html,shraddh/messages/english/index.html,no,merged,/Users/prashantdhingra/e/a3_output/happydeepawali.org/output/content/shraddh/messages/english/footer.fragment
shraddh/messages/haryanvi/index.html,shraddh/messages/haryanvi/index.html,no,merged,/Users/prashantdhingra/e/a3_output/happydeepawali.org/output/content/shraddh/messages/haryanvi/footer.fragment
shraddh/messages/kannada/index.html,shraddh/messages/kannada/index.html,no,merged,/Users/prashantdhingra/e/a3_output/happydeepawali.org/output/content/shraddh/messages/kannada/footer.fragment
shraddh/messages/tamil/index.html,shraddh/messages/tamil/index.html,no,merged,/Users/prashantdhingra/e/a3_output/happydeepawali.org/output/content/shraddh/messages/tamil/footer.fragment
shraddh/messages/odia/index.html,shraddh/messages/odia/index.html,no,merged,/Users/prashantdhingra/e/a3_output/happydeepawali.org/output/content/shraddh/messages/odia/footer.fragment
shraddh/messages/marathi/index.html,shraddh/messages/marathi/index.html,no,merged,/Users/prashantdhingra/e/a3_output/happydeepawali.org/output/content/shraddh/messages/marathi/footer.fragment
shraddh/messages/bengali/index.html,shraddh/messages/bengali/index.html,no,merged,/Users/prashantdhingra/e/a3_output/happydeepawali.org/output/content/shraddh/messages/bengali/footer.fragment
shraddh/shraddha-at-home-puja-ritual-guide/index.html,shraddh/shraddha-at-home-puja-ritual-guide/index.html,no,merged,/Users/prashantdhingra/e/a3_output/happydeepawali.org/output/content/shraddh/shraddha-at-home-puja-ritual-guide/footer.fragment
shraddh/shraddha-faq-glossary-rules-special-cases/index.html,shraddh/shraddha-faq-glossary-rules-special-cases/index.html,no,merged,/Users/prashantdhingra/e/a3_output/happydeepawali.org/output/content/shraddh/shraddha-faq-glossary-rules-special-cases/footer.fragment
shraddh/who-can-perform-shraddha-family-roles/index.html,shraddh/who-can-perform-shraddha-family-roles/index.html,no,merged,/Users/prashantdhingra/e/a3_output/happydeepawali.org/output/content/shraddh/who-can-perform-shraddha-family-roles/footer.fragment
shraddh/shraddha-feeding-charity/index.html,shraddh/shraddha-feeding-charity/index.html,no,merged,/Users/prashantdhingra/e/a3_output/happydeepawali.org/output/content/shraddh/shraddha-feeding-charity/footer.fragment
shraddh/shraddha-symbolism-water-sesame-kusha-pinda/index.html,shraddh/shraddha-symbolism-water-sesame-kusha-pinda/index.html,no,merged,/Users/prashantdhingra/e/a3_output/happydeepawali.org/output/content/shraddh/shraddha-symbolism-water-sesame-kusha-pinda/footer.fragment
shraddh/memory-maker/index.html,shraddh/memory-maker/index.html,no,merged,/Users/prashantdhingra/e/a3_output/happydeepawali.org/output/content/shraddh/memory-maker/footer.fragment
shraddh/shraddha-pitru-paksha-meaning/index.html,shraddh/shraddha-pitru-paksha-meaning/index.html,no,merged,/Users/prashantdhingra/e/a3_output/happydeepawali.org/output/content/shraddh/shraddha-pitru-paksha-meaning/footer.fragment
shraddh/gaya-pind-daan-pilgrimage/index.html,shraddh/gaya-pind-daan-pilgrimage/index.html,no,merged,/Users/prashantdhingra/e/a3_output/happydeepawali.org/output/content/shraddh/gaya-pind-daan-pilgrimage/footer.fragment
shraddh/shraddha-pilgrimage-planning/index.html,shraddh/shraddha-pilgrimage-planning/index.html,no,merged,/Users/prashantdhingra/e/a3_output/happydeepawali.org/output/content/shraddh/shraddha-pilgrimage-planning/footer.fragment
shraddh/pitru-paksha-2026-dates/index.html,shraddh/pitru-paksha-2026-dates/index.html,no,merged,/Users/prashantdhingra/e/a3_output/happydeepawali.org/output/content/shraddh/pitru-paksha-2026-dates/footer.fragment
shraddh/tarpan-pind-daan-guide/index.html,shraddh/tarpan-pind-daan-guide/index.html,no,merged,/Users/prashantdhingra/e/a3_output/happydeepawali.org/output/content/shraddh/tarpan-pind-daan-guide/footer.fragment
shraddh/shraddha-food-offerings-meals-recipes/index.html,shraddh/shraddha-food-offerings-meals-recipes/index.html,no,merged,/Users/prashantdhingra/e/a3_output/happydeepawali.org/output/content/shraddh/shraddha-food-offerings-meals-recipes/footer.fragment
shraddh/shraddha-tithi-amavasya-guide/index.html,shraddh/shraddha-tithi-amavasya-guide/index.html,no,merged,/Users/prashantdhingra/e/a3_output/happydeepawali.org/output/content/shraddh/shraddha-tithi-amavasya-guide/footer.fragment
shraddh/shraddha-diaspora-modern-practical-guide/index.html,shraddh/shraddha-diaspora-modern-practical-guide/index.html,no,merged,/Users/prashantdhingra/e/a3_output/happydeepawali.org/output/content/shraddh/shraddha-diaspora-modern-practical-guide/footer.fragment
shraddh/pitru-paksha-2027-dates/index.html,shraddh/pitru-paksha-2027-dates/index.html,no,merged,/Users/prashantdhingra/e/a3_output/happydeepawali.org/output/content/shraddh/pitru-paksha-2027-dates/footer.fragment
shraddh/haridwar-varanasi-prayagraj-shraddha/index.html,shraddh/haridwar-varanasi-prayagraj-shraddha/index.html,no,merged,/Users/prashantdhingra/e/a3_output/happydeepawali.org/output/content/shraddh/haridwar-varanasi-prayagraj-shraddha/footer.fragment
shraddh/ancestor-remembrance-family-history-stories/index.html,shraddh/ancestor-remembrance-family-history-stories/index.html,no,merged,/Users/prashantdhingra/e/a3_output/happydeepawali.org/output/content/shraddh/ancestor-remembrance-family-history-stories/footer.fragment
shraddh/shraddha-scriptures-stories-philosophy/index.html,shraddh/shraddha-scriptures-stories-philosophy/index.html,no,merged,/Users/prashantdhingra/e/a3_output/happydeepawali.org/output/content/shraddh/shraddha-scriptures-stories-philosophy/footer.fragment
global-diaspora-and-diwali-around-the-world/diwali-in-south-africa-indian-community-traditions.html,global-diaspora-and-diwali-around-the-world/diwali-in-south-africa-indian-community-traditions.html,no,merged,/Users/prashantdhingra/e/a3_output/happydeepawali.org/output/content/global-diaspora-and-diwali-around-the-world/footer.fragment
global-diaspora-and-diwali-around-the-world/how-diwali-is-celebrated-in-the-united-states.html,global-diaspora-and-diwali-around-the-world/how-diwali-is-celebrated-in-the-united-states.html,no,merged,/Users/prashantdhingra/e/a3_output/happydeepawali.org/output/content/global-diaspora-and-diwali-around-the-world/footer.fragment
global-diaspora-and-diwali-around-the-world/diwali-in-texas-dallas-houston-and-austin-events.html,global-diaspora-and-diwali-around-the-world/diwali-in-texas-dallas-houston-and-austin-events.html,no,merged,/Users/prashantdhingra/e/a3_output/happydeepawali.org/output/content/global-diaspora-and-diwali-around-the-world/footer.fragment
global-diaspora-and-diwali-around-the-world/index.html,global-diaspora-and-diwali-around-the-world/index.html,no,merged,/Users/prashantdhingra/e/a3_output/happydeepawali.org/output/content/global-diaspora-and-diwali-around-the-world/footer.fragment
global-diaspora-and-diwali-around-the-world/diwali-in-new-jersey-temples-events-and-community-celebrations.html,global-diaspora-and-diwali-around-the-world/diwali-in-new-jersey-temples-events-and-community-celebrations.html,no,merged,/Users/prashantdhingra/e/a3_output/happydeepawali.org/output/content/global-diaspora-and-diwali-around-the-world/footer.fragment
global-diaspora-and-diwali-around-the-world/diwali-in-singapore-little-india-and-festival-celebrations.html,global-diaspora-and-diwali-around-the-world/diwali-in-singapore-little-india-and-festival-celebrations.html,no,merged,/Users/prashantdhingra/e/a3_output/happydeepawali.org/output/content/global-diaspora-and-diwali-around-the-world/footer.fragment
global-diaspora-and-diwali-around-the-world/diwali-in-australia-sydney-and-melbourne-celebrations.html,global-diaspora-and-diwali-around-the-world/diwali-in-australia-sydney-and-melbourne-celebrations.html,no,merged,/Users/prashantdhingra/e/a3_output/happydeepawali.org/output/content/global-diaspora-and-diwali-around-the-world/footer.fragment
global-diaspora-and-diwali-around-the-world/diwali-in-london-trafalgar-square-and-community-events.html,global-diaspora-and-diwali-around-the-world/diwali-in-london-trafalgar-square-and-community-events.html,no,merged,/Users/prashantdhingra/e/a3_output/happydeepawali.org/output/content/global-diaspora-and-diwali-around-the-world/footer.fragment
global-diaspora-and-diwali-around-the-world/diwali-in-dubai-and-the-uae.html,global-diaspora-and-diwali-around-the-world/diwali-in-dubai-and-the-uae.html,no,merged,/Users/prashantdhingra/e/a3_output/happydeepawali.org/output/content/global-diaspora-and-diwali-around-the-world/footer.fragment
global-diaspora-and-diwali-around-the-world/diwali-in-vancouver-and-surrey.html,global-diaspora-and-diwali-around-the-world/diwali-in-vancouver-and-surrey.html,no,merged,/Users/prashantdhingra/e/a3_output/happydeepawali.org/output/content/global-diaspora-and-diwali-around-the-world/footer.fragment
global-diaspora-and-diwali-around-the-world/how-diwali-is-celebrated-in-canada.html,global-diaspora-and-diwali-around-the-world/how-diwali-is-celebrated-in-canada.html,no,merged,/Users/prashantdhingra/e/a3_output/happydeepawali.org/output/content/global-diaspora-and-diwali-around-the-world/footer.fragment
global-diaspora-and-diwali-around-the-world/how-diwali-helps-diaspora-families-stay-connected-to-indian-culture.html,global-diaspora-and-diwali-around-the-world/how-diwali-helps-diaspora-families-stay-connected-to-indian-culture.html,no,merged,/Users/prashantdhingra/e/a3_output/happydeepawali.org/output/content/global-diaspora-and-diwali-around-the-world/footer.fragment
global-diaspora-and-diwali-around-the-world/how-to-celebrate-diwali-in-an-apartment-outside-india.html,global-diaspora-and-diwali-around-the-world/how-to-celebrate-diwali-in-an-apartment-outside-india.html,no,merged,/Users/prashantdhingra/e/a3_output/happydeepawali.org/output/content/global-diaspora-and-diwali-around-the-world/footer.fragment
global-diaspora-and-diwali-around-the-world/diwali-in-california-bay-area-and-southern-california-celebrations.html,global-diaspora-and-diwali-around-the-world/diwali-in-california-bay-area-and-southern-california-celebrations.html,no,merged,/Users/prashantdhingra/e/a3_output/happydeepawali.org/output/content/global-diaspora-and-diwali-around-the-world/footer.fragment
global-diaspora-and-diwali-around-the-world/how-indian-families-celebrate-diwali-abroad.html,global-diaspora-and-diwali-around-the-world/how-indian-families-celebrate-diwali-abroad.html,no,merged,/Users/prashantdhingra/e/a3_output/happydeepawali.org/output/content/global-diaspora-and-diwali-around-the-world/footer.fragment
global-diaspora-and-diwali-around-the-world/diwali-in-malaysia-deepavali-traditions.html,global-diaspora-and-diwali-around-the-world/diwali-in-malaysia-deepavali-traditions.html,no,merged,/Users/prashantdhingra/e/a3_output/happydeepawali.org/output/content/global-diaspora-and-diwali-around-the-world/footer.fragment
global-diaspora-and-diwali-around-the-world/diwali-in-new-york-city-events-and-indian-community-traditions.html,global-diaspora-and-diwali-around-the-world/diwali-in-new-york-city-events-and-indian-community-traditions.html,no,merged,/Users/prashantdhingra/e/a3_output/happydeepawali.org/output/content/global-diaspora-and-diwali-around-the-world/footer.fragment
global-diaspora-and-diwali-around-the-world/diwali-in-seattle-and-the-pacific-northwest.html,global-diaspora-and-diwali-around-the-world/diwali-in-seattle-and-the-pacific-northwest.html,no,merged,/Users/prashantdhingra/e/a3_output/happydeepawali.org/output/content/global-diaspora-and-diwali-around-the-world/footer.fragment
global-diaspora-and-diwali-around-the-world/diwali-in-leicester-lights-and-community-traditions.html,global-diaspora-and-diwali-around-the-world/diwali-in-leicester-lights-and-community-traditions.html,no,merged,/Users/prashantdhingra/e/a3_output/happydeepawali.org/output/content/global-diaspora-and-diwali-around-the-world/footer.fragment
global-diaspora-and-diwali-around-the-world/diwali-in-toronto-and-the-gta.html,global-diaspora-and-diwali-around-the-world/diwali-in-toronto-and-the-gta.html,no,merged,/Users/prashantdhingra/e/a3_output/happydeepawali.org/output/content/global-diaspora-and-diwali-around-the-world/footer.fragment
global-diaspora-and-diwali-around-the-world/how-diwali-is-celebrated-in-the-united-kingdom.html,global-diaspora-and-diwali-around-the-world/how-diwali-is-celebrated-in-the-united-kingdom.html,no,merged,/Users/prashantdhingra/e/a3_output/happydeepawali.org/output/content/global-diaspora-and-diwali-around-the-world/footer.fragment
naraka-chaturdashi-choti-diwali-and-abhayang-snan/index.html,naraka-chaturdashi-choti-diwali-and-abhayang-snan/index.html,no,merged,/Users/prashantdhingra/e/a3_output/happydeepawali.org/output/content/naraka-chaturdashi-choti-diwali-and-abhayang-snan/footer.fragment
naraka-chaturdashi-choti-diwali-and-abhayang-snan/choti-diwali-why-the-day-before-diwali-is-celebrated.html,naraka-chaturdashi-choti-diwali-and-abhayang-snan/choti-diwali-why-the-day-before-diwali-is-celebrated.html,no,merged,/Users/prashantdhingra/e/a3_output/happydeepawali.org/output/content/naraka-chaturdashi-choti-diwali-and-abhayang-snan/footer.fragment
naraka-chaturdashi-choti-diwali-and-abhayang-snan/choti-diwali-rangoli-ideas.html,naraka-chaturdashi-choti-diwali-and-abhayang-snan/choti-diwali-rangoli-ideas.html,no,merged,/Users/prashantdhingra/e/a3_output/happydeepawali.org/output/content/naraka-chaturdashi-choti-diwali-and-abhayang-snan/footer.fragment
naraka-chaturdashi-choti-diwali-and-abhayang-snan/naraka-chaturdashi-vs-kali-chaudas-regional-traditions.html,naraka-chaturdashi-choti-diwali-and-abhayang-snan/naraka-chaturdashi-vs-kali-chaudas-regional-traditions.html,no,merged,/Users/prashantdhingra/e/a3_output/happydeepawali.org/output/content/naraka-chaturdashi-choti-diwali-and-abhayang-snan/footer.fragment
naraka-chaturdashi-choti-diwali-and-abhayang-snan/naraka-chaturdashi-traditions-in-goa.html,naraka-chaturdashi-choti-diwali-and-abhayang-snan/naraka-chaturdashi-traditions-in-goa.html,no,merged,/Users/prashantdhingra/e/a3_output/happydeepawali.org/output/content/naraka-chaturdashi-choti-diwali-and-abhayang-snan/footer.fragment
naraka-chaturdashi-choti-diwali-and-abhayang-snan/50-naraka-chaturdashi-and-choti-diwali-faqs.html,naraka-chaturdashi-choti-diwali-and-abhayang-snan/50-naraka-chaturdashi-and-choti-diwali-faqs.html,no,merged,/Users/prashantdhingra/e/a3_output/happydeepawali.org/output/content/naraka-chaturdashi-choti-diwali-and-abhayang-snan/footer.fragment
naraka-chaturdashi-choti-diwali-and-abhayang-snan/abhyang-snan-meaning-rituals-and-traditional-oil-bath.html,naraka-chaturdashi-choti-diwali-and-abhayang-snan/abhyang-snan-meaning-rituals-and-traditional-oil-bath.html,no,merged,/Users/prashantdhingra/e/a3_output/happydeepawali.org/output/content/naraka-chaturdashi-choti-diwali-and-abhayang-snan/footer.fragment
naraka-chaturdashi-choti-diwali-and-abhayang-snan/naraka-chaturdashi-traditions-in-maharashtra.html,naraka-chaturdashi-choti-diwali-and-abhayang-snan/naraka-chaturdashi-traditions-in-maharashtra.html,no,merged,/Users/prashantdhingra/e/a3_output/happydeepawali.org/output/content/naraka-chaturdashi-choti-diwali-and-abhayang-snan/footer.fragment
naraka-chaturdashi-choti-diwali-and-abhayang-snan/how-naraka-chaturdashi-is-celebrated-in-south-india.html,naraka-chaturdashi-choti-diwali-and-abhayang-snan/how-naraka-chaturdashi-is-celebrated-in-south-india.html,no,merged,/Users/prashantdhingra/e/a3_output/happydeepawali.org/output/content/naraka-chaturdashi-choti-diwali-and-abhayang-snan/footer.fragment
naraka-chaturdashi-choti-diwali-and-abhayang-snan/naraka-chaturdashi-vs-choti-diwali-are-they-the-same.html,naraka-chaturdashi-choti-diwali-and-abhayang-snan/naraka-chaturdashi-vs-choti-diwali-are-they-the-same.html,no,merged,/Users/prashantdhingra/e/a3_output/happydeepawali.org/output/content/naraka-chaturdashi-choti-diwali-and-abhayang-snan/footer.fragment
naraka-chaturdashi-choti-diwali-and-abhayang-snan/choti-diwali-wishes-and-messages.html,naraka-chaturdashi-choti-diwali-and-abhayang-snan/choti-diwali-wishes-and-messages.html,no,merged,/Users/prashantdhingra/e/a3_output/happydeepawali.org/output/content/naraka-chaturdashi-choti-diwali-and-abhayang-snan/footer.fragment
naraka-chaturdashi-choti-diwali-and-abhayang-snan/why-is-an-oil-bath-taken-on-naraka-chaturdashi.html,naraka-chaturdashi-choti-diwali-and-abhayang-snan/why-is-an-oil-bath-taken-on-naraka-chaturdashi.html,no,merged,/Users/prashantdhingra/e/a3_output/happydeepawali.org/output/content/naraka-chaturdashi-choti-diwali-and-abhayang-snan/footer.fragment
naraka-chaturdashi-choti-diwali-and-abhayang-snan/choti-diwali-puja-and-home-rituals.html,naraka-chaturdashi-choti-diwali-and-abhayang-snan/choti-diwali-puja-and-home-rituals.html,no,merged,/Users/prashantdhingra/e/a3_output/happydeepawali.org/output/content/naraka-chaturdashi-choti-diwali-and-abhayang-snan/footer.fragment
naraka-chaturdashi-choti-diwali-and-abhayang-snan/naraka-chaturdashi-traditions-in-tamil-nadu.html,naraka-chaturdashi-choti-diwali-and-abhayang-snan/naraka-chaturdashi-traditions-in-tamil-nadu.html,no,merged,/Users/prashantdhingra/e/a3_output/happydeepawali.org/output/content/naraka-chaturdashi-choti-diwali-and-abhayang-snan/footer.fragment
naraka-chaturdashi-choti-diwali-and-abhayang-snan/choti-diwali-sweets-and-snack-ideas.html,naraka-chaturdashi-choti-diwali-and-abhayang-snan/choti-diwali-sweets-and-snack-ideas.html,no,merged,/Users/prashantdhingra/e/a3_output/happydeepawali.org/output/content/naraka-chaturdashi-choti-diwali-and-abhayang-snan/footer.fragment
naraka-chaturdashi-choti-diwali-and-abhayang-snan/krishna-and-narakasura-the-story-behind-naraka-chaturdashi.html,naraka-chaturdashi-choti-diwali-and-abhayang-snan/krishna-and-narakasura-the-story-behind-naraka-chaturdashi.html,no,merged,/Users/prashantdhingra/e/a3_output/happydeepawali.org/output/content/naraka-chaturdashi-choti-diwali-and-abhayang-snan/footer.fragment
naraka-chaturdashi-choti-diwali-and-abhayang-snan/how-choti-diwali-is-celebrated-in-north-india.html,naraka-chaturdashi-choti-diwali-and-abhayang-snan/how-choti-diwali-is-celebrated-in-north-india.html,no,merged,/Users/prashantdhingra/e/a3_output/happydeepawali.org/output/content/naraka-chaturdashi-choti-diwali-and-abhayang-snan/footer.fragment
naraka-chaturdashi-choti-diwali-and-abhayang-snan/how-to-celebrate-choti-diwali-at-home.html,naraka-chaturdashi-choti-diwali-and-abhayang-snan/how-to-celebrate-choti-diwali-at-home.html,no,merged,/Users/prashantdhingra/e/a3_output/happydeepawali.org/output/content/naraka-chaturdashi-choti-diwali-and-abhayang-snan/footer.fragment
naraka-chaturdashi-choti-diwali-and-abhayang-snan/naraka-chaturdashi-traditions-in-karnataka.html,naraka-chaturdashi-choti-diwali-and-abhayang-snan/naraka-chaturdashi-traditions-in-karnataka.html,no,merged,/Users/prashantdhingra/e/a3_output/happydeepawali.org/output/content/naraka-chaturdashi-choti-diwali-and-abhayang-snan/footer.fragment
naraka-chaturdashi-choti-diwali-and-abhayang-snan/naraka-chaturdashi-complete-guide-to-meaning-and-traditions.html,naraka-chaturdashi-choti-diwali-and-abhayang-snan/naraka-chaturdashi-complete-guide-to-meaning-and-traditions.html,no,merged,/Users/prashantdhingra/e/a3_output/happydeepawali.org/output/content/naraka-chaturdashi-choti-diwali-and-abhayang-snan/footer.fragment
naraka-chaturdashi-choti-diwali-and-abhayang-snan/choti-diwali-decoration-ideas.html,naraka-chaturdashi-choti-diwali-and-abhayang-snan/choti-diwali-decoration-ideas.html,no,merged,/Users/prashantdhingra/e/a3_output/happydeepawali.org/output/content/naraka-chaturdashi-choti-diwali-and-abhayang-snan/footer.fragment
chhath-puja/chhath-puja-info.html,chhath-puja/index.html,yes,merged,/Users/prashantdhingra/e/a3_output/happydeepawali.org/output/content/chhath-puja/footer.fragment
navratri/9-nights-detail.html,navratri/9-nights-detail.html,no,merged,/Users/prashantdhingra/e/a3_output/happydeepawali.org/output/content/navratri/footer.fragment
navratri/multi-lingual-cards.html,navratri/index.html,yes,merged,/Users/prashantdhingra/e/a3_output/happydeepawali.org/output/content/navratri/footer.fragment
navratri/basics/colors-meaning.html,navratri/basics/colors-meaning.html,no,merged,/Users/prashantdhingra/e/a3_output/happydeepawali.org/output/content/navratri/basics/footer.fragment
navratri/basics/myths-and-facts.html,navratri/basics/myths-and-facts.html,no,merged,/Users/prashantdhingra/e/a3_output/happydeepawali.org/output/content/navratri/basics/footer.fragment
navratri/basics/home-preparation.html,navratri/basics/home-preparation.html,no,merged,/Users/prashantdhingra/e/a3_output/happydeepawali.org/output/content/navratri/basics/footer.fragment
navratri/basics/index.html,navratri/basics/index.html,no,merged,/Users/prashantdhingra/e/a3_output/happydeepawali.org/output/content/navratri/basics/footer.fragment
navratri/basics/mahishasura-mardini-story.html,navratri/basics/mahishasura-mardini-story.html,no,merged,/Users/prashantdhingra/e/a3_output/happydeepawali.org/output/content/navratri/basics/footer.fragment
navratri/basics/fasting-science.html,navratri/basics/fasting-science.html,no,merged,/Users/prashantdhingra/e/a3_output/happydeepawali.org/output/content/navratri/basics/footer.fragment
navratri/basics/vocabulary.html,navratri/basics/vocabulary.html,no,merged,/Users/prashantdhingra/e/a3_output/happydeepawali.org/output/content/navratri/basics/footer.fragment
navratri/basics/meaning-and-dates.html,navratri/basics/meaning-and-dates.html,no,merged,/Users/prashantdhingra/e/a3_output/happydeepawali.org/output/content/navratri/basics/footer.fragment
navratri/basics/nine-nights-significance.html,navratri/basics/nine-nights-significance.html,no,merged,/Users/prashantdhingra/e/a3_output/happydeepawali.org/output/content/navratri/basics/footer.fragment
navratri/basics/first-timers-guide.html,navratri/basics/first-timers-guide.html,no,merged,/Users/prashantdhingra/e/a3_output/happydeepawali.org/output/content/navratri/basics/footer.fragment
navratri/basics/chaitra-vs-sharad.html,navratri/basics/chaitra-vs-sharad.html,no,merged,/Users/prashantdhingra/e/a3_output/happydeepawali.org/output/content/navratri/basics/footer.fragment
navratri/puja/ghatasthapana.html,navratri/puja/ghatasthapana.html,no,merged,/Users/prashantdhingra/e/a3_output/happydeepawali.org/output/content/navratri/puja/footer.fragment
navratri/puja/index.html,navratri/puja/index.html,no,merged,/Users/prashantdhingra/e/a3_output/happydeepawali.org/output/content/navratri/puja/footer.fragment
navratri/puja/daily-aarti.html,navratri/puja/daily-aarti.html,no,merged,/Users/prashantdhingra/e/a3_output/happydeepawali.org/output/content/navratri/puja/footer.fragment
navratri/puja/visarjan.html,navratri/puja/visarjan.html,no,merged,/Users/prashantdhingra/e/a3_output/happydeepawali.org/output/content/navratri/puja/footer.fragment
navratri/puja/akhand-jyot.html,navratri/puja/akhand-jyot.html,no,merged,/Users/prashantdhingra/e/a3_output/happydeepawali.org/output/content/navratri/puja/footer.fragment
navratri/puja/ayudha-puja.html,navratri/puja/ayudha-puja.html,no,merged,/Users/prashantdhingra/e/a3_output/happydeepawali.org/output/content/navratri/puja/footer.fragment
navratri/puja/puja-thali-items.html,navratri/puja/puja-thali-items.html,no,merged,/Users/prashantdhingra/e/a3_output/happydeepawali.org/output/content/navratri/puja/footer.fragment
navratri/puja/mantras.html,navratri/puja/mantras.html,no,merged,/Users/prashantdhingra/e/a3_output/happydeepawali.org/output/content/navratri/puja/footer.fragment
navratri/puja/khetri-barley-sowing.html,navratri/puja/khetri-barley-sowing.html,no,merged,/Users/prashantdhingra/e/a3_output/happydeepawali.org/output/content/navratri/puja/footer.fragment
navratri/puja/kanya-pujan.html,navratri/puja/kanya-pujan.html,no,merged,/Users/prashantdhingra/e/a3_output/happydeepawali.org/output/content/navratri/puja/footer.fragment
navratri/puja/sandhi-puja.html,navratri/puja/sandhi-puja.html,no,merged,/Users/prashantdhingra/e/a3_output/happydeepawali.org/output/content/navratri/puja/footer.fragment
navratri/fashion/hairstyles.html,navratri/fashion/hairstyles.html,no,merged,/Users/prashantdhingra/e/a3_output/happydeepawali.org/output/content/navratri/fashion/footer.fragment
navratri/fashion/index.html,navratri/fashion/index.html,no,merged,/Users/prashantdhingra/e/a3_output/happydeepawali.org/output/content/navratri/fashion/footer.fragment
navratri/fashion/diy-outfit-ideas.html,navratri/fashion/diy-outfit-ideas.html,no,merged,/Users/prashantdhingra/e/a3_output/happydeepawali.org/output/content/navratri/fashion/footer.fragment
navratri/fashion/9-colors-outfits.html,navratri/fashion/9-colors-outfits.html,no,merged,/Users/prashantdhingra/e/a3_output/happydeepawali.org/output/content/navratri/fashion/footer.fragment
navratri/fashion/jewelry.html,navratri/fashion/jewelry.html,no,merged,/Users/prashantdhingra/e/a3_output/happydeepawali.org/output/content/navratri/fashion/footer.fragment
navratri/fashion/sustainable-fashion.html,navratri/fashion/sustainable-fashion.html,no,merged,/Users/prashantdhingra/e/a3_output/happydeepawali.org/output/content/navratri/fashion/footer.fragment
navratri/fashion/garba-makeup.html,navratri/fashion/garba-makeup.html,no,merged,/Users/prashantdhingra/e/a3_output/happydeepawali.org/output/content/navratri/fashion/footer.fragment
navratri/fashion/kids-outfits.html,navratri/fashion/kids-outfits.html,no,merged,/Users/prashantdhingra/e/a3_output/happydeepawali.org/output/content/navratri/fashion/footer.fragment
navratri/fashion/outfits-for-men.html,navratri/fashion/outfits-for-men.html,no,merged,/Users/prashantdhingra/e/a3_output/happydeepawali.org/output/content/navratri/fashion/footer.fragment
navratri/fashion/outfit-care.html,navratri/fashion/outfit-care.html,no,merged,/Users/prashantdhingra/e/a3_output/happydeepawali.org/output/content/navratri/fashion/footer.fragment
navratri/fashion/outfits-for-women.html,navratri/fashion/outfits-for-women.html,no,merged,/Users/prashantdhingra/e/a3_output/happydeepawali.org/output/content/navratri/fashion/footer.fragment
navratri/fasting/vegan-vrat-recipes.html,navratri/fasting/vegan-vrat-recipes.html,no,merged,/Users/prashantdhingra/e/a3_output/happydeepawali.org/output/content/navratri/fasting/footer.fragment
navratri/fasting/vrat-thali.html,navratri/fasting/vrat-thali.html,no,merged,/Users/prashantdhingra/e/a3_output/happydeepawali.org/output/content/navratri/fasting/footer.fragment
navratri/fasting/kuttu-puri-aloo-sabzi.html,navratri/fasting/kuttu-puri-aloo-sabzi.html,no,merged,/Users/prashantdhingra/e/a3_output/happydeepawali.org/output/content/navratri/fasting/footer.fragment
navratri/fasting/index.html,navratri/fasting/index.html,no,merged,/Users/prashantdhingra/e/a3_output/happydeepawali.org/output/content/navratri/fasting/footer.fragment
navratri/fasting/rules-what-to-eat.html,navratri/fasting/rules-what-to-eat.html,no,merged,/Users/prashantdhingra/e/a3_output/happydeepawali.org/output/content/navratri/fasting/footer.fragment
navratri/fasting/vrat-snacks.html,navratri/fasting/vrat-snacks.html,no,merged,/Users/prashantdhingra/e/a3_output/happydeepawali.org/output/content/navratri/fasting/footer.fragment
navratri/fasting/vrat-desserts.html,navratri/fasting/vrat-desserts.html,no,merged,/Users/prashantdhingra/e/a3_output/happydeepawali.org/output/content/navratri/fasting/footer.fragment
navratri/fasting/energy-while-fasting.html,navratri/fasting/energy-while-fasting.html,no,merged,/Users/prashantdhingra/e/a3_output/happydeepawali.org/output/content/navratri/fasting/footer.fragment
navratri/fasting/9-day-meal-plan.html,navratri/fasting/9-day-meal-plan.html,no,merged,/Users/prashantdhingra/e/a3_output/happydeepawali.org/output/content/navratri/fasting/footer.fragment
navratri/fasting/cooking-mistakes.html,navratri/fasting/cooking-mistakes.html,no,merged,/Users/prashantdhingra/e/a3_output/happydeepawali.org/output/content/navratri/fasting/footer.fragment
navratri/fasting/sabudana-khichdi.html,navratri/fasting/sabudana-khichdi.html,no,merged,/Users/prashantdhingra/e/a3_output/happydeepawali.org/output/content/navratri/fasting/footer.fragment
navratri/wishes/29-japanese-navratri-wishes.html,navratri/wishes/29-japanese-navratri-wishes.html,no,merged,/Users/prashantdhingra/e/a3_output/happydeepawali.org/output/content/navratri/wishes/footer.fragment
navratri/wishes/05-bengali-navratri-wishes.html,navratri/wishes/05-bengali-navratri-wishes.html,no,merged,/Users/prashantdhingra/e/a3_output/happydeepawali.org/output/content/navratri/wishes/footer.fragment
navratri/wishes/08-kannada-navratri-wishes.html,navratri/wishes/08-kannada-navratri-wishes.html,no,merged,/Users/prashantdhingra/e/a3_output/happydeepawali.org/output/content/navratri/wishes/footer.fragment
navratri/wishes/03-gujarati-navratri-wishes.html,navratri/wishes/03-gujarati-navratri-wishes.html,no,merged,/Users/prashantdhingra/e/a3_output/happydeepawali.org/output/content/navratri/wishes/footer.fragment
navratri/wishes/22-santali-navratri-wishes.html,navratri/wishes/22-santali-navratri-wishes.html,no,merged,/Users/prashantdhingra/e/a3_output/happydeepawali.org/output/content/navratri/wishes/footer.fragment
navratri/wishes/02-english-navratri-wishes.html,navratri/wishes/02-english-navratri-wishes.html,no,merged,/Users/prashantdhingra/e/a3_output/happydeepawali.org/output/content/navratri/wishes/footer.fragment
navratri/wishes/17-maithili-navratri-wishes.html,navratri/wishes/17-maithili-navratri-wishes.html,no,merged,/Users/prashantdhingra/e/a3_output/happydeepawali.org/output/content/navratri/wishes/footer.fragment
navratri/wishes/24-mizo-navratri-wishes.html,navratri/wishes/24-mizo-navratri-wishes.html,no,merged,/Users/prashantdhingra/e/a3_output/happydeepawali.org/output/content/navratri/wishes/footer.fragment
navratri/wishes/15-sanskrit-navratri-wishes.html,navratri/wishes/15-sanskrit-navratri-wishes.html,no,merged,/Users/prashantdhingra/e/a3_output/happydeepawali.org/output/content/navratri/wishes/footer.fragment
navratri/wishes/18-dogri-navratri-wishes.html,navratri/wishes/18-dogri-navratri-wishes.html,no,merged,/Users/prashantdhingra/e/a3_output/happydeepawali.org/output/content/navratri/wishes/footer.fragment
navratri/wishes/06-tamil-navratri-wishes.html,navratri/wishes/06-tamil-navratri-wishes.html,no,merged,/Users/prashantdhingra/e/a3_output/happydeepawali.org/output/content/navratri/wishes/footer.fragment
navratri/wishes/16-bhojpuri-navratri-wishes.html,navratri/wishes/16-bhojpuri-navratri-wishes.html,no,merged,/Users/prashantdhingra/e/a3_output/happydeepawali.org/output/content/navratri/wishes/footer.fragment
navratri/wishes/14-urdu-navratri-wishes.html,navratri/wishes/14-urdu-navratri-wishes.html,no,merged,/Users/prashantdhingra/e/a3_output/happydeepawali.org/output/content/navratri/wishes/footer.fragment
navratri/wishes/09-malayalam-navratri-wishes.html,navratri/wishes/09-malayalam-navratri-wishes.html,no,merged,/Users/prashantdhingra/e/a3_output/happydeepawali.org/output/content/navratri/wishes/footer.fragment
navratri/wishes/19-konkani-navratri-wishes.html,navratri/wishes/19-konkani-navratri-wishes.html,no,merged,/Users/prashantdhingra/e/a3_output/happydeepawali.org/output/content/navratri/wishes/footer.fragment
navratri/wishes/12-odia-navratri-wishes.html,navratri/wishes/12-odia-navratri-wishes.html,no,merged,/Users/prashantdhingra/e/a3_output/happydeepawali.org/output/content/navratri/wishes/footer.fragment
navratri/wishes/31-arabic-navratri-wishes.html,navratri/wishes/31-arabic-navratri-wishes.html,no,merged,/Users/prashantdhingra/e/a3_output/happydeepawali.org/output/content/navratri/wishes/footer.fragment
navratri/wishes/30-chinese-simplified-navratri-wishes.html,navratri/wishes/30-chinese-simplified-navratri-wishes.html,no,merged,/Users/prashantdhingra/e/a3_output/happydeepawali.org/output/content/navratri/wishes/footer.fragment
navratri/wishes/04-marathi-navratri-wishes.html,navratri/wishes/04-marathi-navratri-wishes.html,no,merged,/Users/prashantdhingra/e/a3_output/happydeepawali.org/output/content/navratri/wishes/footer.fragment
navratri/wishes/21-manipuri-meitei-navratri-wishes.html,navratri/wishes/21-manipuri-meitei-navratri-wishes.html,no,merged,/Users/prashantdhingra/e/a3_output/happydeepawali.org/output/content/navratri/wishes/footer.fragment
navratri/wishes/13-nepali-navratri-wishes.html,navratri/wishes/13-nepali-navratri-wishes.html,no,merged,/Users/prashantdhingra/e/a3_output/happydeepawali.org/output/content/navratri/wishes/footer.fragment
navratri/wishes/11-assamese-navratri-wishes.html,navratri/wishes/11-assamese-navratri-wishes.html,no,merged,/Users/prashantdhingra/e/a3_output/happydeepawali.org/output/content/navratri/wishes/footer.fragment
navratri/wishes/20-sindhi-navratri-wishes.html,navratri/wishes/20-sindhi-navratri-wishes.html,no,merged,/Users/prashantdhingra/e/a3_output/happydeepawali.org/output/content/navratri/wishes/footer.fragment
navratri/wishes/07-telugu-navratri-wishes.html,navratri/wishes/07-telugu-navratri-wishes.html,no,merged,/Users/prashantdhingra/e/a3_output/happydeepawali.org/output/content/navratri/wishes/footer.fragment
navratri/wishes/25-khasi-navratri-wishes.html,navratri/wishes/25-khasi-navratri-wishes.html,no,merged,/Users/prashantdhingra/e/a3_output/happydeepawali.org/output/content/navratri/wishes/footer.fragment
navratri/wishes/28-korean-navratri-wishes.html,navratri/wishes/28-korean-navratri-wishes.html,no,merged,/Users/prashantdhingra/e/a3_output/happydeepawali.org/output/content/navratri/wishes/footer.fragment
navratri/wishes/26-garo-navratri-wishes.html,navratri/wishes/26-garo-navratri-wishes.html,no,merged,/Users/prashantdhingra/e/a3_output/happydeepawali.org/output/content/navratri/wishes/footer.fragment
navratri/wishes/01-hindi-navratri-wishes.html,navratri/wishes/01-hindi-navratri-wishes.html,no,merged,/Users/prashantdhingra/e/a3_output/happydeepawali.org/output/content/navratri/wishes/footer.fragment
navratri/wishes/27-tibetan-navratri-wishes.html,navratri/wishes/27-tibetan-navratri-wishes.html,no,merged,/Users/prashantdhingra/e/a3_output/happydeepawali.org/output/content/navratri/wishes/footer.fragment
navratri/wishes/10-punjabi-navratri-wishes.html,navratri/wishes/10-punjabi-navratri-wishes.html,no,merged,/Users/prashantdhingra/e/a3_output/happydeepawali.org/output/content/navratri/wishes/footer.fragment
navratri/wishes/23-bodo-navratri-wishes.html,navratri/wishes/23-bodo-navratri-wishes.html,no,merged,/Users/prashantdhingra/e/a3_output/happydeepawali.org/output/content/navratri/wishes/footer.fragment
navratri/garba-dandiya/stamina-and-footwear.html,navratri/garba-dandiya/stamina-and-footwear.html,no,merged,/Users/prashantdhingra/e/a3_output/happydeepawali.org/output/content/navratri/garba-dandiya/footer.fragment
navratri/garba-dandiya/dandiya-sticks.html,navratri/garba-dandiya/dandiya-sticks.html,no,merged,/Users/prashantdhingra/e/a3_output/happydeepawali.org/output/content/navratri/garba-dandiya/footer.fragment
navratri/garba-dandiya/index.html,navratri/garba-dandiya/index.html,no,merged,/Users/prashantdhingra/e/a3_output/happydeepawali.org/output/content/navratri/garba-dandiya/footer.fragment
navratri/garba-dandiya/garba-vs-dandiya.html,navratri/garba-dandiya/garba-vs-dandiya.html,no,merged,/Users/prashantdhingra/e/a3_output/happydeepawali.org/output/content/navratri/garba-dandiya/footer.fragment
navratri/garba-dandiya/garba-steps-for-beginners.html,navratri/garba-dandiya/garba-steps-for-beginners.html,no,merged,/Users/prashantdhingra/e/a3_output/happydeepawali.org/output/content/navratri/garba-dandiya/footer.fragment
navratri/garba-dandiya/organize-garba-night.html,navratri/garba-dandiya/organize-garba-night.html,no,merged,/Users/prashantdhingra/e/a3_output/happydeepawali.org/output/content/navratri/garba-dandiya/footer.fragment
navratri/garba-dandiya/evolution-of-garba.html,navratri/garba-dandiya/evolution-of-garba.html,no,merged,/Users/prashantdhingra/e/a3_output/happydeepawali.org/output/content/navratri/garba-dandiya/footer.fragment
navratri/garba-dandiya/dhol-and-live-music.html,navratri/garba-dandiya/dhol-and-live-music.html,no,merged,/Users/prashantdhingra/e/a3_output/happydeepawali.org/output/content/navratri/garba-dandiya/footer.fragment
navratri/garba-dandiya/etiquette.html,navratri/garba-dandiya/etiquette.html,no,merged,/Users/prashantdhingra/e/a3_output/happydeepawali.org/output/content/navratri/garba-dandiya/footer.fragment
navratri/garba-dandiya/best-songs.html,navratri/garba-dandiya/best-songs.html,no,merged,/Users/prashantdhingra/e/a3_output/happydeepawali.org/output/content/navratri/garba-dandiya/footer.fragment
navratri/garba-dandiya/history-and-meaning.html,navratri/garba-dandiya/history-and-meaning.html,no,merged,/Users/prashantdhingra/e/a3_output/happydeepawali.org/output/content/navratri/garba-dandiya/footer.fragment
navratri/navadurga/index.html,navratri/navadurga/index.html,no,merged,/Users/prashantdhingra/e/a3_output/happydeepawali.org/output/content/navratri/navadurga/footer.fragment
navratri/navadurga/day-7-kalaratri.html,navratri/navadurga/day-7-kalaratri.html,no,merged,/Users/prashantdhingra/e/a3_output/happydeepawali.org/output/content/navratri/navadurga/footer.fragment
navratri/navadurga/day-9-siddhidatri.html,navratri/navadurga/day-9-siddhidatri.html,no,merged,/Users/prashantdhingra/e/a3_output/happydeepawali.org/output/content/navratri/navadurga/footer.fragment
navratri/navadurga/day-8-mahagauri.html,navratri/navadurga/day-8-mahagauri.html,no,merged,/Users/prashantdhingra/e/a3_output/happydeepawali.org/output/content/navratri/navadurga/footer.fragment
navratri/navadurga/day-1-shailaputri.html,navratri/navadurga/day-1-shailaputri.html,no,merged,/Users/prashantdhingra/e/a3_output/happydeepawali.org/output/content/navratri/navadurga/footer.fragment
navratri/navadurga/day-2-brahmacharini.html,navratri/navadurga/day-2-brahmacharini.html,no,merged,/Users/prashantdhingra/e/a3_output/happydeepawali.org/output/content/navratri/navadurga/footer.fragment
navratri/navadurga/day-3-chandraghanta.html,navratri/navadurga/day-3-chandraghanta.html,no,merged,/Users/prashantdhingra/e/a3_output/happydeepawali.org/output/content/navratri/navadurga/footer.fragment
navratri/navadurga/day-5-skandamata.html,navratri/navadurga/day-5-skandamata.html,no,merged,/Users/prashantdhingra/e/a3_output/happydeepawali.org/output/content/navratri/navadurga/footer.fragment
navratri/navadurga/day-6-katyayani.html,navratri/navadurga/day-6-katyayani.html,no,merged,/Users/prashantdhingra/e/a3_output/happydeepawali.org/output/content/navratri/navadurga/footer.fragment
navratri/navadurga/teachings-in-daily-life.html,navratri/navadurga/teachings-in-daily-life.html,no,merged,/Users/prashantdhingra/e/a3_output/happydeepawali.org/output/content/navratri/navadurga/footer.fragment
navratri/navadurga/day-4-kushmanda.html,navratri/navadurga/day-4-kushmanda.html,no,merged,/Users/prashantdhingra/e/a3_output/happydeepawali.org/output/content/navratri/navadurga/footer.fragment
navratri/regional/golu-tamil-nadu.html,navratri/regional/golu-tamil-nadu.html,no,merged,/Users/prashantdhingra/e/a3_output/happydeepawali.org/output/content/navratri/regional/footer.fragment
navratri/regional/durga-puja-bengal.html,navratri/regional/durga-puja-bengal.html,no,merged,/Users/prashantdhingra/e/a3_output/happydeepawali.org/output/content/navratri/regional/footer.fragment
navratri/regional/mysore-dasara.html,navratri/regional/mysore-dasara.html,no,merged,/Users/prashantdhingra/e/a3_output/happydeepawali.org/output/content/navratri/regional/footer.fragment
navratri/regional/index.html,navratri/regional/index.html,no,merged,/Users/prashantdhingra/e/a3_output/happydeepawali.org/output/content/navratri/regional/footer.fragment
navratri/regional/maharashtra.html,navratri/regional/maharashtra.html,no,merged,/Users/prashantdhingra/e/a3_output/happydeepawali.org/output/content/navratri/regional/footer.fragment
navratri/regional/gujarat.html,navratri/regional/gujarat.html,no,merged,/Users/prashantdhingra/e/a3_output/happydeepawali.org/output/content/navratri/regional/footer.fragment
navratri/regional/kullu-dussehra.html,navratri/regional/kullu-dussehra.html,no,merged,/Users/prashantdhingra/e/a3_output/happydeepawali.org/output/content/navratri/regional/footer.fragment
navratri/regional/vidyarambham-kerala.html,navratri/regional/vidyarambham-kerala.html,no,merged,/Users/prashantdhingra/e/a3_output/happydeepawali.org/output/content/navratri/regional/footer.fragment
navratri/regional/common-threads.html,navratri/regional/common-threads.html,no,merged,/Users/prashantdhingra/e/a3_output/happydeepawali.org/output/content/navratri/regional/footer.fragment
navratri/regional/bathukamma-telangana.html,navratri/regional/bathukamma-telangana.html,no,merged,/Users/prashantdhingra/e/a3_output/happydeepawali.org/output/content/navratri/regional/footer.fragment
navratri/regional/north-india.html,navratri/regional/north-india.html,no,merged,/Users/prashantdhingra/e/a3_output/happydeepawali.org/output/content/navratri/regional/footer.fragment
navratri/modern/photography.html,navratri/modern/photography.html,no,merged,/Users/prashantdhingra/e/a3_output/happydeepawali.org/output/content/navratri/modern/footer.fragment
navratri/modern/reuse-leftovers.html,navratri/modern/reuse-leftovers.html,no,merged,/Users/prashantdhingra/e/a3_output/happydeepawali.org/output/content/navratri/modern/footer.fragment
navratri/modern/index.html,navratri/modern/index.html,no,merged,/Users/prashantdhingra/e/a3_output/happydeepawali.org/output/content/navratri/modern/footer.fragment
navratri/modern/celebrating-abroad.html,navratri/modern/celebrating-abroad.html,no,merged,/Users/prashantdhingra/e/a3_output/happydeepawali.org/output/content/navratri/modern/footer.fragment
navratri/modern/office-celebration.html,navratri/modern/office-celebration.html,no,merged,/Users/prashantdhingra/e/a3_output/happydeepawali.org/output/content/navratri/modern/footer.fragment
navratri/modern/virtual-event.html,navratri/modern/virtual-event.html,no,merged,/Users/prashantdhingra/e/a3_output/happydeepawali.org/output/content/navratri/modern/footer.fragment
navratri/modern/fasting-and-work.html,navratri/modern/fasting-and-work.html,no,merged,/Users/prashantdhingra/e/a3_output/happydeepawali.org/output/content/navratri/modern/footer.fragment
navratri/modern/post-navratri-diet.html,navratri/modern/post-navratri-diet.html,no,merged,/Users/prashantdhingra/e/a3_output/happydeepawali.org/output/content/navratri/modern/footer.fragment
navratri/modern/spotify-playlist.html,navratri/modern/spotify-playlist.html,no,merged,/Users/prashantdhingra/e/a3_output/happydeepawali.org/output/content/navratri/modern/footer.fragment
navratri/modern/eco-friendly.html,navratri/modern/eco-friendly.html,no,merged,/Users/prashantdhingra/e/a3_output/happydeepawali.org/output/content/navratri/modern/footer.fragment
navratri/modern/local-artisans.html,navratri/modern/local-artisans.html,no,merged,/Users/prashantdhingra/e/a3_output/happydeepawali.org/output/content/navratri/modern/footer.fragment
navratri/kids/garba-for-kids.html,navratri/kids/garba-for-kids.html,no,merged,/Users/prashantdhingra/e/a3_output/happydeepawali.org/output/content/navratri/kids/footer.fragment
navratri/kids/index.html,navratri/kids/index.html,no,merged,/Users/prashantdhingra/e/a3_output/happydeepawali.org/output/content/navratri/kids/footer.fragment
navratri/kids/9-day-family-challenge.html,navratri/kids/9-day-family-challenge.html,no,merged,/Users/prashantdhingra/e/a3_output/happydeepawali.org/output/content/navratri/kids/footer.fragment
navratri/kids/scrapbook.html,navratri/kids/scrapbook.html,no,merged,/Users/prashantdhingra/e/a3_output/happydeepawali.org/output/content/navratri/kids/footer.fragment
navratri/kids/volunteer-ideas.html,navratri/kids/volunteer-ideas.html,no,merged,/Users/prashantdhingra/e/a3_output/happydeepawali.org/output/content/navratri/kids/footer.fragment
navratri/kids/family-altar.html,navratri/kids/family-altar.html,no,merged,/Users/prashantdhingra/e/a3_output/happydeepawali.org/output/content/navratri/kids/footer.fragment
navratri/kids/school-storytelling.html,navratri/kids/school-storytelling.html,no,merged,/Users/prashantdhingra/e/a3_output/happydeepawali.org/output/content/navratri/kids/footer.fragment
navratri/kids/printables.html,navratri/kids/printables.html,no,merged,/Users/prashantdhingra/e/a3_output/happydeepawali.org/output/content/navratri/kids/footer.fragment
navratri/kids/kanya-pujan-at-home.html,navratri/kids/kanya-pujan-at-home.html,no,merged,/Users/prashantdhingra/e/a3_output/happydeepawali.org/output/content/navratri/kids/footer.fragment
navratri/kids/garbi-pot-diy.html,navratri/kids/garbi-pot-diy.html,no,merged,/Users/prashantdhingra/e/a3_output/happydeepawali.org/output/content/navratri/kids/footer.fragment
navratri/kids/explaining-to-kids.html,navratri/kids/explaining-to-kids.html,no,merged,/Users/prashantdhingra/e/a3_output/happydeepawali.org/output/content/navratri/kids/footer.fragment
hindu-shraddh/2026-shraddha-dates.html,hindu-shraddh/index.html,yes,merged,/Users/prashantdhingra/e/a3_output/happydeepawali.org/output/content/hindu-shraddh/footer.fragment
hindu-shraddh/shraddha-2025-calendar-info.html,hindu-shraddh/shraddha-2025-calendar-info.html,yes,merged,/Users/prashantdhingra/e/a3_output/happydeepawali.org/output/content/hindu-shraddh/footer.fragment
hindu-shraddh/shraddha-2025-calendar.html,hindu-shraddh/shraddha-2025-calendar.html,yes,merged,/Users/prashantdhingra/e/a3_output/happydeepawali.org/output/content/hindu-shraddh/footer.fragment
hindu-shraddh/sharradh-info.html,hindu-shraddh/sharradh-purpose.html,yes,merged,/Users/prashantdhingra/e/a3_output/happydeepawali.org/output/content/hindu-shraddh/footer.fragment
business-office-workplace-and-brand-celebrations/diwali-celebration-ideas-for-offices-and-workplaces.html,business-office-workplace-and-brand-celebrations/diwali-celebration-ideas-for-offices-and-workplaces.html,no,merged,/Users/prashantdhingra/e/a3_output/happydeepawali.org/output/content/business-office-workplace-and-brand-celebrations/footer.fragment
business-office-workplace-and-brand-celebrations/diwali-email-greeting-ideas-for-businesses.html,business-office-workplace-and-brand-celebrations/diwali-email-greeting-ideas-for-businesses.html,no,merged,/Users/prashantdhingra/e/a3_output/happydeepawali.org/output/content/business-office-workplace-and-brand-celebrations/footer.fragment
business-office-workplace-and-brand-celebrations/diwali-games-for-office-parties.html,business-office-workplace-and-brand-celebrations/diwali-games-for-office-parties.html,no,merged,/Users/prashantdhingra/e/a3_output/happydeepawali.org/output/content/business-office-workplace-and-brand-celebrations/footer.fragment
business-office-workplace-and-brand-celebrations/diwali-marketing-campaign-ideas.html,business-office-workplace-and-brand-celebrations/diwali-marketing-campaign-ideas.html,no,merged,/Users/prashantdhingra/e/a3_output/happydeepawali.org/output/content/business-office-workplace-and-brand-celebrations/footer.fragment
business-office-workplace-and-brand-celebrations/index.html,business-office-workplace-and-brand-celebrations/index.html,no,merged,/Users/prashantdhingra/e/a3_output/happydeepawali.org/output/content/business-office-workplace-and-brand-celebrations/footer.fragment
business-office-workplace-and-brand-celebrations/how-to-celebrate-diwali-at-work-without-making-it-feel-commercial.html,business-office-workplace-and-brand-celebrations/how-to-celebrate-diwali-at-work-without-making-it-feel-commercial.html,no,merged,/Users/prashantdhingra/e/a3_output/happydeepawali.org/output/content/business-office-workplace-and-brand-celebrations/footer.fragment
business-office-workplace-and-brand-celebrations/how-to-plan-an-office-diwali-party.html,business-office-workplace-and-brand-celebrations/how-to-plan-an-office-diwali-party.html,no,merged,/Users/prashantdhingra/e/a3_output/happydeepawali.org/output/content/business-office-workplace-and-brand-celebrations/footer.fragment
business-office-workplace-and-brand-celebrations/corporate-diwali-event-checklist.html,business-office-workplace-and-brand-celebrations/corporate-diwali-event-checklist.html,no,merged,/Users/prashantdhingra/e/a3_output/happydeepawali.org/output/content/business-office-workplace-and-brand-celebrations/footer.fragment
business-office-workplace-and-brand-celebrations/diwali-social-media-post-ideas-for-brands.html,business-office-workplace-and-brand-celebrations/diwali-social-media-post-ideas-for-brands.html,no,merged,/Users/prashantdhingra/e/a3_output/happydeepawali.org/output/content/business-office-workplace-and-brand-celebrations/footer.fragment
business-office-workplace-and-brand-celebrations/office-diwali-rangoli-competition-ideas.html,business-office-workplace-and-brand-celebrations/office-diwali-rangoli-competition-ideas.html,no,merged,/Users/prashantdhingra/e/a3_output/happydeepawali.org/output/content/business-office-workplace-and-brand-celebrations/footer.fragment
business-office-workplace-and-brand-celebrations/office-diwali-decoration-ideas.html,business-office-workplace-and-brand-celebrations/office-diwali-decoration-ideas.html,no,merged,/Users/prashantdhingra/e/a3_output/happydeepawali.org/output/content/business-office-workplace-and-brand-celebrations/footer.fragment
business-office-workplace-and-brand-celebrations/inclusive-diwali-celebration-ideas-for-global-workplaces.html,business-office-workplace-and-brand-celebrations/inclusive-diwali-celebration-ideas-for-global-workplaces.html,no,merged,/Users/prashantdhingra/e/a3_output/happydeepawali.org/output/content/business-office-workplace-and-brand-celebrations/footer.fragment
business-office-workplace-and-brand-celebrations/professional-diwali-wishes-for-clients.html,business-office-workplace-and-brand-celebrations/professional-diwali-wishes-for-clients.html,no,merged,/Users/prashantdhingra/e/a3_output/happydeepawali.org/output/content/business-office-workplace-and-brand-celebrations/footer.fragment
business-office-workplace-and-brand-celebrations/corporate-diwali-gift-ideas-for-employees.html,business-office-workplace-and-brand-celebrations/corporate-diwali-gift-ideas-for-employees.html,no,merged,/Users/prashantdhingra/e/a3_output/happydeepawali.org/output/content/business-office-workplace-and-brand-celebrations/footer.fragment
business-office-workplace-and-brand-celebrations/professional-diwali-wishes-for-employees.html,business-office-workplace-and-brand-celebrations/professional-diwali-wishes-for-employees.html,no,merged,/Users/prashantdhingra/e/a3_output/happydeepawali.org/output/content/business-office-workplace-and-brand-celebrations/footer.fragment
business-office-workplace-and-brand-celebrations/diwali-retail-display-and-store-decoration-ideas.html,business-office-workplace-and-brand-celebrations/diwali-retail-display-and-store-decoration-ideas.html,no,merged,/Users/prashantdhingra/e/a3_output/happydeepawali.org/output/content/business-office-workplace-and-brand-celebrations/footer.fragment
business-office-workplace-and-brand-celebrations/diwali-team-building-activities.html,business-office-workplace-and-brand-celebrations/diwali-team-building-activities.html,no,merged,/Users/prashantdhingra/e/a3_output/happydeepawali.org/output/content/business-office-workplace-and-brand-celebrations/footer.fragment
business-office-workplace-and-brand-celebrations/corporate-diwali-gift-ideas-for-clients.html,business-office-workplace-and-brand-celebrations/corporate-diwali-gift-ideas-for-clients.html,no,merged,/Users/prashantdhingra/e/a3_output/happydeepawali.org/output/content/business-office-workplace-and-brand-celebrations/footer.fragment
business-office-workplace-and-brand-celebrations/diwali-potluck-ideas-for-workplaces.html,business-office-workplace-and-brand-celebrations/diwali-potluck-ideas-for-workplaces.html,no,merged,/Users/prashantdhingra/e/a3_output/happydeepawali.org/output/content/business-office-workplace-and-brand-celebrations/footer.fragment
business-office-workplace-and-brand-celebrations/diwali-promotion-ideas-for-small-businesses.html,business-office-workplace-and-brand-celebrations/diwali-promotion-ideas-for-small-businesses.html,no,merged,/Users/prashantdhingra/e/a3_output/happydeepawali.org/output/content/business-office-workplace-and-brand-celebrations/footer.fragment
business-office-workplace-and-brand-celebrations/diwali-dress-code-ideas-for-the-workplace.html,business-office-workplace-and-brand-celebrations/diwali-dress-code-ideas-for-the-workplace.html,no,merged,/Users/prashantdhingra/e/a3_output/happydeepawali.org/output/content/business-office-workplace-and-brand-celebrations/footer.fragment
foundation-history-meaning-and-core-traditions/how-diwali-has-changed-from-traditional-to-modern-celebrations.html,foundation-history-meaning-and-core-traditions/how-diwali-has-changed-from-traditional-to-modern-celebrations.html,no,merged,/Users/prashantdhingra/e/a3_output/happydeepawali.org/output/content/foundation-history-meaning-and-core-traditions/footer.fragment
foundation-history-meaning-and-core-traditions/why-is-diwali-celebrated-history-mythology-and-cultural-significance.html,foundation-history-meaning-and-core-traditions/why-is-diwali-celebrated-history-mythology-and-cultural-significance.html,no,merged,/Users/prashantdhingra/e/a3_output/happydeepawali.org/output/content/foundation-history-meaning-and-core-traditions/footer.fragment
foundation-history-meaning-and-core-traditions/why-is-lakshmi-worshipped-on-diwali.html,foundation-history-meaning-and-core-traditions/why-is-lakshmi-worshipped-on-diwali.html,no,merged,/Users/prashantdhingra/e/a3_output/happydeepawali.org/output/content/foundation-history-meaning-and-core-traditions/footer.fragment
foundation-history-meaning-and-core-traditions/diwali-for-beginners-everything-you-need-to-know.html,foundation-history-meaning-and-core-traditions/diwali-for-beginners-everything-you-need-to-know.html,no,merged,/Users/prashantdhingra/e/a3_output/happydeepawali.org/output/content/foundation-history-meaning-and-core-traditions/footer.fragment
foundation-history-meaning-and-core-traditions/how-diwali-is-celebrated-across-india.html,foundation-history-meaning-and-core-traditions/how-diwali-is-celebrated-across-india.html,no,merged,/Users/prashantdhingra/e/a3_output/happydeepawali.org/output/content/foundation-history-meaning-and-core-traditions/footer.fragment
foundation-history-meaning-and-core-traditions/what-is-the-meaning-of-diwali-and-deepavali.html,foundation-history-meaning-and-core-traditions/what-is-the-meaning-of-diwali-and-deepavali.html,no,merged,/Users/prashantdhingra/e/a3_output/happydeepawali.org/output/content/foundation-history-meaning-and-core-traditions/footer.fragment
foundation-history-meaning-and-core-traditions/index.html,foundation-history-meaning-and-core-traditions/index.html,no,merged,/Users/prashantdhingra/e/a3_output/happydeepawali.org/output/content/foundation-history-meaning-and-core-traditions/footer.fragment
foundation-history-meaning-and-core-traditions/diwali-vs-deepavali-regional-names-and-usage.html,foundation-history-meaning-and-core-traditions/diwali-vs-deepavali-regional-names-and-usage.html,no,merged,/Users/prashantdhingra/e/a3_output/happydeepawali.org/output/content/foundation-history-meaning-and-core-traditions/footer.fragment
foundation-history-meaning-and-core-traditions/the-five-days-of-diwali-explained.html,foundation-history-meaning-and-core-traditions/the-five-days-of-diwali-explained.html,no,merged,/Users/prashantdhingra/e/a3_output/happydeepawali.org/output/content/foundation-history-meaning-and-core-traditions/footer.fragment
foundation-history-meaning-and-core-traditions/why-is-ganesha-worshipped-with-lakshmi-on-diwali.html,foundation-history-meaning-and-core-traditions/why-is-ganesha-worshipped-with-lakshmi-on-diwali.html,no,merged,/Users/prashantdhingra/e/a3_output/happydeepawali.org/output/content/foundation-history-meaning-and-core-traditions/footer.fragment
foundation-history-meaning-and-core-traditions/50-frequently-asked-questions-about-diwali.html,foundation-history-meaning-and-core-traditions/50-frequently-asked-questions-about-diwali.html,no,merged,/Users/prashantdhingra/e/a3_output/happydeepawali.org/output/content/foundation-history-meaning-and-core-traditions/footer.fragment
foundation-history-meaning-and-core-traditions/why-is-diwali-called-the-festival-of-lights.html,foundation-history-meaning-and-core-traditions/why-is-diwali-called-the-festival-of-lights.html,no,merged,/Users/prashantdhingra/e/a3_output/happydeepawali.org/output/content/foundation-history-meaning-and-core-traditions/footer.fragment
foundation-history-meaning-and-core-traditions/the-spiritual-meaning-of-light-over-darkness-on-diwali.html,foundation-history-meaning-and-core-traditions/the-spiritual-meaning-of-light-over-darkness-on-diwali.html,no,merged,/Users/prashantdhingra/e/a3_output/happydeepawali.org/output/content/foundation-history-meaning-and-core-traditions/footer.fragment
foundation-history-meaning-and-core-traditions/diwali-myths-vs-facts.html,foundation-history-meaning-and-core-traditions/diwali-myths-vs-facts.html,no,merged,/Users/prashantdhingra/e/a3_output/happydeepawali.org/output/content/foundation-history-meaning-and-core-traditions/footer.fragment
foundation-history-meaning-and-core-traditions/diwali-symbols-and-their-meanings.html,foundation-history-meaning-and-core-traditions/diwali-symbols-and-their-meanings.html,no,merged,/Users/prashantdhingra/e/a3_output/happydeepawali.org/output/content/foundation-history-meaning-and-core-traditions/footer.fragment
foundation-history-meaning-and-core-traditions/when-is-diwali-celebrated-and-how-is-the-date-determined.html,foundation-history-meaning-and-core-traditions/when-is-diwali-celebrated-and-how-is-the-date-determined.html,no,merged,/Users/prashantdhingra/e/a3_output/happydeepawali.org/output/content/foundation-history-meaning-and-core-traditions/footer.fragment
foundation-history-meaning-and-core-traditions/diwali-traditions-diyas-rangoli-puja-sweets-gifts-and-fireworks.html,foundation-history-meaning-and-core-traditions/diwali-traditions-diyas-rangoli-puja-sweets-gifts-and-fireworks.html,no,merged,/Users/prashantdhingra/e/a3_output/happydeepawali.org/output/content/foundation-history-meaning-and-core-traditions/footer.fragment
foundation-history-meaning-and-core-traditions/diwali-festival-complete-guide-to-history-meaning-traditions-and-celebration.html,foundation-history-meaning-and-core-traditions/diwali-festival-complete-guide-to-history-meaning-traditions-and-celebration.html,no,merged,/Users/prashantdhingra/e/a3_output/happydeepawali.org/output/content/foundation-history-meaning-and-core-traditions/footer.fragment
foundation-history-meaning-and-core-traditions/diwali-etiquette-for-guests-and-first-time-celebrants.html,foundation-history-meaning-and-core-traditions/diwali-etiquette-for-guests-and-first-time-celebrants.html,no,merged,/Users/prashantdhingra/e/a3_output/happydeepawali.org/output/content/foundation-history-meaning-and-core-traditions/footer.fragment
foundation-history-meaning-and-core-traditions/what-to-do-on-diwali-day-complete-celebration-checklist.html,foundation-history-meaning-and-core-traditions/what-to-do-on-diwali-day-complete-celebration-checklist.html,no,merged,/Users/prashantdhingra/e/a3_output/happydeepawali.org/output/content/foundation-history-meaning-and-core-traditions/footer.fragment
foundation-history-meaning-and-core-traditions/why-do-people-light-diyas-on-diwali.html,foundation-history-meaning-and-core-traditions/why-do-people-light-diyas-on-diwali.html,no,merged,/Users/prashantdhingra/e/a3_output/happydeepawali.org/output/content/foundation-history-meaning-and-core-traditions/footer.fragment
search/search.html,search/index.html,yes,merged,/Users/prashantdhingra/e/a3_output/happydeepawali.org/output/content/search/footer.fragment
2026/quick-answers.html,2026/quick-answers.html,no,merged,/Users/prashantdhingra/e/a3_output/happydeepawali.org/output/content/2026/footer.fragment
2026/five-nights.html,2026/five-nights.html,no,merged,/Users/prashantdhingra/e/a3_output/happydeepawali.org/output/content/2026/footer.fragment
2026/planner.html,2026/planner.html,no,merged,/Users/prashantdhingra/e/a3_output/happydeepawali.org/output/content/2026/footer.fragment
2026/around-the-world.html,2026/around-the-world.html,no,merged,/Users/prashantdhingra/e/a3_output/happydeepawali.org/output/content/2026/footer.fragment
2026/index.html.old.html,2026/index.html.old.html,no,merged,/Users/prashantdhingra/e/a3_output/happydeepawali.org/output/content/2026/footer.fragment
2026/deepawali-index.html,2026/index.html,yes,merged,/Users/prashantdhingra/e/a3_output/happydeepawali.org/output/content/2026/footer.fragment
2026/mithai.html,2026/mithai.html,no,merged,/Users/prashantdhingra/e/a3_output/happydeepawali.org/output/content/2026/footer.fragment
2026/lights-photo-essay.html,2026/lights-photo-essay.html,no,merged,/Users/prashantdhingra/e/a3_output/happydeepawali.org/output/content/2026/footer.fragment
2026/rangoli-city-lights.html,2026/rangoli-city-lights.html,no,merged,/Users/prashantdhingra/e/a3_output/happydeepawali.org/output/content/2026/footer.fragment
2026/ghats-and-temples.html,2026/ghats-and-temples.html,no,merged,/Users/prashantdhingra/e/a3_output/happydeepawali.org/output/content/2026/footer.fragment
2026/world-heritage-essay.html,2026/world-heritage-essay.html,no,merged,/Users/prashantdhingra/e/a3_output/happydeepawali.org/output/content/2026/footer.fragment
2026/puja-thali.html,2026/puja-thali.html,no,merged,/Users/prashantdhingra/e/a3_output/happydeepawali.org/output/content/2026/footer.fragment
2026/muhurat/goverdhan-puja-muhurat.html,2026/muhurat/goverdhan-puja-muhurat.html,no,merged,/Users/prashantdhingra/e/a3_output/happydeepawali.org/output/content/2026/muhurat/footer.fragment
2026/muhurat/karwa-chauth-moon-rise.html,2026/muhurat/karwa-chauth-moon-rise.html,no,merged,/Users/prashantdhingra/e/a3_output/happydeepawali.org/output/content/2026/muhurat/footer.fragment
2026/muhurat/index.html,2026/muhurat/index.html,no,merged,/Users/prashantdhingra/e/a3_output/happydeepawali.org/output/content/2026/muhurat/footer.fragment
2026/muhurat/diwali.htm,2026/muhurat/diwali.htm,no,merged,/Users/prashantdhingra/e/a3_output/happydeepawali.org/output/content/2026/muhurat/footer.fragment
2026/muhurat/dhanteras-buying-time.html,2026/muhurat/dhanteras-buying-time.html,no,merged,/Users/prashantdhingra/e/a3_output/happydeepawali.org/output/content/2026/muhurat/footer.fragment
2026/muhurat/navratri-muhurat-by-city.html,2026/muhurat/navratri-muhurat-by-city.html,no,merged,/Users/prashantdhingra/e/a3_output/happydeepawali.org/output/content/2026/muhurat/footer.fragment
2026/deepawali-brown/index.html,2026/deepawali-brown/index.html,no,merged,/Users/prashantdhingra/e/a3_output/happydeepawali.org/output/content/2026/deepawali-brown/footer.fragment
2026/deepawali-red/index.html,2026/deepawali-red/index.html,no,merged,/Users/prashantdhingra/e/a3_output/happydeepawali.org/output/content/2026/deepawali-red/footer.fragment
christmas/uk-pantomime-christmas-crackers.html,christmas/uk-pantomime-christmas-crackers.html,no,merged,/Users/prashantdhingra/e/a3_output/happydeepawali.org/output/content/christmas/footer.fragment
christmas/rockefeller-center-christmas-tree.html,christmas/rockefeller-center-christmas-tree.html,no,merged,/Users/prashantdhingra/e/a3_output/happydeepawali.org/output/content/christmas/footer.fragment
christmas/index.html,christmas/index.html,no,merged,/Users/prashantdhingra/e/a3_output/happydeepawali.org/output/content/christmas/footer.fragment
christmas/suburban-christmas-light-displays.html,christmas/suburban-christmas-light-displays.html,no,merged,/Users/prashantdhingra/e/a3_output/happydeepawali.org/output/content/christmas/footer.fragment
christmas/real-vs-artificial-christmas-trees.html,christmas/real-vs-artificial-christmas-trees.html,no,merged,/Users/prashantdhingra/e/a3_output/happydeepawali.org/output/content/christmas/footer.fragment
christmas/german-christmas-markets-christkindlmarkt.html,christmas/german-christmas-markets-christkindlmarkt.html,no,merged,/Users/prashantdhingra/e/a3_output/happydeepawali.org/output/content/christmas/footer.fragment
christmas/best-european-christmas-destinations.html,christmas/best-european-christmas-destinations.html,no,merged,/Users/prashantdhingra/e/a3_output/happydeepawali.org/output/content/christmas/footer.fragment
christmas/nochebuena-us-hispanic-traditions.html,christmas/nochebuena-us-hispanic-traditions.html,no,merged,/Users/prashantdhingra/e/a3_output/happydeepawali.org/output/content/christmas/footer.fragment
christmas/krampus-alpine-christmas-folklore.html,christmas/krampus-alpine-christmas-folklore.html,no,merged,/Users/prashantdhingra/e/a3_output/happydeepawali.org/output/content/christmas/footer.fragment
christmas/american-christmas-drinks-eggnog-cider-tom-jerry.html,christmas/american-christmas-drinks-eggnog-cider-tom-jerry.html,no,merged,/Users/prashantdhingra/e/a3_output/happydeepawali.org/output/content/christmas/footer.fragment
christmas/history-tinsel-christmas-ornaments.html,christmas/history-tinsel-christmas-ornaments.html,no,merged,/Users/prashantdhingra/e/a3_output/happydeepawali.org/output/content/christmas/footer.fragment
christmas/victorian-roots-modern-christmas.html,christmas/victorian-roots-modern-christmas.html,no,merged,/Users/prashantdhingra/e/a3_output/happydeepawali.org/output/content/christmas/footer.fragment
christmas/history-of-mall-santa.html,christmas/history-of-mall-santa.html,no,merged,/Users/prashantdhingra/e/a3_output/happydeepawali.org/output/content/christmas/footer.fragment
christmas/wigilia-christmas-eve-feast.html,christmas/wigilia-christmas-eve-feast.html,no,merged,/Users/prashantdhingra/e/a3_output/happydeepawali.org/output/content/christmas/footer.fragment
christmas/polar-express-holiday-train-rides.html,christmas/polar-express-holiday-train-rides.html,no,merged,/Users/prashantdhingra/e/a3_output/happydeepawali.org/output/content/christmas/footer.fragment
christmas/christmas-eve-vs-christmas-morning-gifts.html,christmas/christmas-eve-vs-christmas-morning-gifts.html,no,merged,/Users/prashantdhingra/e/a3_output/happydeepawali.org/output/content/christmas/footer.fragment
christmas/european-christmas-baking-panettone-stollen-buche.html,christmas/european-christmas-baking-panettone-stollen-buche.html,no,merged,/Users/prashantdhingra/e/a3_output/happydeepawali.org/output/content/christmas/footer.fragment
christmas/father-christmas-vs-santa-claus.html,christmas/father-christmas-vs-santa-claus.html,no,merged,/Users/prashantdhingra/e/a3_output/happydeepawali.org/output/content/christmas/footer.fragment
christmas/saint-lucia-day-sweden.html,christmas/saint-lucia-day-sweden.html,no,merged,/Users/prashantdhingra/e/a3_output/happydeepawali.org/output/content/christmas/footer.fragment
christmas/low-waste-christmas-decorating.html,christmas/low-waste-christmas-decorating.html,no,merged,/Users/prashantdhingra/e/a3_output/happydeepawali.org/output/content/christmas/footer.fragment
christmas/christmas-main-courses-us-europe.html,christmas/christmas-main-courses-us-europe.html,no,merged,/Users/prashantdhingra/e/a3_output/happydeepawali.org/output/content/christmas/footer.fragment
2027/muhurat/index.html,2027/muhurat/index.html,no,merged,/Users/prashantdhingra/e/a3_output/happydeepawali.org/output/content/2027/muhurat/footer.fragment
2027/muhurat/2027-festival-muhurat.htm.bak.html,2027/muhurat/2027-festival-muhurat.htm.bak.html,no,merged,/Users/prashantdhingra/e/a3_output/happydeepawali.org/output/content/2027/muhurat/footer.fragment
2027/muhurat/karwa-chauth/index.html,2027/muhurat/karwa-chauth/index.html,no,merged,/Users/prashantdhingra/e/a3_output/happydeepawali.org/output/content/2027/muhurat/karwa-chauth/footer.fragment
2027/muhurat/janamashtami-nishita-puja/index.html,2027/muhurat/janamashtami-nishita-puja/index.html,no,merged,/Users/prashantdhingra/e/a3_output/happydeepawali.org/output/content/2027/muhurat/janamashtami-nishita-puja/footer.fragment
2027/muhurat/govardhan-puja/index.html,2027/muhurat/govardhan-puja/index.html,no,merged,/Users/prashantdhingra/e/a3_output/happydeepawali.org/output/content/2027/muhurat/govardhan-puja/footer.fragment
2027/muhurat/dussehra/index.html,2027/muhurat/dussehra/index.html,no,merged,/Users/prashantdhingra/e/a3_output/happydeepawali.org/output/content/2027/muhurat/dussehra/footer.fragment
2027/muhurat/maha-shivratri-puja-time/index.html,2027/muhurat/maha-shivratri-puja-time/index.html,no,merged,/Users/prashantdhingra/e/a3_output/happydeepawali.org/output/content/2027/muhurat/maha-shivratri-puja-time/footer.fragment
2027/muhurat/dhanteras/index.html,2027/muhurat/dhanteras/index.html,no,merged,/Users/prashantdhingra/e/a3_output/happydeepawali.org/output/content/2027/muhurat/dhanteras/footer.fragment
2027/muhurat/bhai-dooj/index.html,2027/muhurat/bhai-dooj/index.html,no,merged,/Users/prashantdhingra/e/a3_output/happydeepawali.org/output/content/2027/muhurat/bhai-dooj/footer.fragment
2027/muhurat/makarsankranti-punya-kaal/index.html,2027/muhurat/makarsankranti-punya-kaal/index.html,no,merged,/Users/prashantdhingra/e/a3_output/happydeepawali.org/output/content/2027/muhurat/makarsankranti-punya-kaal/footer.fragment
2027/muhurat/deepawali/index.html,2027/muhurat/deepawali/index.html,no,merged,/Users/prashantdhingra/e/a3_output/happydeepawali.org/output/content/2027/muhurat/deepawali/footer.fragment
wishes-quotes-messages-captions-and-language-greetings/diwali-wishes-for-husband-wife-and-family.html,wishes-quotes-messages-captions-and-language-greetings/diwali-wishes-for-husband-wife-and-family.html,no,merged,/Users/prashantdhingra/e/a3_output/happydeepawali.org/output/content/wishes-quotes-messages-captions-and-language-greetings/footer.fragment
wishes-quotes-messages-captions-and-language-greetings/diwali-instagram-captions.html,wishes-quotes-messages-captions-and-language-greetings/diwali-instagram-captions.html,no,merged,/Users/prashantdhingra/e/a3_output/happydeepawali.org/output/content/wishes-quotes-messages-captions-and-language-greetings/footer.fragment
wishes-quotes-messages-captions-and-language-greetings/diwali-greeting-card-messages.html,wishes-quotes-messages-captions-and-language-greetings/diwali-greeting-card-messages.html,no,merged,/Users/prashantdhingra/e/a3_output/happydeepawali.org/output/content/wishes-quotes-messages-captions-and-language-greetings/footer.fragment
wishes-quotes-messages-captions-and-language-greetings/diwali-wishes-in-telugu.html,wishes-quotes-messages-captions-and-language-greetings/diwali-wishes-in-telugu.html,no,merged,/Users/prashantdhingra/e/a3_output/happydeepawali.org/output/content/wishes-quotes-messages-captions-and-language-greetings/footer.fragment
wishes-quotes-messages-captions-and-language-greetings/diwali-wishes-for-friends-and-colleagues.html,wishes-quotes-messages-captions-and-language-greetings/diwali-wishes-for-friends-and-colleagues.html,no,merged,/Users/prashantdhingra/e/a3_output/happydeepawali.org/output/content/wishes-quotes-messages-captions-and-language-greetings/footer.fragment
wishes-quotes-messages-captions-and-language-greetings/diwali-wishes-in-bengali.html,wishes-quotes-messages-captions-and-language-greetings/diwali-wishes-in-bengali.html,no,merged,/Users/prashantdhingra/e/a3_output/happydeepawali.org/output/content/wishes-quotes-messages-captions-and-language-greetings/footer.fragment
wishes-quotes-messages-captions-and-language-greetings/index.html,wishes-quotes-messages-captions-and-language-greetings/index.html,no,merged,/Users/prashantdhingra/e/a3_output/happydeepawali.org/output/content/wishes-quotes-messages-captions-and-language-greetings/footer.fragment
wishes-quotes-messages-captions-and-language-greetings/diwali-facebook-captions-and-social-posts.html,wishes-quotes-messages-captions-and-language-greetings/diwali-facebook-captions-and-social-posts.html,no,merged,/Users/prashantdhingra/e/a3_output/happydeepawali.org/output/content/wishes-quotes-messages-captions-and-language-greetings/footer.fragment
wishes-quotes-messages-captions-and-language-greetings/happy-diwali-2026-wishes-quotes-messages-and-captions.html,wishes-quotes-messages-captions-and-language-greetings/happy-diwali-2026-wishes-quotes-messages-and-captions.html,no,merged,/Users/prashantdhingra/e/a3_output/happydeepawali.org/output/content/wishes-quotes-messages-captions-and-language-greetings/footer.fragment
wishes-quotes-messages-captions-and-language-greetings/diwali-quotes-about-light-hope-and-prosperity.html,wishes-quotes-messages-captions-and-language-greetings/diwali-quotes-about-light-hope-and-prosperity.html,no,merged,/Users/prashantdhingra/e/a3_output/happydeepawali.org/output/content/wishes-quotes-messages-captions-and-language-greetings/footer.fragment
wishes-quotes-messages-captions-and-language-greetings/diwali-wishes-in-marathi.html,wishes-quotes-messages-captions-and-language-greetings/diwali-wishes-in-marathi.html,no,merged,/Users/prashantdhingra/e/a3_output/happydeepawali.org/output/content/wishes-quotes-messages-captions-and-language-greetings/footer.fragment
wishes-quotes-messages-captions-and-language-greetings/diwali-wishes-in-kannada.html,wishes-quotes-messages-captions-and-language-greetings/diwali-wishes-in-kannada.html,no,merged,/Users/prashantdhingra/e/a3_output/happydeepawali.org/output/content/wishes-quotes-messages-captions-and-language-greetings/footer.fragment
wishes-quotes-messages-captions-and-language-greetings/100-happy-diwali-wishes-for-family-and-friends.html,wishes-quotes-messages-captions-and-language-greetings/100-happy-diwali-wishes-for-family-and-friends.html,no,merged,/Users/prashantdhingra/e/a3_output/happydeepawali.org/output/content/wishes-quotes-messages-captions-and-language-greetings/footer.fragment
wishes-quotes-messages-captions-and-language-greetings/professional-diwali-greetings-for-clients-and-employees.html,wishes-quotes-messages-captions-and-language-greetings/professional-diwali-greetings-for-clients-and-employees.html,no,merged,/Users/prashantdhingra/e/a3_output/happydeepawali.org/output/content/wishes-quotes-messages-captions-and-language-greetings/footer.fragment
wishes-quotes-messages-captions-and-language-greetings/diwali-wishes-for-parents-and-elders.html,wishes-quotes-messages-captions-and-language-greetings/diwali-wishes-for-parents-and-elders.html,no,merged,/Users/prashantdhingra/e/a3_output/happydeepawali.org/output/content/wishes-quotes-messages-captions-and-language-greetings/footer.fragment
wishes-quotes-messages-captions-and-language-greetings/diwali-whatsapp-status-ideas.html,wishes-quotes-messages-captions-and-language-greetings/diwali-whatsapp-status-ideas.html,no,merged,/Users/prashantdhingra/e/a3_output/happydeepawali.org/output/content/wishes-quotes-messages-captions-and-language-greetings/footer.fragment
wishes-quotes-messages-captions-and-language-greetings/diwali-wishes-in-gujarati.html,wishes-quotes-messages-captions-and-language-greetings/diwali-wishes-in-gujarati.html,no,merged,/Users/prashantdhingra/e/a3_output/happydeepawali.org/output/content/wishes-quotes-messages-captions-and-language-greetings/footer.fragment
wishes-quotes-messages-captions-and-language-greetings/diwali-wishes-in-english.html,wishes-quotes-messages-captions-and-language-greetings/diwali-wishes-in-english.html,no,merged,/Users/prashantdhingra/e/a3_output/happydeepawali.org/output/content/wishes-quotes-messages-captions-and-language-greetings/footer.fragment
wishes-quotes-messages-captions-and-language-greetings/diwali-wishes-in-tamil.html,wishes-quotes-messages-captions-and-language-greetings/diwali-wishes-in-tamil.html,no,merged,/Users/prashantdhingra/e/a3_output/happydeepawali.org/output/content/wishes-quotes-messages-captions-and-language-greetings/footer.fragment
wishes-quotes-messages-captions-and-language-greetings/diwali-wishes-in-hindi.html,wishes-quotes-messages-captions-and-language-greetings/diwali-wishes-in-hindi.html,no,merged,/Users/prashantdhingra/e/a3_output/happydeepawali.org/output/content/wishes-quotes-messages-captions-and-language-greetings/footer.fragment
wishes-quotes-messages-captions-and-language-greetings/short-diwali-wishes-for-whatsapp-and-sms.html,wishes-quotes-messages-captions-and-language-greetings/short-diwali-wishes-for-whatsapp-and-sms.html,no,merged,/Users/prashantdhingra/e/a3_output/happydeepawali.org/output/content/wishes-quotes-messages-captions-and-language-greetings/footer.fragment
kids-school-essays-crafts-games-and-printables/diwali-paragraph-for-class-3-4-and-5-students.html,kids-school-essays-crafts-games-and-printables/diwali-paragraph-for-class-3-4-and-5-students.html,no,merged,/Users/prashantdhingra/e/a3_output/happydeepawali.org/output/content/kids-school-essays-crafts-games-and-printables/footer.fragment
kids-school-essays-crafts-games-and-printables/50-diwali-general-knowledge-questions-for-students.html,kids-school-essays-crafts-games-and-printables/50-diwali-general-knowledge-questions-for-students.html,no,merged,/Users/prashantdhingra/e/a3_output/happydeepawali.org/output/content/kids-school-essays-crafts-games-and-printables/footer.fragment
kids-school-essays-crafts-games-and-printables/diwali-project-ideas-for-school-students.html,kids-school-essays-crafts-games-and-printables/diwali-project-ideas-for-school-students.html,no,merged,/Users/prashantdhingra/e/a3_output/happydeepawali.org/output/content/kids-school-essays-crafts-games-and-printables/footer.fragment
kids-school-essays-crafts-games-and-printables/index.html,kids-school-essays-crafts-games-and-printables/index.html,no,merged,/Users/prashantdhingra/e/a3_output/happydeepawali.org/output/content/kids-school-essays-crafts-games-and-printables/footer.fragment
kids-school-essays-crafts-games-and-printables/how-to-make-a-paper-diya-for-a-school-project.html,kids-school-essays-crafts-games-and-printables/how-to-make-a-paper-diya-for-a-school-project.html,no,merged,/Users/prashantdhingra/e/a3_output/happydeepawali.org/output/content/kids-school-essays-crafts-games-and-printables/footer.fragment
kids-school-essays-crafts-games-and-printables/diwali-essay-in-200-500-and-1000-words.html,kids-school-essays-crafts-games-and-printables/diwali-essay-in-200-500-and-1000-words.html,no,merged,/Users/prashantdhingra/e/a3_output/happydeepawali.org/output/content/kids-school-essays-crafts-games-and-printables/footer.fragment
kids-school-essays-crafts-games-and-printables/diwali-worksheet-for-kids-diyas-rangoli-sweets-and-traditions.html,kids-school-essays-crafts-games-and-printables/diwali-worksheet-for-kids-diyas-rangoli-sweets-and-traditions.html,no,merged,/Users/prashantdhingra/e/a3_output/happydeepawali.org/output/content/kids-school-essays-crafts-games-and-printables/footer.fragment
kids-school-essays-crafts-games-and-printables/short-diwali-speech-in-hindi.html,kids-school-essays-crafts-games-and-printables/short-diwali-speech-in-hindi.html,no,merged,/Users/prashantdhingra/e/a3_output/happydeepawali.org/output/content/kids-school-essays-crafts-games-and-printables/footer.fragment
kids-school-essays-crafts-games-and-printables/diwali-story-for-kids-simple-festival-explanation.html,kids-school-essays-crafts-games-and-printables/diwali-story-for-kids-simple-festival-explanation.html,no,merged,/Users/prashantdhingra/e/a3_output/happydeepawali.org/output/content/kids-school-essays-crafts-games-and-printables/footer.fragment
kids-school-essays-crafts-games-and-printables/diwali-speech-for-school-assembly.html,kids-school-essays-crafts-games-and-printables/diwali-speech-for-school-assembly.html,no,merged,/Users/prashantdhingra/e/a3_output/happydeepawali.org/output/content/kids-school-essays-crafts-games-and-printables/footer.fragment
kids-school-essays-crafts-games-and-printables/diwali-poster-ideas-for-school-competitions.html,kids-school-essays-crafts-games-and-printables/diwali-poster-ideas-for-school-competitions.html,no,merged,/Users/prashantdhingra/e/a3_output/happydeepawali.org/output/content/kids-school-essays-crafts-games-and-printables/footer.fragment
kids-school-essays-crafts-games-and-printables/short-essay-on-diwali-for-school-students.html,kids-school-essays-crafts-games-and-printables/short-essay-on-diwali-for-school-students.html,no,merged,/Users/prashantdhingra/e/a3_output/happydeepawali.org/output/content/kids-school-essays-crafts-games-and-printables/footer.fragment
kids-school-essays-crafts-games-and-printables/diwali-quiz-for-kids-questions-and-answers.html,kids-school-essays-crafts-games-and-printables/diwali-quiz-for-kids-questions-and-answers.html,no,merged,/Users/prashantdhingra/e/a3_output/happydeepawali.org/output/content/kids-school-essays-crafts-games-and-printables/footer.fragment
kids-school-essays-crafts-games-and-printables/how-to-explain-diwali-to-children.html,kids-school-essays-crafts-games-and-printables/how-to-explain-diwali-to-children.html,no,merged,/Users/prashantdhingra/e/a3_output/happydeepawali.org/output/content/kids-school-essays-crafts-games-and-printables/footer.fragment
kids-school-essays-crafts-games-and-printables/diwali-games-and-activities-for-families.html,kids-school-essays-crafts-games-and-printables/diwali-games-and-activities-for-families.html,no,merged,/Users/prashantdhingra/e/a3_output/happydeepawali.org/output/content/kids-school-essays-crafts-games-and-printables/footer.fragment
kids-school-essays-crafts-games-and-printables/diwali-drawing-ideas-for-kids.html,kids-school-essays-crafts-games-and-printables/diwali-drawing-ideas-for-kids.html,no,merged,/Users/prashantdhingra/e/a3_output/happydeepawali.org/output/content/kids-school-essays-crafts-games-and-printables/footer.fragment
kids-school-essays-crafts-games-and-printables/diwali-coloring-pages-and-printable-activities.html,kids-school-essays-crafts-games-and-printables/diwali-coloring-pages-and-printable-activities.html,no,merged,/Users/prashantdhingra/e/a3_output/happydeepawali.org/output/content/kids-school-essays-crafts-games-and-printables/footer.fragment
kids-school-essays-crafts-games-and-printables/10-lines-on-diwali-for-kids.html,kids-school-essays-crafts-games-and-printables/10-lines-on-diwali-for-kids.html,no,merged,/Users/prashantdhingra/e/a3_output/happydeepawali.org/output/content/kids-school-essays-crafts-games-and-printables/footer.fragment
kids-school-essays-crafts-games-and-printables/diwali-essay-in-hindi-for-students.html,kids-school-essays-crafts-games-and-printables/diwali-essay-in-hindi-for-students.html,no,merged,/Users/prashantdhingra/e/a3_output/happydeepawali.org/output/content/kids-school-essays-crafts-games-and-printables/footer.fragment
kids-school-essays-crafts-games-and-printables/easy-diwali-craft-ideas-for-children.html,kids-school-essays-crafts-games-and-printables/easy-diwali-craft-ideas-for-children.html,no,merged,/Users/prashantdhingra/e/a3_output/happydeepawali.org/output/content/kids-school-essays-crafts-games-and-printables/footer.fragment
kids-school-essays-crafts-games-and-printables/how-to-make-a-diwali-lantern-for-kids.html,kids-school-essays-crafts-games-and-printables/how-to-make-a-diwali-lantern-for-kids.html,no,merged,/Users/prashantdhingra/e/a3_output/happydeepawali.org/output/content/kids-school-essays-crafts-games-and-printables/footer.fragment
govardhan-puja-annakut-bali-pratipada-and-bhai-dooj/bhai-dooj-wishes-and-messages.html,govardhan-puja-annakut-bali-pratipada-and-bhai-dooj/bhai-dooj-wishes-and-messages.html,no,merged,/Users/prashantdhingra/e/a3_output/happydeepawali.org/output/content/govardhan-puja-annakut-bali-pratipada-and-bhai-dooj/footer.fragment
govardhan-puja-annakut-bali-pratipada-and-bhai-dooj/post-diwali-celebrations-govardhan-new-year-and-bhai-dooj-explained.html,govardhan-puja-annakut-bali-pratipada-and-bhai-dooj/post-diwali-celebrations-govardhan-new-year-and-bhai-dooj-explained.html,no,merged,/Users/prashantdhingra/e/a3_output/happydeepawali.org/output/content/govardhan-puja-annakut-bali-pratipada-and-bhai-dooj/footer.fragment
govardhan-puja-annakut-bali-pratipada-and-bhai-dooj/bhai-dooj-puja-thali-and-ritual-guide.html,govardhan-puja-annakut-bali-pratipada-and-bhai-dooj/bhai-dooj-puja-thali-and-ritual-guide.html,no,merged,/Users/prashantdhingra/e/a3_output/happydeepawali.org/output/content/govardhan-puja-annakut-bali-pratipada-and-bhai-dooj/footer.fragment
govardhan-puja-annakut-bali-pratipada-and-bhai-dooj/gujarati-new-year-traditions-and-greetings.html,govardhan-puja-annakut-bali-pratipada-and-bhai-dooj/gujarati-new-year-traditions-and-greetings.html,no,merged,/Users/prashantdhingra/e/a3_output/happydeepawali.org/output/content/govardhan-puja-annakut-bali-pratipada-and-bhai-dooj/footer.fragment
govardhan-puja-annakut-bali-pratipada-and-bhai-dooj/index.html,govardhan-puja-annakut-bali-pratipada-and-bhai-dooj/index.html,no,merged,/Users/prashantdhingra/e/a3_output/happydeepawali.org/output/content/govardhan-puja-annakut-bali-pratipada-and-bhai-dooj/footer.fragment
govardhan-puja-annakut-bali-pratipada-and-bhai-dooj/bhai-dooj-complete-guide-to-meaning-and-rituals.html,govardhan-puja-annakut-bali-pratipada-and-bhai-dooj/bhai-dooj-complete-guide-to-meaning-and-rituals.html,no,merged,/Users/prashantdhingra/e/a3_output/happydeepawali.org/output/content/govardhan-puja-annakut-bali-pratipada-and-bhai-dooj/footer.fragment
govardhan-puja-annakut-bali-pratipada-and-bhai-dooj/govardhan-puja-wishes-and-messages.html,govardhan-puja-annakut-bali-pratipada-and-bhai-dooj/govardhan-puja-wishes-and-messages.html,no,merged,/Users/prashantdhingra/e/a3_output/happydeepawali.org/output/content/govardhan-puja-annakut-bali-pratipada-and-bhai-dooj/footer.fragment
govardhan-puja-annakut-bali-pratipada-and-bhai-dooj/day-after-diwali-traditions-across-india.html,govardhan-puja-annakut-bali-pratipada-and-bhai-dooj/day-after-diwali-traditions-across-india.html,no,merged,/Users/prashantdhingra/e/a3_output/happydeepawali.org/output/content/govardhan-puja-annakut-bali-pratipada-and-bhai-dooj/footer.fragment
govardhan-puja-annakut-bali-pratipada-and-bhai-dooj/why-sisters-apply-tilak-on-bhai-dooj.html,govardhan-puja-annakut-bali-pratipada-and-bhai-dooj/why-sisters-apply-tilak-on-bhai-dooj.html,no,merged,/Users/prashantdhingra/e/a3_output/happydeepawali.org/output/content/govardhan-puja-annakut-bali-pratipada-and-bhai-dooj/footer.fragment
govardhan-puja-annakut-bali-pratipada-and-bhai-dooj/bhai-dooj-gift-ideas-for-brothers-and-sisters.html,govardhan-puja-annakut-bali-pratipada-and-bhai-dooj/bhai-dooj-gift-ideas-for-brothers-and-sisters.html,no,merged,/Users/prashantdhingra/e/a3_output/happydeepawali.org/output/content/govardhan-puja-annakut-bali-pratipada-and-bhai-dooj/footer.fragment
govardhan-puja-annakut-bali-pratipada-and-bhai-dooj/bhai-dooj-vs-raksha-bandhan-what-is-the-difference.html,govardhan-puja-annakut-bali-pratipada-and-bhai-dooj/bhai-dooj-vs-raksha-bandhan-what-is-the-difference.html,no,merged,/Users/prashantdhingra/e/a3_output/happydeepawali.org/output/content/govardhan-puja-annakut-bali-pratipada-and-bhai-dooj/footer.fragment
govardhan-puja-annakut-bali-pratipada-and-bhai-dooj/govardhan-puja-vs-annakut-what-is-the-difference.html,govardhan-puja-annakut-bali-pratipada-and-bhai-dooj/govardhan-puja-vs-annakut-what-is-the-difference.html,no,merged,/Users/prashantdhingra/e/a3_output/happydeepawali.org/output/content/govardhan-puja-annakut-bali-pratipada-and-bhai-dooj/footer.fragment
govardhan-puja-annakut-bali-pratipada-and-bhai-dooj/govardhan-puja-complete-guide-to-story-rituals-and-meaning.html,govardhan-puja-annakut-bali-pratipada-and-bhai-dooj/govardhan-puja-complete-guide-to-story-rituals-and-meaning.html,no,merged,/Users/prashantdhingra/e/a3_output/happydeepawali.org/output/content/govardhan-puja-annakut-bali-pratipada-and-bhai-dooj/footer.fragment
govardhan-puja-annakut-bali-pratipada-and-bhai-dooj/annakut-meaning-food-offerings-and-temple-traditions.html,govardhan-puja-annakut-bali-pratipada-and-bhai-dooj/annakut-meaning-food-offerings-and-temple-traditions.html,no,merged,/Users/prashantdhingra/e/a3_output/happydeepawali.org/output/content/govardhan-puja-annakut-bali-pratipada-and-bhai-dooj/footer.fragment
govardhan-puja-annakut-bali-pratipada-and-bhai-dooj/govardhan-puja-rangoli-and-decoration-ideas.html,govardhan-puja-annakut-bali-pratipada-and-bhai-dooj/govardhan-puja-rangoli-and-decoration-ideas.html,no,merged,/Users/prashantdhingra/e/a3_output/happydeepawali.org/output/content/govardhan-puja-annakut-bali-pratipada-and-bhai-dooj/footer.fragment
govardhan-puja-annakut-bali-pratipada-and-bhai-dooj/bali-pratipada-vs-govardhan-puja-regional-traditions.html,govardhan-puja-annakut-bali-pratipada-and-bhai-dooj/bali-pratipada-vs-govardhan-puja-regional-traditions.html,no,merged,/Users/prashantdhingra/e/a3_output/happydeepawali.org/output/content/govardhan-puja-annakut-bali-pratipada-and-bhai-dooj/footer.fragment
govardhan-puja-annakut-bali-pratipada-and-bhai-dooj/bali-pratipada-story-meaning-and-regional-traditions.html,govardhan-puja-annakut-bali-pratipada-and-bhai-dooj/bali-pratipada-story-meaning-and-regional-traditions.html,no,merged,/Users/prashantdhingra/e/a3_output/happydeepawali.org/output/content/govardhan-puja-annakut-bali-pratipada-and-bhai-dooj/footer.fragment
govardhan-puja-annakut-bali-pratipada-and-bhai-dooj/bestu-varas-gujarati-new-year-after-diwali.html,govardhan-puja-annakut-bali-pratipada-and-bhai-dooj/bestu-varas-gujarati-new-year-after-diwali.html,no,merged,/Users/prashantdhingra/e/a3_output/happydeepawali.org/output/content/govardhan-puja-annakut-bali-pratipada-and-bhai-dooj/footer.fragment
govardhan-puja-annakut-bali-pratipada-and-bhai-dooj/govardhan-puja-food-and-prasad-ideas.html,govardhan-puja-annakut-bali-pratipada-and-bhai-dooj/govardhan-puja-food-and-prasad-ideas.html,no,merged,/Users/prashantdhingra/e/a3_output/happydeepawali.org/output/content/govardhan-puja-annakut-bali-pratipada-and-bhai-dooj/footer.fragment
govardhan-puja-annakut-bali-pratipada-and-bhai-dooj/why-is-govardhan-puja-celebrated-after-diwali.html,govardhan-puja-annakut-bali-pratipada-and-bhai-dooj/why-is-govardhan-puja-celebrated-after-diwali.html,no,merged,/Users/prashantdhingra/e/a3_output/happydeepawali.org/output/content/govardhan-puja-annakut-bali-pratipada-and-bhai-dooj/footer.fragment
govardhan-puja-annakut-bali-pratipada-and-bhai-dooj/how-to-make-a-govardhan-puja-at-home.html,govardhan-puja-annakut-bali-pratipada-and-bhai-dooj/how-to-make-a-govardhan-puja-at-home.html,no,merged,/Users/prashantdhingra/e/a3_output/happydeepawali.org/output/content/govardhan-puja-annakut-bali-pratipada-and-bhai-dooj/footer.fragment
lakshmi-puja-ganesha-puja-and-home-rituals/how-to-make-a-simple-diwali-puja-thali.html,lakshmi-puja-ganesha-puja-and-home-rituals/how-to-make-a-simple-diwali-puja-thali.html,no,merged,/Users/prashantdhingra/e/a3_output/happydeepawali.org/output/content/lakshmi-puja-ganesha-puja-and-home-rituals/footer.fragment
lakshmi-puja-ganesha-puja-and-home-rituals/what-to-offer-goddess-lakshmi-on-diwali.html,lakshmi-puja-ganesha-puja-and-home-rituals/what-to-offer-goddess-lakshmi-on-diwali.html,no,merged,/Users/prashantdhingra/e/a3_output/happydeepawali.org/output/content/lakshmi-puja-ganesha-puja-and-home-rituals/footer.fragment
lakshmi-puja-ganesha-puja-and-home-rituals/how-to-arrange-diyas-for-lakshmi-puja.html,lakshmi-puja-ganesha-puja-and-home-rituals/how-to-arrange-diyas-for-lakshmi-puja.html,no,merged,/Users/prashantdhingra/e/a3_output/happydeepawali.org/output/content/lakshmi-puja-ganesha-puja-and-home-rituals/footer.fragment
lakshmi-puja-ganesha-puja-and-home-rituals/index.html,lakshmi-puja-ganesha-puja-and-home-rituals/index.html,no,merged,/Users/prashantdhingra/e/a3_output/happydeepawali.org/output/content/lakshmi-puja-ganesha-puja-and-home-rituals/footer.fragment
lakshmi-puja-ganesha-puja-and-home-rituals/common-mistakes-to-avoid-during-diwali-puja.html,lakshmi-puja-ganesha-puja-and-home-rituals/common-mistakes-to-avoid-during-diwali-puja.html,no,merged,/Users/prashantdhingra/e/a3_output/happydeepawali.org/output/content/lakshmi-puja-ganesha-puja-and-home-rituals/footer.fragment
lakshmi-puja-ganesha-puja-and-home-rituals/why-are-coins-and-account-books-worshipped-on-diwali.html,lakshmi-puja-ganesha-puja-and-home-rituals/why-are-coins-and-account-books-worshipped-on-diwali.html,no,merged,/Users/prashantdhingra/e/a3_output/happydeepawali.org/output/content/lakshmi-puja-ganesha-puja-and-home-rituals/footer.fragment
lakshmi-puja-ganesha-puja-and-home-rituals/lakshmi-puja-on-diwali-complete-step-by-step-guide.html,lakshmi-puja-ganesha-puja-and-home-rituals/lakshmi-puja-on-diwali-complete-step-by-step-guide.html,no,merged,/Users/prashantdhingra/e/a3_output/happydeepawali.org/output/content/lakshmi-puja-ganesha-puja-and-home-rituals/footer.fragment
lakshmi-puja-ganesha-puja-and-home-rituals/diwali-puja-faq-rituals-offerings-timing-and-traditions.html,lakshmi-puja-ganesha-puja-and-home-rituals/diwali-puja-faq-rituals-offerings-timing-and-traditions.html,no,merged,/Users/prashantdhingra/e/a3_output/happydeepawali.org/output/content/lakshmi-puja-ganesha-puja-and-home-rituals/footer.fragment
lakshmi-puja-ganesha-puja-and-home-rituals/diwali-lakshmi-puja-samagri-list.html,lakshmi-puja-ganesha-puja-and-home-rituals/diwali-lakshmi-puja-samagri-list.html,no,merged,/Users/prashantdhingra/e/a3_output/happydeepawali.org/output/content/lakshmi-puja-ganesha-puja-and-home-rituals/footer.fragment
lakshmi-puja-ganesha-puja-and-home-rituals/how-to-set-up-a-lakshmi-ganesha-puja-at-home.html,lakshmi-puja-ganesha-puja-and-home-rituals/how-to-set-up-a-lakshmi-ganesha-puja-at-home.html,no,merged,/Users/prashantdhingra/e/a3_output/happydeepawali.org/output/content/lakshmi-puja-ganesha-puja-and-home-rituals/footer.fragment
lakshmi-puja-ganesha-puja-and-home-rituals/chopda-puja-meaning-and-gujarati-business-traditions.html,lakshmi-puja-ganesha-puja-and-home-rituals/chopda-puja-meaning-and-gujarati-business-traditions.html,no,merged,/Users/prashantdhingra/e/a3_output/happydeepawali.org/output/content/lakshmi-puja-ganesha-puja-and-home-rituals/footer.fragment
lakshmi-puja-ganesha-puja-and-home-rituals/how-families-perform-lakshmi-puja-together.html,lakshmi-puja-ganesha-puja-and-home-rituals/how-families-perform-lakshmi-puja-together.html,no,merged,/Users/prashantdhingra/e/a3_output/happydeepawali.org/output/content/lakshmi-puja-ganesha-puja-and-home-rituals/footer.fragment
lakshmi-puja-ganesha-puja-and-home-rituals/what-sweets-and-fruits-are-offered-during-lakshmi-puja.html,lakshmi-puja-ganesha-puja-and-home-rituals/what-sweets-and-fruits-are-offered-during-lakshmi-puja.html,no,merged,/Users/prashantdhingra/e/a3_output/happydeepawali.org/output/content/lakshmi-puja-ganesha-puja-and-home-rituals/footer.fragment
lakshmi-puja-ganesha-puja-and-home-rituals/diwali-puja-mantra-guide-meaning-and-usage.html,lakshmi-puja-ganesha-puja-and-home-rituals/diwali-puja-mantra-guide-meaning-and-usage.html,no,merged,/Users/prashantdhingra/e/a3_output/happydeepawali.org/output/content/lakshmi-puja-ganesha-puja-and-home-rituals/footer.fragment
lakshmi-puja-ganesha-puja-and-home-rituals/lakshmi-puja-in-an-apartment-simple-setup-ideas.html,lakshmi-puja-ganesha-puja-and-home-rituals/lakshmi-puja-in-an-apartment-simple-setup-ideas.html,no,merged,/Users/prashantdhingra/e/a3_output/happydeepawali.org/output/content/lakshmi-puja-ganesha-puja-and-home-rituals/footer.fragment
lakshmi-puja-ganesha-puja-and-home-rituals/diwali-puja-for-businesses-shops-and-offices.html,lakshmi-puja-ganesha-puja-and-home-rituals/diwali-puja-for-businesses-shops-and-offices.html,no,merged,/Users/prashantdhingra/e/a3_output/happydeepawali.org/output/content/lakshmi-puja-ganesha-puja-and-home-rituals/footer.fragment
lakshmi-puja-ganesha-puja-and-home-rituals/how-to-perform-a-simple-diwali-puja-for-beginners.html,lakshmi-puja-ganesha-puja-and-home-rituals/how-to-perform-a-simple-diwali-puja-for-beginners.html,no,merged,/Users/prashantdhingra/e/a3_output/happydeepawali.org/output/content/lakshmi-puja-ganesha-puja-and-home-rituals/footer.fragment
lakshmi-puja-ganesha-puja-and-home-rituals/how-to-decorate-the-puja-room-for-diwali.html,lakshmi-puja-ganesha-puja-and-home-rituals/how-to-decorate-the-puja-room-for-diwali.html,no,merged,/Users/prashantdhingra/e/a3_output/happydeepawali.org/output/content/lakshmi-puja-ganesha-puja-and-home-rituals/footer.fragment
lakshmi-puja-ganesha-puja-and-home-rituals/how-to-clean-and-prepare-your-home-for-lakshmi-puja.html,lakshmi-puja-ganesha-puja-and-home-rituals/how-to-clean-and-prepare-your-home-for-lakshmi-puja.html,no,merged,/Users/prashantdhingra/e/a3_output/happydeepawali.org/output/content/lakshmi-puja-ganesha-puja-and-home-rituals/footer.fragment
lakshmi-puja-ganesha-puja-and-home-rituals/can-lakshmi-puja-be-performed-without-a-priest.html,lakshmi-puja-ganesha-puja-and-home-rituals/can-lakshmi-puja-be-performed-without-a-priest.html,no,merged,/Users/prashantdhingra/e/a3_output/happydeepawali.org/output/content/lakshmi-puja-ganesha-puja-and-home-rituals/footer.fragment
lakshmi-puja-ganesha-puja-and-home-rituals/lakshmi-puja-for-families-living-abroad.html,lakshmi-puja-ganesha-puja-and-home-rituals/lakshmi-puja-for-families-living-abroad.html,no,merged,/Users/prashantdhingra/e/a3_output/happydeepawali.org/output/content/lakshmi-puja-ganesha-puja-and-home-rituals/footer.fragment
thanksgiving/ultimate-thanksgiving-turkey-prep-guide.html,thanksgiving/ultimate-thanksgiving-turkey-prep-guide.html,no,merged,/Users/prashantdhingra/e/a3_output/happydeepawali.org/output/content/thanksgiving/footer.fragment
thanksgiving/myths-vs-reality-1621-thanksgiving.html,thanksgiving/myths-vs-reality-1621-thanksgiving.html,no,merged,/Users/prashantdhingra/e/a3_output/happydeepawali.org/output/content/thanksgiving/footer.fragment
thanksgiving/thanksgiving-gratitude-practices.html,thanksgiving/thanksgiving-gratitude-practices.html,no,merged,/Users/prashantdhingra/e/a3_output/happydeepawali.org/output/content/thanksgiving/footer.fragment
thanksgiving/macys-thanksgiving-day-parade-history.html,thanksgiving/macys-thanksgiving-day-parade-history.html,no,merged,/Users/prashantdhingra/e/a3_output/happydeepawali.org/output/content/thanksgiving/footer.fragment
thanksgiving/plant-based-thanksgiving-feast.html,thanksgiving/plant-based-thanksgiving-feast.html,no,merged,/Users/prashantdhingra/e/a3_output/happydeepawali.org/output/content/thanksgiving/footer.fragment
thanksgiving/budget-friendly-thanksgiving-dinner.html,thanksgiving/budget-friendly-thanksgiving-dinner.html,no,merged,/Users/prashantdhingra/e/a3_output/happydeepawali.org/output/content/thanksgiving/footer.fragment
thanksgiving/mindful-eating-thanksgiving.html,thanksgiving/mindful-eating-thanksgiving.html,no,merged,/Users/prashantdhingra/e/a3_output/happydeepawali.org/output/content/thanksgiving/footer.fragment
thanksgiving/thanksgiving-giving-back-locally.html,thanksgiving/thanksgiving-giving-back-locally.html,no,merged,/Users/prashantdhingra/e/a3_output/happydeepawali.org/output/content/thanksgiving/footer.fragment
thanksgiving/overview.html,thanksgiving/overview.html,no,merged,/Users/prashantdhingra/e/a3_output/happydeepawali.org/output/content/thanksgiving/footer.fragment
thanksgiving/presidential-turkey-pardon-history.html,thanksgiving/presidential-turkey-pardon-history.html,no,merged,/Users/prashantdhingra/e/a3_output/happydeepawali.org/output/content/thanksgiving/footer.fragment
thanksgiving/autumn-thanksgiving-tablescapes.html,thanksgiving/autumn-thanksgiving-tablescapes.html,no,merged,/Users/prashantdhingra/e/a3_output/happydeepawali.org/output/content/thanksgiving/footer.fragment
thanksgiving/thanksgiving-classic-sides-upgrades.html,thanksgiving/thanksgiving-classic-sides-upgrades.html,no,merged,/Users/prashantdhingra/e/a3_output/happydeepawali.org/output/content/thanksgiving/footer.fragment
thanksgiving/thanksgiving-football-history.html,thanksgiving/thanksgiving-football-history.html,no,merged,/Users/prashantdhingra/e/a3_output/happydeepawali.org/output/content/thanksgiving/footer.fragment
thanksgiving/national-day-of-mourning-thanksgiving.html,thanksgiving/national-day-of-mourning-thanksgiving.html,no,merged,/Users/prashantdhingra/e/a3_output/happydeepawali.org/output/content/thanksgiving/footer.fragment
thanksgiving/thanksgiving-abroad-expat-guide.html,thanksgiving/thanksgiving-abroad-expat-guide.html,no,merged,/Users/prashantdhingra/e/a3_output/happydeepawali.org/output/content/thanksgiving/footer.fragment
thanksgiving/thanksgiving-wine-pairing-guide.html,thanksgiving/thanksgiving-wine-pairing-guide.html,no,merged,/Users/prashantdhingra/e/a3_output/happydeepawali.org/output/content/thanksgiving/footer.fragment
thanksgiving/stress-free-thanksgiving-prep-timeline.html,thanksgiving/stress-free-thanksgiving-prep-timeline.html,no,merged,/Users/prashantdhingra/e/a3_output/happydeepawali.org/output/content/thanksgiving/footer.fragment
thanksgiving/awkward-family-dynamics-thanksgiving.html,thanksgiving/awkward-family-dynamics-thanksgiving.html,no,merged,/Users/prashantdhingra/e/a3_output/happydeepawali.org/output/content/thanksgiving/footer.fragment
thanksgiving/post-dinner-family-activities.html,thanksgiving/post-dinner-family-activities.html,no,merged,/Users/prashantdhingra/e/a3_output/happydeepawali.org/output/content/thanksgiving/footer.fragment
thanksgiving/friendsgiving-hosting-playbook.html,thanksgiving/friendsgiving-hosting-playbook.html,no,merged,/Users/prashantdhingra/e/a3_output/happydeepawali.org/output/content/thanksgiving/footer.fragment
thanksgiving/thanksgiving-leftover-recipes.html,thanksgiving/thanksgiving-leftover-recipes.html,no,merged,/Users/prashantdhingra/e/a3_output/happydeepawali.org/output/content/thanksgiving/footer.fragment
chinese-new-year/chinese-new-year-2026.html,chinese-new-year/index.html,yes,merged,/Users/prashantdhingra/e/a3_output/happydeepawali.org/output/content/chinese-new-year/footer.fragment
chinese-new-year/chinese-new-year-2026-main.html,chinese-new-year/chinese-new-year-horse-2026.html,yes,merged,/Users/prashantdhingra/e/a3_output/happydeepawali.org/output/content/chinese-new-year/footer.fragment
fashion-jewelry-mehndi-and-festive-style/diwali-artificial-jewelry-ideas.html,fashion-jewelry-mehndi-and-festive-style/diwali-artificial-jewelry-ideas.html,no,merged,/Users/prashantdhingra/e/a3_output/happydeepawali.org/output/content/fashion-jewelry-mehndi-and-festive-style/footer.fragment
fashion-jewelry-mehndi-and-festive-style/index.html,fashion-jewelry-mehndi-and-festive-style/index.html,no,merged,/Users/prashantdhingra/e/a3_output/happydeepawali.org/output/content/fashion-jewelry-mehndi-and-festive-style/footer.fragment
fashion-jewelry-mehndi-and-festive-style/diwali-outfit-ideas-for-kids.html,fashion-jewelry-mehndi-and-festive-style/diwali-outfit-ideas-for-kids.html,no,merged,/Users/prashantdhingra/e/a3_output/happydeepawali.org/output/content/fashion-jewelry-mehndi-and-festive-style/footer.fragment
fashion-jewelry-mehndi-and-festive-style/diwali-kurta-pajama-ideas-for-men.html,fashion-jewelry-mehndi-and-festive-style/diwali-kurta-pajama-ideas-for-men.html,no,merged,/Users/prashantdhingra/e/a3_output/happydeepawali.org/output/content/fashion-jewelry-mehndi-and-festive-style/footer.fragment
fashion-jewelry-mehndi-and-festive-style/what-to-wear-for-diwali-complete-festive-fashion-guide.html,fashion-jewelry-mehndi-and-festive-style/what-to-wear-for-diwali-complete-festive-fashion-guide.html,no,merged,/Users/prashantdhingra/e/a3_output/happydeepawali.org/output/content/fashion-jewelry-mehndi-and-festive-style/footer.fragment
fashion-jewelry-mehndi-and-festive-style/diwali-hairstyle-ideas-for-women.html,fashion-jewelry-mehndi-and-festive-style/diwali-hairstyle-ideas-for-women.html,no,merged,/Users/prashantdhingra/e/a3_output/happydeepawali.org/output/content/fashion-jewelry-mehndi-and-festive-style/footer.fragment
fashion-jewelry-mehndi-and-festive-style/diwali-nail-art-ideas.html,fashion-jewelry-mehndi-and-festive-style/diwali-nail-art-ideas.html,no,merged,/Users/prashantdhingra/e/a3_output/happydeepawali.org/output/content/fashion-jewelry-mehndi-and-festive-style/footer.fragment
fashion-jewelry-mehndi-and-festive-style/diwali-gold-jewelry-styling-ideas.html,fashion-jewelry-mehndi-and-festive-style/diwali-gold-jewelry-styling-ideas.html,no,merged,/Users/prashantdhingra/e/a3_output/happydeepawali.org/output/content/fashion-jewelry-mehndi-and-festive-style/footer.fragment
fashion-jewelry-mehndi-and-festive-style/diwali-makeup-ideas-for-a-festive-look.html,fashion-jewelry-mehndi-and-festive-style/diwali-makeup-ideas-for-a-festive-look.html,no,merged,/Users/prashantdhingra/e/a3_output/happydeepawali.org/output/content/fashion-jewelry-mehndi-and-festive-style/footer.fragment
fashion-jewelry-mehndi-and-festive-style/simple-diwali-mehndi-designs-for-beginners.html,fashion-jewelry-mehndi-and-festive-style/simple-diwali-mehndi-designs-for-beginners.html,no,merged,/Users/prashantdhingra/e/a3_output/happydeepawali.org/output/content/fashion-jewelry-mehndi-and-festive-style/footer.fragment
fashion-jewelry-mehndi-and-festive-style/diwali-outfit-ideas-for-men.html,fashion-jewelry-mehndi-and-festive-style/diwali-outfit-ideas-for-men.html,no,merged,/Users/prashantdhingra/e/a3_output/happydeepawali.org/output/content/fashion-jewelry-mehndi-and-festive-style/footer.fragment
fashion-jewelry-mehndi-and-festive-style/diwali-salwar-suit-and-anarkali-ideas.html,fashion-jewelry-mehndi-and-festive-style/diwali-salwar-suit-and-anarkali-ideas.html,no,merged,/Users/prashantdhingra/e/a3_output/happydeepawali.org/output/content/fashion-jewelry-mehndi-and-festive-style/footer.fragment
fashion-jewelry-mehndi-and-festive-style/diwali-lehenga-ideas.html,fashion-jewelry-mehndi-and-festive-style/diwali-lehenga-ideas.html,no,merged,/Users/prashantdhingra/e/a3_output/happydeepawali.org/output/content/fashion-jewelry-mehndi-and-festive-style/footer.fragment
fashion-jewelry-mehndi-and-festive-style/family-matching-outfit-ideas-for-diwali.html,fashion-jewelry-mehndi-and-festive-style/family-matching-outfit-ideas-for-diwali.html,no,merged,/Users/prashantdhingra/e/a3_output/happydeepawali.org/output/content/fashion-jewelry-mehndi-and-festive-style/footer.fragment
fashion-jewelry-mehndi-and-festive-style/diwali-footwear-ideas-for-traditional-outfits.html,fashion-jewelry-mehndi-and-festive-style/diwali-footwear-ideas-for-traditional-outfits.html,no,merged,/Users/prashantdhingra/e/a3_output/happydeepawali.org/output/content/fashion-jewelry-mehndi-and-festive-style/footer.fragment
fashion-jewelry-mehndi-and-festive-style/diwali-mehndi-designs-for-hands.html,fashion-jewelry-mehndi-and-festive-style/diwali-mehndi-designs-for-hands.html,no,merged,/Users/prashantdhingra/e/a3_output/happydeepawali.org/output/content/fashion-jewelry-mehndi-and-festive-style/footer.fragment
fashion-jewelry-mehndi-and-festive-style/diwali-saree-ideas-for-women.html,fashion-jewelry-mehndi-and-festive-style/diwali-saree-ideas-for-women.html,no,merged,/Users/prashantdhingra/e/a3_output/happydeepawali.org/output/content/fashion-jewelry-mehndi-and-festive-style/footer.fragment
fashion-jewelry-mehndi-and-festive-style/office-diwali-outfit-ideas.html,fashion-jewelry-mehndi-and-festive-style/office-diwali-outfit-ideas.html,no,merged,/Users/prashantdhingra/e/a3_output/happydeepawali.org/output/content/fashion-jewelry-mehndi-and-festive-style/footer.fragment
fashion-jewelry-mehndi-and-festive-style/diwali-fashion-color-ideas-and-their-festive-appeal.html,fashion-jewelry-mehndi-and-festive-style/diwali-fashion-color-ideas-and-their-festive-appeal.html,no,merged,/Users/prashantdhingra/e/a3_output/happydeepawali.org/output/content/fashion-jewelry-mehndi-and-festive-style/footer.fragment
fashion-jewelry-mehndi-and-festive-style/diwali-jewelry-ideas-for-traditional-and-modern-looks.html,fashion-jewelry-mehndi-and-festive-style/diwali-jewelry-ideas-for-traditional-and-modern-looks.html,no,merged,/Users/prashantdhingra/e/a3_output/happydeepawali.org/output/content/fashion-jewelry-mehndi-and-festive-style/footer.fragment
fashion-jewelry-mehndi-and-festive-style/how-to-build-a-complete-diwali-look-on-a-budget.html,fashion-jewelry-mehndi-and-festive-style/how-to-build-a-complete-diwali-look-on-a-budget.html,no,merged,/Users/prashantdhingra/e/a3_output/happydeepawali.org/output/content/fashion-jewelry-mehndi-and-festive-style/footer.fragment
sweets-snacks-festive-meals-and-recipes/index.html,sweets-snacks-festive-meals-and-recipes/index.html,no,merged,/Users/prashantdhingra/e/a3_output/happydeepawali.org/output/content/sweets-snacks-festive-meals-and-recipes/footer.fragment
sweets-snacks-festive-meals-and-recipes/kaju-katli-recipe-for-diwali.html,sweets-snacks-festive-meals-and-recipes/kaju-katli-recipe-for-diwali.html,no,merged,/Users/prashantdhingra/e/a3_output/happydeepawali.org/output/content/sweets-snacks-festive-meals-and-recipes/footer.fragment
sweets-snacks-festive-meals-and-recipes/diwali-faral-complete-maharashtrian-snack-guide.html,sweets-snacks-festive-meals-and-recipes/diwali-faral-complete-maharashtrian-snack-guide.html,no,merged,/Users/prashantdhingra/e/a3_output/happydeepawali.org/output/content/sweets-snacks-festive-meals-and-recipes/footer.fragment
sweets-snacks-festive-meals-and-recipes/diwali-food-gift-box-ideas.html,sweets-snacks-festive-meals-and-recipes/diwali-food-gift-box-ideas.html,no,merged,/Users/prashantdhingra/e/a3_output/happydeepawali.org/output/content/sweets-snacks-festive-meals-and-recipes/footer.fragment
sweets-snacks-festive-meals-and-recipes/gulab-jamun-recipe-for-diwali.html,sweets-snacks-festive-meals-and-recipes/gulab-jamun-recipe-for-diwali.html,no,merged,/Users/prashantdhingra/e/a3_output/happydeepawali.org/output/content/sweets-snacks-festive-meals-and-recipes/footer.fragment
sweets-snacks-festive-meals-and-recipes/mathri-recipe-for-diwali.html,sweets-snacks-festive-meals-and-recipes/mathri-recipe-for-diwali.html,no,merged,/Users/prashantdhingra/e/a3_output/happydeepawali.org/output/content/sweets-snacks-festive-meals-and-recipes/footer.fragment
sweets-snacks-festive-meals-and-recipes/namak-pare-recipe-for-diwali.html,sweets-snacks-festive-meals-and-recipes/namak-pare-recipe-for-diwali.html,no,merged,/Users/prashantdhingra/e/a3_output/happydeepawali.org/output/content/sweets-snacks-festive-meals-and-recipes/footer.fragment
sweets-snacks-festive-meals-and-recipes/south-indian-deepavali-sweets-and-snacks.html,sweets-snacks-festive-meals-and-recipes/south-indian-deepavali-sweets-and-snacks.html,no,merged,/Users/prashantdhingra/e/a3_output/happydeepawali.org/output/content/sweets-snacks-festive-meals-and-recipes/footer.fragment
sweets-snacks-festive-meals-and-recipes/bengali-sweets-for-kali-puja-and-diwali.html,sweets-snacks-festive-meals-and-recipes/bengali-sweets-for-kali-puja-and-diwali.html,no,merged,/Users/prashantdhingra/e/a3_output/happydeepawali.org/output/content/sweets-snacks-festive-meals-and-recipes/footer.fragment
sweets-snacks-festive-meals-and-recipes/diwali-potluck-menu-ideas.html,sweets-snacks-festive-meals-and-recipes/diwali-potluck-menu-ideas.html,no,merged,/Users/prashantdhingra/e/a3_output/happydeepawali.org/output/content/sweets-snacks-festive-meals-and-recipes/footer.fragment
sweets-snacks-festive-meals-and-recipes/jalebi-recipe-for-diwali.html,sweets-snacks-festive-meals-and-recipes/jalebi-recipe-for-diwali.html,no,merged,/Users/prashantdhingra/e/a3_output/happydeepawali.org/output/content/sweets-snacks-festive-meals-and-recipes/footer.fragment
sweets-snacks-festive-meals-and-recipes/traditional-diwali-sweets-complete-guide-to-mithai.html,sweets-snacks-festive-meals-and-recipes/traditional-diwali-sweets-complete-guide-to-mithai.html,no,merged,/Users/prashantdhingra/e/a3_output/happydeepawali.org/output/content/sweets-snacks-festive-meals-and-recipes/footer.fragment
sweets-snacks-festive-meals-and-recipes/chakli-recipe-for-diwali.html,sweets-snacks-festive-meals-and-recipes/chakli-recipe-for-diwali.html,no,merged,/Users/prashantdhingra/e/a3_output/happydeepawali.org/output/content/sweets-snacks-festive-meals-and-recipes/footer.fragment
sweets-snacks-festive-meals-and-recipes/diwali-ladoo-recipes-besan-motichoor-coconut-and-more.html,sweets-snacks-festive-meals-and-recipes/diwali-ladoo-recipes-besan-motichoor-coconut-and-more.html,no,merged,/Users/prashantdhingra/e/a3_output/happydeepawali.org/output/content/sweets-snacks-festive-meals-and-recipes/footer.fragment
sweets-snacks-festive-meals-and-recipes/barfi-recipes-for-diwali.html,sweets-snacks-festive-meals-and-recipes/barfi-recipes-for-diwali.html,no,merged,/Users/prashantdhingra/e/a3_output/happydeepawali.org/output/content/sweets-snacks-festive-meals-and-recipes/footer.fragment
sweets-snacks-festive-meals-and-recipes/traditional-gujarati-diwali-snacks.html,sweets-snacks-festive-meals-and-recipes/traditional-gujarati-diwali-snacks.html,no,merged,/Users/prashantdhingra/e/a3_output/happydeepawali.org/output/content/sweets-snacks-festive-meals-and-recipes/footer.fragment
sweets-snacks-festive-meals-and-recipes/healthy-diwali-sweet-and-snack-ideas.html,sweets-snacks-festive-meals-and-recipes/healthy-diwali-sweet-and-snack-ideas.html,no,merged,/Users/prashantdhingra/e/a3_output/happydeepawali.org/output/content/sweets-snacks-festive-meals-and-recipes/footer.fragment
sweets-snacks-festive-meals-and-recipes/20-easy-diwali-sweets-you-can-make-at-home.html,sweets-snacks-festive-meals-and-recipes/20-easy-diwali-sweets-you-can-make-at-home.html,no,merged,/Users/prashantdhingra/e/a3_output/happydeepawali.org/output/content/sweets-snacks-festive-meals-and-recipes/footer.fragment
sweets-snacks-festive-meals-and-recipes/chivda-recipe-for-diwali.html,sweets-snacks-festive-meals-and-recipes/chivda-recipe-for-diwali.html,no,merged,/Users/prashantdhingra/e/a3_output/happydeepawali.org/output/content/sweets-snacks-festive-meals-and-recipes/footer.fragment
sweets-snacks-festive-meals-and-recipes/diwali-dinner-menu-for-family-gatherings.html,sweets-snacks-festive-meals-and-recipes/diwali-dinner-menu-for-family-gatherings.html,no,merged,/Users/prashantdhingra/e/a3_output/happydeepawali.org/output/content/sweets-snacks-festive-meals-and-recipes/footer.fragment
sweets-snacks-festive-meals-and-recipes/shankarpali-recipe-for-diwali.html,sweets-snacks-festive-meals-and-recipes/shankarpali-recipe-for-diwali.html,no,merged,/Users/prashantdhingra/e/a3_output/happydeepawali.org/output/content/sweets-snacks-festive-meals-and-recipes/footer.fragment
durga-puja/kumartuli-kolkata-idol-makers.html,durga-puja/kumartuli-kolkata-idol-makers.html,no,merged,/Users/prashantdhingra/e/a3_output/happydeepawali.org/output/content/durga-puja/footer.fragment
durga-puja/sandhi-puja-ashtami-navami.html,durga-puja/sandhi-puja-ashtami-navami.html,no,merged,/Users/prashantdhingra/e/a3_output/happydeepawali.org/output/content/durga-puja/footer.fragment
durga-puja/eco-friendly-sustainable-durga-puja.html,durga-puja/eco-friendly-sustainable-durga-puja.html,no,merged,/Users/prashantdhingra/e/a3_output/happydeepawali.org/output/content/durga-puja/footer.fragment
durga-puja/index.html,durga-puja/index.html,no,merged,/Users/prashantdhingra/e/a3_output/happydeepawali.org/output/content/durga-puja/footer.fragment
durga-puja/mahalaya-chandi-path-birendra-krishna-bhadra.html,durga-puja/mahalaya-chandi-path-birendra-krishna-bhadra.html,no,merged,/Users/prashantdhingra/e/a3_output/happydeepawali.org/output/content/durga-puja/footer.fragment
durga-puja/navapatrika-kola-bou-symbolism.html,durga-puja/navapatrika-kola-bou-symbolism.html,no,merged,/Users/prashantdhingra/e/a3_output/happydeepawali.org/output/content/durga-puja/footer.fragment
durga-puja/durga-puja-festival-economy.html,durga-puja/durga-puja-festival-economy.html,no,merged,/Users/prashantdhingra/e/a3_output/happydeepawali.org/output/content/durga-puja/footer.fragment
durga-puja/sindoor-khela-vijayadashami.html,durga-puja/sindoor-khela-vijayadashami.html,no,merged,/Users/prashantdhingra/e/a3_output/happydeepawali.org/output/content/durga-puja/footer.fragment
durga-puja/overview.html,durga-puja/overview.html,no,merged,/Users/prashantdhingra/e/a3_output/happydeepawali.org/output/content/durga-puja/footer.fragment
durga-puja/chandannagar-light-artists-durga-puja.html,durga-puja/chandannagar-light-artists-durga-puja.html,no,merged,/Users/prashantdhingra/e/a3_output/happydeepawali.org/output/content/durga-puja/footer.fragment
durga-puja/dhak-dhunuchi-sensory-durga-puja.html,durga-puja/dhak-dhunuchi-sensory-durga-puja.html,no,merged,/Users/prashantdhingra/e/a3_output/happydeepawali.org/output/content/durga-puja/footer.fragment
durga-puja/inclusive-modern-durga-puja-pandals.html,durga-puja/inclusive-modern-durga-puja-pandals.html,no,merged,/Users/prashantdhingra/e/a3_output/happydeepawali.org/output/content/durga-puja/footer.fragment
durga-puja/durga-puja-fashion-lal-par-fusion.html,durga-puja/durga-puja-fashion-lal-par-fusion.html,no,merged,/Users/prashantdhingra/e/a3_output/happydeepawali.org/output/content/durga-puja/footer.fragment
durga-puja/durga-puja-food-guide-bhog-street-food.html,durga-puja/durga-puja-food-guide-bhog-street-food.html,no,merged,/Users/prashantdhingra/e/a3_output/happydeepawali.org/output/content/durga-puja/footer.fragment
durga-puja/global-sharadotsav-bengali-diaspora.html,durga-puja/global-sharadotsav-bengali-diaspora.html,no,merged,/Users/prashantdhingra/e/a3_output/happydeepawali.org/output/content/durga-puja/footer.fragment
durga-puja/bonedi-bari-durga-puja-heritage.html,durga-puja/bonedi-bari-durga-puja-heritage.html,no,merged,/Users/prashantdhingra/e/a3_output/happydeepawali.org/output/content/durga-puja/footer.fragment
durga-puja/ten-weapons-goddess-durga-symbolism.html,durga-puja/ten-weapons-goddess-durga-symbolism.html,no,merged,/Users/prashantdhingra/e/a3_output/happydeepawali.org/output/content/durga-puja/footer.fragment
durga-puja/evolution-theme-pandals-durga-puja.html,durga-puja/evolution-theme-pandals-durga-puja.html,no,merged,/Users/prashantdhingra/e/a3_output/happydeepawali.org/output/content/durga-puja/footer.fragment
durga-puja/bodhon-chokhu-dan-durga-puja.html,durga-puja/bodhon-chokhu-dan-durga-puja.html,no,merged,/Users/prashantdhingra/e/a3_output/happydeepawali.org/output/content/durga-puja/footer.fragment
durga-puja/durga-puja-pandal-hopping-survival-guide.html,durga-puja/durga-puja-pandal-hopping-survival-guide.html,no,merged,/Users/prashantdhingra/e/a3_output/happydeepawali.org/output/content/durga-puja/footer.fragment
durga-puja/unesco-durga-puja-cultural-heritage.html,durga-puja/unesco-durga-puja-cultural-heritage.html,no,merged,/Users/prashantdhingra/e/a3_output/happydeepawali.org/output/content/durga-puja/footer.fragment
durga-puja/agamani-songs-durga-puja-nostalgia.html,durga-puja/agamani-songs-durga-puja-nostalgia.html,no,merged,/Users/prashantdhingra/e/a3_output/happydeepawali.org/output/content/durga-puja/footer.fragment
durga-puja/ultra-long-tail-seo-faqs-comparisons-and-micro-topics/what-should-you-wear-to-a-durga-puja-pandal.html,durga-puja/ultra-long-tail-seo-faqs-comparisons-and-micro-topics/what-should-you-wear-to-a-durga-puja-pandal.html,no,merged,/Users/prashantdhingra/e/a3_output/happydeepawali.org/output/content/durga-puja/ultra-long-tail-seo-faqs-comparisons-and-micro-topics/footer.fragment
durga-puja/ultra-long-tail-seo-faqs-comparisons-and-micro-topics/durga-puja-glossary-50-bengali-terms-rituals-and-traditions-explained.html,durga-puja/ultra-long-tail-seo-faqs-comparisons-and-micro-topics/durga-puja-glossary-50-bengali-terms-rituals-and-traditions-explained.html,no,merged,/Users/prashantdhingra/e/a3_output/happydeepawali.org/output/content/durga-puja/ultra-long-tail-seo-faqs-comparisons-and-micro-topics/footer.fragment
durga-puja/ultra-long-tail-seo-faqs-comparisons-and-micro-topics/durga-puja-vs-navratri-dates-rituals-and-cultural-differences.html,durga-puja/ultra-long-tail-seo-faqs-comparisons-and-micro-topics/durga-puja-vs-navratri-dates-rituals-and-cultural-differences.html,no,merged,/Users/prashantdhingra/e/a3_output/happydeepawali.org/output/content/durga-puja/ultra-long-tail-seo-faqs-comparisons-and-micro-topics/footer.fragment
durga-puja/ultra-long-tail-seo-faqs-comparisons-and-micro-topics/index.html,durga-puja/ultra-long-tail-seo-faqs-comparisons-and-micro-topics/index.html,no,merged,/Users/prashantdhingra/e/a3_output/happydeepawali.org/output/content/durga-puja/ultra-long-tail-seo-faqs-comparisons-and-micro-topics/footer.fragment
durga-puja/ultra-long-tail-seo-faqs-comparisons-and-micro-topics/why-is-sandhi-puja-performed-between-ashtami-and-navami.html,durga-puja/ultra-long-tail-seo-faqs-comparisons-and-micro-topics/why-is-sandhi-puja-performed-between-ashtami-and-navami.html,no,merged,/Users/prashantdhingra/e/a3_output/happydeepawali.org/output/content/durga-puja/ultra-long-tail-seo-faqs-comparisons-and-micro-topics/footer.fragment
durga-puja/ultra-long-tail-seo-faqs-comparisons-and-micro-topics/what-should-you-bring-to-durga-puja-anjali.html,durga-puja/ultra-long-tail-seo-faqs-comparisons-and-micro-topics/what-should-you-bring-to-durga-puja-anjali.html,no,merged,/Users/prashantdhingra/e/a3_output/happydeepawali.org/output/content/durga-puja/ultra-long-tail-seo-faqs-comparisons-and-micro-topics/footer.fragment
durga-puja/ultra-long-tail-seo-faqs-comparisons-and-micro-topics/why-is-dhunuchi-dance-performed-during-durga-puja.html,durga-puja/ultra-long-tail-seo-faqs-comparisons-and-micro-topics/why-is-dhunuchi-dance-performed-during-durga-puja.html,no,merged,/Users/prashantdhingra/e/a3_output/happydeepawali.org/output/content/durga-puja/ultra-long-tail-seo-faqs-comparisons-and-micro-topics/footer.fragment
durga-puja/ultra-long-tail-seo-faqs-comparisons-and-micro-topics/bonedi-bari-puja-vs-barowari-puja-what-is-the-difference.html,durga-puja/ultra-long-tail-seo-faqs-comparisons-and-micro-topics/bonedi-bari-puja-vs-barowari-puja-what-is-the-difference.html,no,merged,/Users/prashantdhingra/e/a3_output/happydeepawali.org/output/content/durga-puja/ultra-long-tail-seo-faqs-comparisons-and-micro-topics/footer.fragment
durga-puja/ultra-long-tail-seo-faqs-comparisons-and-micro-topics/why-is-nabapatrika-bathed-on-saptami.html,durga-puja/ultra-long-tail-seo-faqs-comparisons-and-micro-topics/why-is-nabapatrika-bathed-on-saptami.html,no,merged,/Users/prashantdhingra/e/a3_output/happydeepawali.org/output/content/durga-puja/ultra-long-tail-seo-faqs-comparisons-and-micro-topics/footer.fragment
durga-puja/ultra-long-tail-seo-faqs-comparisons-and-micro-topics/why-is-pushpanjali-offered-on-ashtami.html,durga-puja/ultra-long-tail-seo-faqs-comparisons-and-micro-topics/why-is-pushpanjali-offered-on-ashtami.html,no,merged,/Users/prashantdhingra/e/a3_output/happydeepawali.org/output/content/durga-puja/ultra-long-tail-seo-faqs-comparisons-and-micro-topics/footer.fragment
durga-puja/ultra-long-tail-seo-faqs-comparisons-and-micro-topics/100-durga-puja-questions-and-answers-complete-festival-faq.html,durga-puja/ultra-long-tail-seo-faqs-comparisons-and-micro-topics/100-durga-puja-questions-and-answers-complete-festival-faq.html,no,merged,/Users/prashantdhingra/e/a3_output/happydeepawali.org/output/content/durga-puja/ultra-long-tail-seo-faqs-comparisons-and-micro-topics/footer.fragment
durga-puja/ultra-long-tail-seo-faqs-comparisons-and-micro-topics/why-is-mahalaya-important-before-durga-puja.html,durga-puja/ultra-long-tail-seo-faqs-comparisons-and-micro-topics/why-is-mahalaya-important-before-durga-puja.html,no,merged,/Users/prashantdhingra/e/a3_output/happydeepawali.org/output/content/durga-puja/ultra-long-tail-seo-faqs-comparisons-and-micro-topics/footer.fragment
durga-puja/ultra-long-tail-seo-faqs-comparisons-and-micro-topics/why-is-dhak-played-during-durga-puja.html,durga-puja/ultra-long-tail-seo-faqs-comparisons-and-micro-topics/why-is-dhak-played-during-durga-puja.html,no,merged,/Users/prashantdhingra/e/a3_output/happydeepawali.org/output/content/durga-puja/ultra-long-tail-seo-faqs-comparisons-and-micro-topics/footer.fragment
durga-puja/ultra-long-tail-seo-faqs-comparisons-and-micro-topics/durga-puja-vs-dussehra-which-comes-first-and-how-are-they-connected.html,durga-puja/ultra-long-tail-seo-faqs-comparisons-and-micro-topics/durga-puja-vs-dussehra-which-comes-first-and-how-are-they-connected.html,no,merged,/Users/prashantdhingra/e/a3_output/happydeepawali.org/output/content/durga-puja/ultra-long-tail-seo-faqs-comparisons-and-micro-topics/footer.fragment
durga-puja/ultra-long-tail-seo-faqs-comparisons-and-micro-topics/can-durga-puja-be-celebrated-at-home.html,durga-puja/ultra-long-tail-seo-faqs-comparisons-and-micro-topics/can-durga-puja-be-celebrated-at-home.html,no,merged,/Users/prashantdhingra/e/a3_output/happydeepawali.org/output/content/durga-puja/ultra-long-tail-seo-faqs-comparisons-and-micro-topics/footer.fragment
durga-puja/ultra-long-tail-seo-faqs-comparisons-and-micro-topics/why-is-durga-puja-celebrated-for-five-main-days.html,durga-puja/ultra-long-tail-seo-faqs-comparisons-and-micro-topics/why-is-durga-puja-celebrated-for-five-main-days.html,no,merged,/Users/prashantdhingra/e/a3_output/happydeepawali.org/output/content/durga-puja/ultra-long-tail-seo-faqs-comparisons-and-micro-topics/footer.fragment
durga-puja/ultra-long-tail-seo-faqs-comparisons-and-micro-topics/why-is-sindoor-khela-performed-on-dashami.html,durga-puja/ultra-long-tail-seo-faqs-comparisons-and-micro-topics/why-is-sindoor-khela-performed-on-dashami.html,no,merged,/Users/prashantdhingra/e/a3_output/happydeepawali.org/output/content/durga-puja/ultra-long-tail-seo-faqs-comparisons-and-micro-topics/footer.fragment
durga-puja/ultra-long-tail-seo-faqs-comparisons-and-micro-topics/why-are-durga-idols-immersed-in-water.html,durga-puja/ultra-long-tail-seo-faqs-comparisons-and-micro-topics/why-are-durga-idols-immersed-in-water.html,no,merged,/Users/prashantdhingra/e/a3_output/happydeepawali.org/output/content/durga-puja/ultra-long-tail-seo-faqs-comparisons-and-micro-topics/footer.fragment
durga-puja/ultra-long-tail-seo-faqs-comparisons-and-micro-topics/what-is-the-best-time-to-visit-durga-puja-pandals.html,durga-puja/ultra-long-tail-seo-faqs-comparisons-and-micro-topics/what-is-the-best-time-to-visit-durga-puja-pandals.html,no,merged,/Users/prashantdhingra/e/a3_output/happydeepawali.org/output/content/durga-puja/ultra-long-tail-seo-faqs-comparisons-and-micro-topics/footer.fragment
durga-puja/ultra-long-tail-seo-faqs-comparisons-and-micro-topics/can-non-bengalis-attend-durga-puja-pandals.html,durga-puja/ultra-long-tail-seo-faqs-comparisons-and-micro-topics/can-non-bengalis-attend-durga-puja-pandals.html,no,merged,/Users/prashantdhingra/e/a3_output/happydeepawali.org/output/content/durga-puja/ultra-long-tail-seo-faqs-comparisons-and-micro-topics/footer.fragment
durga-puja/ultra-long-tail-seo-faqs-comparisons-and-micro-topics/what-is-the-difference-between-mahalaya-and-mahashasthi.html,durga-puja/ultra-long-tail-seo-faqs-comparisons-and-micro-topics/what-is-the-difference-between-mahalaya-and-mahashasthi.html,no,merged,/Users/prashantdhingra/e/a3_output/happydeepawali.org/output/content/durga-puja/ultra-long-tail-seo-faqs-comparisons-and-micro-topics/footer.fragment
durga-puja/mahalaya-bodhan-saptami-ashtami-navami-dashami/bijoya-dashami-greetings-visits-and-family-traditions.html,durga-puja/mahalaya-bodhan-saptami-ashtami-navami-dashami/bijoya-dashami-greetings-visits-and-family-traditions.html,no,merged,/Users/prashantdhingra/e/a3_output/happydeepawali.org/output/content/durga-puja/mahalaya-bodhan-saptami-ashtami-navami-dashami/footer.fragment
durga-puja/mahalaya-bodhan-saptami-ashtami-navami-dashami/mahalaya-meaning-traditions-and-why-it-marks-the-start-of-durga-puja-season.html,durga-puja/mahalaya-bodhan-saptami-ashtami-navami-dashami/mahalaya-meaning-traditions-and-why-it-marks-the-start-of-durga-puja-season.html,no,merged,/Users/prashantdhingra/e/a3_output/happydeepawali.org/output/content/durga-puja/mahalaya-bodhan-saptami-ashtami-navami-dashami/footer.fragment
durga-puja/mahalaya-bodhan-saptami-ashtami-navami-dashami/index.html,durga-puja/mahalaya-bodhan-saptami-ashtami-navami-dashami/index.html,no,merged,/Users/prashantdhingra/e/a3_output/happydeepawali.org/output/content/durga-puja/mahalaya-bodhan-saptami-ashtami-navami-dashami/footer.fragment
durga-puja/mahalaya-bodhan-saptami-ashtami-navami-dashami/what-happens-after-durga-visarjan.html,durga-puja/mahalaya-bodhan-saptami-ashtami-navami-dashami/what-happens-after-durga-visarjan.html,no,merged,/Users/prashantdhingra/e/a3_output/happydeepawali.org/output/content/durga-puja/mahalaya-bodhan-saptami-ashtami-navami-dashami/footer.fragment
durga-puja/mahalaya-bodhan-saptami-ashtami-navami-dashami/maha-ashtami-why-it-is-one-of-the-most-important-days-of-durga-puja.html,durga-puja/mahalaya-bodhan-saptami-ashtami-navami-dashami/maha-ashtami-why-it-is-one-of-the-most-important-days-of-durga-puja.html,no,merged,/Users/prashantdhingra/e/a3_output/happydeepawali.org/output/content/durga-puja/mahalaya-bodhan-saptami-ashtami-navami-dashami/footer.fragment
durga-puja/mahalaya-bodhan-saptami-ashtami-navami-dashami/navami-homa-meaning-and-ritual-importance.html,durga-puja/mahalaya-bodhan-saptami-ashtami-navami-dashami/navami-homa-meaning-and-ritual-importance.html,no,merged,/Users/prashantdhingra/e/a3_output/happydeepawali.org/output/content/durga-puja/mahalaya-bodhan-saptami-ashtami-navami-dashami/footer.fragment
durga-puja/mahalaya-bodhan-saptami-ashtami-navami-dashami/what-is-bodhan-in-durga-puja.html,durga-puja/mahalaya-bodhan-saptami-ashtami-navami-dashami/what-is-bodhan-in-durga-puja.html,no,merged,/Users/prashantdhingra/e/a3_output/happydeepawali.org/output/content/durga-puja/mahalaya-bodhan-saptami-ashtami-navami-dashami/footer.fragment
durga-puja/mahalaya-bodhan-saptami-ashtami-navami-dashami/kalparambha-and-bodhan-how-durga-puja-rituals-begin.html,durga-puja/mahalaya-bodhan-saptami-ashtami-navami-dashami/kalparambha-and-bodhan-how-durga-puja-rituals-begin.html,no,merged,/Users/prashantdhingra/e/a3_output/happydeepawali.org/output/content/durga-puja/mahalaya-bodhan-saptami-ashtami-navami-dashami/footer.fragment
durga-puja/mahalaya-bodhan-saptami-ashtami-navami-dashami/anjali-on-durga-ashtami-meaning-and-how-the-ritual-is-performed.html,durga-puja/mahalaya-bodhan-saptami-ashtami-navami-dashami/anjali-on-durga-ashtami-meaning-and-how-the-ritual-is-performed.html,no,merged,/Users/prashantdhingra/e/a3_output/happydeepawali.org/output/content/durga-puja/mahalaya-bodhan-saptami-ashtami-navami-dashami/footer.fragment
durga-puja/mahalaya-bodhan-saptami-ashtami-navami-dashami/mahishasura-mardini-on-mahalaya-cultural-meaning-and-tradition.html,durga-puja/mahalaya-bodhan-saptami-ashtami-navami-dashami/mahishasura-mardini-on-mahalaya-cultural-meaning-and-tradition.html,no,merged,/Users/prashantdhingra/e/a3_output/happydeepawali.org/output/content/durga-puja/mahalaya-bodhan-saptami-ashtami-navami-dashami/footer.fragment
durga-puja/mahalaya-bodhan-saptami-ashtami-navami-dashami/maha-navami-rituals-bhog-and-celebration-traditions.html,durga-puja/mahalaya-bodhan-saptami-ashtami-navami-dashami/maha-navami-rituals-bhog-and-celebration-traditions.html,no,merged,/Users/prashantdhingra/e/a3_output/happydeepawali.org/output/content/durga-puja/mahalaya-bodhan-saptami-ashtami-navami-dashami/footer.fragment
durga-puja/mahalaya-bodhan-saptami-ashtami-navami-dashami/durga-puja-ritual-calendar-what-happens-on-each-day.html,durga-puja/mahalaya-bodhan-saptami-ashtami-navami-dashami/durga-puja-ritual-calendar-what-happens-on-each-day.html,no,merged,/Users/prashantdhingra/e/a3_output/happydeepawali.org/output/content/durga-puja/mahalaya-bodhan-saptami-ashtami-navami-dashami/footer.fragment
durga-puja/mahalaya-bodhan-saptami-ashtami-navami-dashami/vijayadashami-meaning-and-the-final-day-of-durga-puja.html,durga-puja/mahalaya-bodhan-saptami-ashtami-navami-dashami/vijayadashami-meaning-and-the-final-day-of-durga-puja.html,no,merged,/Users/prashantdhingra/e/a3_output/happydeepawali.org/output/content/durga-puja/mahalaya-bodhan-saptami-ashtami-navami-dashami/footer.fragment
durga-puja/mahalaya-bodhan-saptami-ashtami-navami-dashami/mahalaya-to-dashami-10-essential-durga-puja-traditions-explained.html,durga-puja/mahalaya-bodhan-saptami-ashtami-navami-dashami/mahalaya-to-dashami-10-essential-durga-puja-traditions-explained.html,no,merged,/Users/prashantdhingra/e/a3_output/happydeepawali.org/output/content/durga-puja/mahalaya-bodhan-saptami-ashtami-navami-dashami/footer.fragment
durga-puja/mahalaya-bodhan-saptami-ashtami-navami-dashami/sindoor-khela-on-vijayadashami-tradition-and-cultural-meaning.html,durga-puja/mahalaya-bodhan-saptami-ashtami-navami-dashami/sindoor-khela-on-vijayadashami-tradition-and-cultural-meaning.html,no,merged,/Users/prashantdhingra/e/a3_output/happydeepawali.org/output/content/durga-puja/mahalaya-bodhan-saptami-ashtami-navami-dashami/footer.fragment
durga-puja/mahalaya-bodhan-saptami-ashtami-navami-dashami/maha-saptami-rituals-nabapatrika-and-significance.html,durga-puja/mahalaya-bodhan-saptami-ashtami-navami-dashami/maha-saptami-rituals-nabapatrika-and-significance.html,no,merged,/Users/prashantdhingra/e/a3_output/happydeepawali.org/output/content/durga-puja/mahalaya-bodhan-saptami-ashtami-navami-dashami/footer.fragment
durga-puja/mahalaya-bodhan-saptami-ashtami-navami-dashami/durga-puja-day-by-day-guide-for-first-time-visitors.html,durga-puja/mahalaya-bodhan-saptami-ashtami-navami-dashami/durga-puja-day-by-day-guide-for-first-time-visitors.html,no,merged,/Users/prashantdhingra/e/a3_output/happydeepawali.org/output/content/durga-puja/mahalaya-bodhan-saptami-ashtami-navami-dashami/footer.fragment
durga-puja/mahalaya-bodhan-saptami-ashtami-navami-dashami/kumari-puja-meaning-tradition-and-cultural-context.html,durga-puja/mahalaya-bodhan-saptami-ashtami-navami-dashami/kumari-puja-meaning-tradition-and-cultural-context.html,no,merged,/Users/prashantdhingra/e/a3_output/happydeepawali.org/output/content/durga-puja/mahalaya-bodhan-saptami-ashtami-navami-dashami/footer.fragment
durga-puja/mahalaya-bodhan-saptami-ashtami-navami-dashami/nabapatrika-or-kola-bou-meaning-and-rituals.html,durga-puja/mahalaya-bodhan-saptami-ashtami-navami-dashami/nabapatrika-or-kola-bou-meaning-and-rituals.html,no,merged,/Users/prashantdhingra/e/a3_output/happydeepawali.org/output/content/durga-puja/mahalaya-bodhan-saptami-ashtami-navami-dashami/footer.fragment
durga-puja/mahalaya-bodhan-saptami-ashtami-navami-dashami/durga-visarjan-meaning-procession-and-farewell-rituals.html,durga-puja/mahalaya-bodhan-saptami-ashtami-navami-dashami/durga-visarjan-meaning-procession-and-farewell-rituals.html,no,merged,/Users/prashantdhingra/e/a3_output/happydeepawali.org/output/content/durga-puja/mahalaya-bodhan-saptami-ashtami-navami-dashami/footer.fragment
durga-puja/mahalaya-bodhan-saptami-ashtami-navami-dashami/sandhi-puja-meaning-timing-and-significance.html,durga-puja/mahalaya-bodhan-saptami-ashtami-navami-dashami/sandhi-puja-meaning-timing-and-significance.html,no,merged,/Users/prashantdhingra/e/a3_output/happydeepawali.org/output/content/durga-puja/mahalaya-bodhan-saptami-ashtami-navami-dashami/footer.fragment
durga-puja/foundation-history-meaning-and-core-traditions/why-is-mahishasura-shown-beneath-durga.html,durga-puja/foundation-history-meaning-and-core-traditions/why-is-mahishasura-shown-beneath-durga.html,no,merged,/Users/prashantdhingra/e/a3_output/happydeepawali.org/output/content/durga-puja/foundation-history-meaning-and-core-traditions/footer.fragment
durga-puja/foundation-history-meaning-and-core-traditions/index.html,durga-puja/foundation-history-meaning-and-core-traditions/index.html,no,merged,/Users/prashantdhingra/e/a3_output/happydeepawali.org/output/content/durga-puja/foundation-history-meaning-and-core-traditions/footer.fragment
durga-puja/foundation-history-meaning-and-core-traditions/the-story-of-durga-and-mahishasura.html,durga-puja/foundation-history-meaning-and-core-traditions/the-story-of-durga-and-mahishasura.html,no,merged,/Users/prashantdhingra/e/a3_output/happydeepawali.org/output/content/durga-puja/foundation-history-meaning-and-core-traditions/footer.fragment
durga-puja/foundation-history-meaning-and-core-traditions/what-happens-during-durga-puja-rituals-food-pandal-visits-and-family-traditions.html,durga-puja/foundation-history-meaning-and-core-traditions/what-happens-during-durga-puja-rituals-food-pandal-visits-and-family-traditions.html,no,merged,/Users/prashantdhingra/e/a3_output/happydeepawali.org/output/content/durga-puja/foundation-history-meaning-and-core-traditions/footer.fragment
durga-puja/foundation-history-meaning-and-core-traditions/50-frequently-asked-questions-about-durga-puja.html,durga-puja/foundation-history-meaning-and-core-traditions/50-frequently-asked-questions-about-durga-puja.html,no,merged,/Users/prashantdhingra/e/a3_output/happydeepawali.org/output/content/durga-puja/foundation-history-meaning-and-core-traditions/footer.fragment
durga-puja/foundation-history-meaning-and-core-traditions/why-does-durga-have-ten-arms.html,durga-puja/foundation-history-meaning-and-core-traditions/why-does-durga-have-ten-arms.html,no,merged,/Users/prashantdhingra/e/a3_output/happydeepawali.org/output/content/durga-puja/foundation-history-meaning-and-core-traditions/footer.fragment
durga-puja/foundation-history-meaning-and-core-traditions/why-is-durga-puja-celebrated-in-autumn.html,durga-puja/foundation-history-meaning-and-core-traditions/why-is-durga-puja-celebrated-in-autumn.html,no,merged,/Users/prashantdhingra/e/a3_output/happydeepawali.org/output/content/durga-puja/foundation-history-meaning-and-core-traditions/footer.fragment
durga-puja/foundation-history-meaning-and-core-traditions/durga-puja-for-beginners-everything-you-need-to-know.html,durga-puja/foundation-history-meaning-and-core-traditions/durga-puja-for-beginners-everything-you-need-to-know.html,no,merged,/Users/prashantdhingra/e/a3_output/happydeepawali.org/output/content/durga-puja/foundation-history-meaning-and-core-traditions/footer.fragment
durga-puja/foundation-history-meaning-and-core-traditions/durga-puja-complete-guide-to-history-meaning-traditions-and-celebration.html,durga-puja/foundation-history-meaning-and-core-traditions/durga-puja-complete-guide-to-history-meaning-traditions-and-celebration.html,no,merged,/Users/prashantdhingra/e/a3_output/happydeepawali.org/output/content/durga-puja/foundation-history-meaning-and-core-traditions/footer.fragment
durga-puja/foundation-history-meaning-and-core-traditions/mahalaya-to-vijayadashami-complete-durga-puja-timeline.html,durga-puja/foundation-history-meaning-and-core-traditions/mahalaya-to-vijayadashami-complete-durga-puja-timeline.html,no,merged,/Users/prashantdhingra/e/a3_output/happydeepawali.org/output/content/durga-puja/foundation-history-meaning-and-core-traditions/footer.fragment
durga-puja/foundation-history-meaning-and-core-traditions/how-durga-puja-became-a-major-festival-in-bengal.html,durga-puja/foundation-history-meaning-and-core-traditions/how-durga-puja-became-a-major-festival-in-bengal.html,no,merged,/Users/prashantdhingra/e/a3_output/happydeepawali.org/output/content/durga-puja/foundation-history-meaning-and-core-traditions/footer.fragment
durga-puja/foundation-history-meaning-and-core-traditions/how-durga-puja-has-changed-from-family-puja-to-community-celebration.html,durga-puja/foundation-history-meaning-and-core-traditions/how-durga-puja-has-changed-from-family-puja-to-community-celebration.html,no,merged,/Users/prashantdhingra/e/a3_output/happydeepawali.org/output/content/durga-puja/foundation-history-meaning-and-core-traditions/footer.fragment
durga-puja/foundation-history-meaning-and-core-traditions/durga-puja-symbols-and-their-meanings.html,durga-puja/foundation-history-meaning-and-core-traditions/durga-puja-symbols-and-their-meanings.html,no,merged,/Users/prashantdhingra/e/a3_output/happydeepawali.org/output/content/durga-puja/foundation-history-meaning-and-core-traditions/footer.fragment
durga-puja/foundation-history-meaning-and-core-traditions/durga-puja-etiquette-for-first-time-visitors.html,durga-puja/foundation-history-meaning-and-core-traditions/durga-puja-etiquette-for-first-time-visitors.html,no,merged,/Users/prashantdhingra/e/a3_output/happydeepawali.org/output/content/durga-puja/foundation-history-meaning-and-core-traditions/footer.fragment
durga-puja/foundation-history-meaning-and-core-traditions/durga-puja-myths-vs-facts.html,durga-puja/foundation-history-meaning-and-core-traditions/durga-puja-myths-vs-facts.html,no,merged,/Users/prashantdhingra/e/a3_output/happydeepawali.org/output/content/durga-puja/foundation-history-meaning-and-core-traditions/footer.fragment
durga-puja/foundation-history-meaning-and-core-traditions/durga-puja-vs-dussehra-how-the-festivals-are-related.html,durga-puja/foundation-history-meaning-and-core-traditions/durga-puja-vs-dussehra-how-the-festivals-are-related.html,no,merged,/Users/prashantdhingra/e/a3_output/happydeepawali.org/output/content/durga-puja/foundation-history-meaning-and-core-traditions/footer.fragment
durga-puja/foundation-history-meaning-and-core-traditions/why-is-durga-puja-celebrated-history-mythology-and-cultural-significance.html,durga-puja/foundation-history-meaning-and-core-traditions/why-is-durga-puja-celebrated-history-mythology-and-cultural-significance.html,no,merged,/Users/prashantdhingra/e/a3_output/happydeepawali.org/output/content/durga-puja/foundation-history-meaning-and-core-traditions/footer.fragment
durga-puja/foundation-history-meaning-and-core-traditions/who-is-goddess-durga-meaning-forms-and-symbolism.html,durga-puja/foundation-history-meaning-and-core-traditions/who-is-goddess-durga-meaning-forms-and-symbolism.html,no,merged,/Users/prashantdhingra/e/a3_output/happydeepawali.org/output/content/durga-puja/foundation-history-meaning-and-core-traditions/footer.fragment
durga-puja/foundation-history-meaning-and-core-traditions/the-five-main-days-of-durga-puja-explained.html,durga-puja/foundation-history-meaning-and-core-traditions/the-five-main-days-of-durga-puja-explained.html,no,merged,/Users/prashantdhingra/e/a3_output/happydeepawali.org/output/content/durga-puja/foundation-history-meaning-and-core-traditions/footer.fragment
durga-puja/foundation-history-meaning-and-core-traditions/what-do-durgas-weapons-symbolize.html,durga-puja/foundation-history-meaning-and-core-traditions/what-do-durgas-weapons-symbolize.html,no,merged,/Users/prashantdhingra/e/a3_output/happydeepawali.org/output/content/durga-puja/foundation-history-meaning-and-core-traditions/footer.fragment
durga-puja/foundation-history-meaning-and-core-traditions/durga-puja-vs-navratri-what-is-the-difference.html,durga-puja/foundation-history-meaning-and-core-traditions/durga-puja-vs-navratri-what-is-the-difference.html,no,merged,/Users/prashantdhingra/e/a3_output/happydeepawali.org/output/content/durga-puja/foundation-history-meaning-and-core-traditions/footer.fragment
durga-puja/kolkata-and-west-bengal-regional-traditions/durga-puja-in-bardhaman-local-pujas-and-community-celebrations.html,durga-puja/kolkata-and-west-bengal-regional-traditions/durga-puja-in-bardhaman-local-pujas-and-community-celebrations.html,no,merged,/Users/prashantdhingra/e/a3_output/happydeepawali.org/output/content/durga-puja/kolkata-and-west-bengal-regional-traditions/footer.fragment
durga-puja/kolkata-and-west-bengal-regional-traditions/durga-puja-in-midnapore-regional-customs-and-pandal-culture.html,durga-puja/kolkata-and-west-bengal-regional-traditions/durga-puja-in-midnapore-regional-customs-and-pandal-culture.html,no,merged,/Users/prashantdhingra/e/a3_output/happydeepawali.org/output/content/durga-puja/kolkata-and-west-bengal-regional-traditions/footer.fragment
durga-puja/kolkata-and-west-bengal-regional-traditions/kumartuli-durga-puja-artisans-idols-and-neighborhood-culture.html,durga-puja/kolkata-and-west-bengal-regional-traditions/kumartuli-durga-puja-artisans-idols-and-neighborhood-culture.html,no,merged,/Users/prashantdhingra/e/a3_output/happydeepawali.org/output/content/durga-puja/kolkata-and-west-bengal-regional-traditions/footer.fragment
durga-puja/kolkata-and-west-bengal-regional-traditions/durga-puja-in-asansol-community-traditions-and-celebration-guide.html,durga-puja/kolkata-and-west-bengal-regional-traditions/durga-puja-in-asansol-community-traditions-and-celebration-guide.html,no,merged,/Users/prashantdhingra/e/a3_output/happydeepawali.org/output/content/durga-puja/kolkata-and-west-bengal-regional-traditions/footer.fragment
durga-puja/kolkata-and-west-bengal-regional-traditions/durga-puja-in-murshidabad-heritage-and-regional-traditions.html,durga-puja/kolkata-and-west-bengal-regional-traditions/durga-puja-in-murshidabad-heritage-and-regional-traditions.html,no,merged,/Users/prashantdhingra/e/a3_output/happydeepawali.org/output/content/durga-puja/kolkata-and-west-bengal-regional-traditions/footer.fragment
durga-puja/kolkata-and-west-bengal-regional-traditions/sovabazar-rajbari-durga-puja-history-and-cultural-significance.html,durga-puja/kolkata-and-west-bengal-regional-traditions/sovabazar-rajbari-durga-puja-history-and-cultural-significance.html,no,merged,/Users/prashantdhingra/e/a3_output/happydeepawali.org/output/content/durga-puja/kolkata-and-west-bengal-regional-traditions/footer.fragment
durga-puja/kolkata-and-west-bengal-regional-traditions/index.html,durga-puja/kolkata-and-west-bengal-regional-traditions/index.html,no,merged,/Users/prashantdhingra/e/a3_output/happydeepawali.org/output/content/durga-puja/kolkata-and-west-bengal-regional-traditions/footer.fragment
durga-puja/kolkata-and-west-bengal-regional-traditions/north-kolkata-durga-puja-traditional-bonedi-bari-and-heritage-pujas.html,durga-puja/kolkata-and-west-bengal-regional-traditions/north-kolkata-durga-puja-traditional-bonedi-bari-and-heritage-pujas.html,no,merged,/Users/prashantdhingra/e/a3_output/happydeepawali.org/output/content/durga-puja/kolkata-and-west-bengal-regional-traditions/footer.fragment
durga-puja/kolkata-and-west-bengal-regional-traditions/how-durga-puja-traditions-differ-across-west-bengal.html,durga-puja/kolkata-and-west-bengal-regional-traditions/how-durga-puja-traditions-differ-across-west-bengal.html,no,merged,/Users/prashantdhingra/e/a3_output/happydeepawali.org/output/content/durga-puja/kolkata-and-west-bengal-regional-traditions/footer.fragment
durga-puja/kolkata-and-west-bengal-regional-traditions/bonedi-bari-durga-puja-history-and-aristocratic-family-traditions.html,durga-puja/kolkata-and-west-bengal-regional-traditions/bonedi-bari-durga-puja-history-and-aristocratic-family-traditions.html,no,merged,/Users/prashantdhingra/e/a3_output/happydeepawali.org/output/content/durga-puja/kolkata-and-west-bengal-regional-traditions/footer.fragment
durga-puja/kolkata-and-west-bengal-regional-traditions/south-kolkata-durga-puja-famous-pandals-and-modern-themes.html,durga-puja/kolkata-and-west-bengal-regional-traditions/south-kolkata-durga-puja-famous-pandals-and-modern-themes.html,no,merged,/Users/prashantdhingra/e/a3_output/happydeepawali.org/output/content/durga-puja/kolkata-and-west-bengal-regional-traditions/footer.fragment
durga-puja/kolkata-and-west-bengal-regional-traditions/durga-puja-in-kolkata-complete-cultural-and-visitor-guide.html,durga-puja/kolkata-and-west-bengal-regional-traditions/durga-puja-in-kolkata-complete-cultural-and-visitor-guide.html,no,merged,/Users/prashantdhingra/e/a3_output/happydeepawali.org/output/content/durga-puja/kolkata-and-west-bengal-regional-traditions/footer.fragment
durga-puja/kolkata-and-west-bengal-regional-traditions/santosh-mitra-square-durga-puja-themes-and-visitor-experience.html,durga-puja/kolkata-and-west-bengal-regional-traditions/santosh-mitra-square-durga-puja-themes-and-visitor-experience.html,no,merged,/Users/prashantdhingra/e/a3_output/happydeepawali.org/output/content/durga-puja/kolkata-and-west-bengal-regional-traditions/footer.fragment
durga-puja/kolkata-and-west-bengal-regional-traditions/durga-puja-in-siliguri-pandals-and-north-bengal-traditions.html,durga-puja/kolkata-and-west-bengal-regional-traditions/durga-puja-in-siliguri-pandals-and-north-bengal-traditions.html,no,merged,/Users/prashantdhingra/e/a3_output/happydeepawali.org/output/content/durga-puja/kolkata-and-west-bengal-regional-traditions/footer.fragment
durga-puja/kolkata-and-west-bengal-regional-traditions/durga-puja-in-darjeeling-bengali-and-himalayan-cultural-connections.html,durga-puja/kolkata-and-west-bengal-regional-traditions/durga-puja-in-darjeeling-bengali-and-himalayan-cultural-connections.html,no,merged,/Users/prashantdhingra/e/a3_output/happydeepawali.org/output/content/durga-puja/kolkata-and-west-bengal-regional-traditions/footer.fragment
durga-puja/kolkata-and-west-bengal-regional-traditions/college-square-durga-puja-lights-reflections-and-visitor-guide.html,durga-puja/kolkata-and-west-bengal-regional-traditions/college-square-durga-puja-lights-reflections-and-visitor-guide.html,no,merged,/Users/prashantdhingra/e/a3_output/happydeepawali.org/output/content/durga-puja/kolkata-and-west-bengal-regional-traditions/footer.fragment
durga-puja/kolkata-and-west-bengal-regional-traditions/durga-puja-in-howrah-community-celebrations-and-traditions.html,durga-puja/kolkata-and-west-bengal-regional-traditions/durga-puja-in-howrah-community-celebrations-and-traditions.html,no,merged,/Users/prashantdhingra/e/a3_output/happydeepawali.org/output/content/durga-puja/kolkata-and-west-bengal-regional-traditions/footer.fragment
durga-puja/kolkata-and-west-bengal-regional-traditions/durga-puja-in-durgapur-pandals-events-and-local-culture.html,durga-puja/kolkata-and-west-bengal-regional-traditions/durga-puja-in-durgapur-pandals-events-and-local-culture.html,no,merged,/Users/prashantdhingra/e/a3_output/happydeepawali.org/output/content/durga-puja/kolkata-and-west-bengal-regional-traditions/footer.fragment
durga-puja/kolkata-and-west-bengal-regional-traditions/best-areas-in-kolkata-for-durga-puja-pandal-hopping.html,durga-puja/kolkata-and-west-bengal-regional-traditions/best-areas-in-kolkata-for-durga-puja-pandal-hopping.html,no,merged,/Users/prashantdhingra/e/a3_output/happydeepawali.org/output/content/durga-puja/kolkata-and-west-bengal-regional-traditions/footer.fragment
durga-puja/kolkata-and-west-bengal-regional-traditions/durga-puja-in-rural-bengal-village-traditions-and-community-worship.html,durga-puja/kolkata-and-west-bengal-regional-traditions/durga-puja-in-rural-bengal-village-traditions-and-community-worship.html,no,merged,/Users/prashantdhingra/e/a3_output/happydeepawali.org/output/content/durga-puja/kolkata-and-west-bengal-regional-traditions/footer.fragment
durga-puja/kolkata-and-west-bengal-regional-traditions/baghbazar-durga-puja-history-and-community-tradition.html,durga-puja/kolkata-and-west-bengal-regional-traditions/baghbazar-durga-puja-history-and-community-tradition.html,no,merged,/Users/prashantdhingra/e/a3_output/happydeepawali.org/output/content/durga-puja/kolkata-and-west-bengal-regional-traditions/footer.fragment
durga-puja/global-diaspora-and-cultural-comparisons/durga-puja-in-vancouver-and-surrey.html,durga-puja/global-diaspora-and-cultural-comparisons/durga-puja-in-vancouver-and-surrey.html,no,merged,/Users/prashantdhingra/e/a3_output/happydeepawali.org/output/content/durga-puja/global-diaspora-and-cultural-comparisons/footer.fragment
durga-puja/global-diaspora-and-cultural-comparisons/durga-puja-vs-navratri-regional-traditions-compared.html,durga-puja/global-diaspora-and-cultural-comparisons/durga-puja-vs-navratri-regional-traditions-compared.html,no,merged,/Users/prashantdhingra/e/a3_output/happydeepawali.org/output/content/durga-puja/global-diaspora-and-cultural-comparisons/footer.fragment
durga-puja/global-diaspora-and-cultural-comparisons/durga-puja-in-new-jersey-bengali-community-pandals-and-events.html,durga-puja/global-diaspora-and-cultural-comparisons/durga-puja-in-new-jersey-bengali-community-pandals-and-events.html,no,merged,/Users/prashantdhingra/e/a3_output/happydeepawali.org/output/content/durga-puja/global-diaspora-and-cultural-comparisons/footer.fragment
durga-puja/global-diaspora-and-cultural-comparisons/index.html,durga-puja/global-diaspora-and-cultural-comparisons/index.html,no,merged,/Users/prashantdhingra/e/a3_output/happydeepawali.org/output/content/durga-puja/global-diaspora-and-cultural-comparisons/footer.fragment
durga-puja/global-diaspora-and-cultural-comparisons/durga-puja-in-toronto-and-the-gta.html,durga-puja/global-diaspora-and-cultural-comparisons/durga-puja-in-toronto-and-the-gta.html,no,merged,/Users/prashantdhingra/e/a3_output/happydeepawali.org/output/content/durga-puja/global-diaspora-and-cultural-comparisons/footer.fragment
durga-puja/global-diaspora-and-cultural-comparisons/how-durga-puja-is-celebrated-in-the-united-states.html,durga-puja/global-diaspora-and-cultural-comparisons/how-durga-puja-is-celebrated-in-the-united-states.html,no,merged,/Users/prashantdhingra/e/a3_output/happydeepawali.org/output/content/durga-puja/global-diaspora-and-cultural-comparisons/footer.fragment
durga-puja/global-diaspora-and-cultural-comparisons/durga-puja-in-singapore-bengali-community-celebrations.html,durga-puja/global-diaspora-and-cultural-comparisons/durga-puja-in-singapore-bengali-community-celebrations.html,no,merged,/Users/prashantdhingra/e/a3_output/happydeepawali.org/output/content/durga-puja/global-diaspora-and-cultural-comparisons/footer.fragment
durga-puja/global-diaspora-and-cultural-comparisons/how-durga-puja-helps-diaspora-families-stay-connected-to-bengali-culture.html,durga-puja/global-diaspora-and-cultural-comparisons/how-durga-puja-helps-diaspora-families-stay-connected-to-bengali-culture.html,no,merged,/Users/prashantdhingra/e/a3_output/happydeepawali.org/output/content/durga-puja/global-diaspora-and-cultural-comparisons/footer.fragment
durga-puja/global-diaspora-and-cultural-comparisons/durga-puja-in-texas-dallas-houston-and-austin-events.html,durga-puja/global-diaspora-and-cultural-comparisons/durga-puja-in-texas-dallas-houston-and-austin-events.html,no,merged,/Users/prashantdhingra/e/a3_output/happydeepawali.org/output/content/durga-puja/global-diaspora-and-cultural-comparisons/footer.fragment
durga-puja/global-diaspora-and-cultural-comparisons/durga-puja-in-australia-sydney-and-melbourne-events.html,durga-puja/global-diaspora-and-cultural-comparisons/durga-puja-in-australia-sydney-and-melbourne-events.html,no,merged,/Users/prashantdhingra/e/a3_output/happydeepawali.org/output/content/durga-puja/global-diaspora-and-cultural-comparisons/footer.fragment
durga-puja/global-diaspora-and-cultural-comparisons/how-bengali-families-celebrate-durga-puja-abroad.html,durga-puja/global-diaspora-and-cultural-comparisons/how-bengali-families-celebrate-durga-puja-abroad.html,no,merged,/Users/prashantdhingra/e/a3_output/happydeepawali.org/output/content/durga-puja/global-diaspora-and-cultural-comparisons/footer.fragment
durga-puja/global-diaspora-and-cultural-comparisons/durga-puja-in-london-bengali-community-celebrations.html,durga-puja/global-diaspora-and-cultural-comparisons/durga-puja-in-london-bengali-community-celebrations.html,no,merged,/Users/prashantdhingra/e/a3_output/happydeepawali.org/output/content/durga-puja/global-diaspora-and-cultural-comparisons/footer.fragment
durga-puja/global-diaspora-and-cultural-comparisons/durga-puja-vs-dussehra-meaning-rituals-and-cultural-differences.html,durga-puja/global-diaspora-and-cultural-comparisons/durga-puja-vs-dussehra-meaning-rituals-and-cultural-differences.html,no,merged,/Users/prashantdhingra/e/a3_output/happydeepawali.org/output/content/durga-puja/global-diaspora-and-cultural-comparisons/footer.fragment
durga-puja/global-diaspora-and-cultural-comparisons/how-durga-puja-is-celebrated-in-the-united-kingdom.html,durga-puja/global-diaspora-and-cultural-comparisons/how-durga-puja-is-celebrated-in-the-united-kingdom.html,no,merged,/Users/prashantdhingra/e/a3_output/happydeepawali.org/output/content/durga-puja/global-diaspora-and-cultural-comparisons/footer.fragment
durga-puja/global-diaspora-and-cultural-comparisons/durga-puja-vs-jagaddhatri-puja-key-differences.html,durga-puja/global-diaspora-and-cultural-comparisons/durga-puja-vs-jagaddhatri-puja-key-differences.html,no,merged,/Users/prashantdhingra/e/a3_output/happydeepawali.org/output/content/durga-puja/global-diaspora-and-cultural-comparisons/footer.fragment
durga-puja/global-diaspora-and-cultural-comparisons/durga-puja-in-california-bay-area-and-southern-california-celebrations.html,durga-puja/global-diaspora-and-cultural-comparisons/durga-puja-in-california-bay-area-and-southern-california-celebrations.html,no,merged,/Users/prashantdhingra/e/a3_output/happydeepawali.org/output/content/durga-puja/global-diaspora-and-cultural-comparisons/footer.fragment
durga-puja/global-diaspora-and-cultural-comparisons/how-durga-puja-is-celebrated-in-canada.html,durga-puja/global-diaspora-and-cultural-comparisons/how-durga-puja-is-celebrated-in-canada.html,no,merged,/Users/prashantdhingra/e/a3_output/happydeepawali.org/output/content/durga-puja/global-diaspora-and-cultural-comparisons/footer.fragment
durga-puja/global-diaspora-and-cultural-comparisons/durga-puja-vs-kali-puja-what-is-the-difference.html,durga-puja/global-diaspora-and-cultural-comparisons/durga-puja-vs-kali-puja-what-is-the-difference.html,no,merged,/Users/prashantdhingra/e/a3_output/happydeepawali.org/output/content/durga-puja/global-diaspora-and-cultural-comparisons/footer.fragment
durga-puja/global-diaspora-and-cultural-comparisons/durga-puja-in-seattle-and-the-pacific-northwest.html,durga-puja/global-diaspora-and-cultural-comparisons/durga-puja-in-seattle-and-the-pacific-northwest.html,no,merged,/Users/prashantdhingra/e/a3_output/happydeepawali.org/output/content/durga-puja/global-diaspora-and-cultural-comparisons/footer.fragment
durga-puja/global-diaspora-and-cultural-comparisons/durga-puja-in-dubai-and-the-uae.html,durga-puja/global-diaspora-and-cultural-comparisons/durga-puja-in-dubai-and-the-uae.html,no,merged,/Users/prashantdhingra/e/a3_output/happydeepawali.org/output/content/durga-puja/global-diaspora-and-cultural-comparisons/footer.fragment
durga-puja/global-diaspora-and-cultural-comparisons/durga-puja-in-new-york-city-community-celebrations-and-cultural-programs.html,durga-puja/global-diaspora-and-cultural-comparisons/durga-puja-in-new-york-city-community-celebrations-and-cultural-programs.html,no,merged,/Users/prashantdhingra/e/a3_output/happydeepawali.org/output/content/durga-puja/global-diaspora-and-cultural-comparisons/footer.fragment
durga-puja/india-regional-and-shakti-traditions/durga-puja-in-varanasi-bengali-traditions-in-the-sacred-city.html,durga-puja/india-regional-and-shakti-traditions/durga-puja-in-varanasi-bengali-traditions-in-the-sacred-city.html,no,merged,/Users/prashantdhingra/e/a3_output/happydeepawali.org/output/content/durga-puja/india-regional-and-shakti-traditions/footer.fragment
durga-puja/india-regional-and-shakti-traditions/durga-puja-in-tripura-cultural-importance-and-local-traditions.html,durga-puja/india-regional-and-shakti-traditions/durga-puja-in-tripura-cultural-importance-and-local-traditions.html,no,merged,/Users/prashantdhingra/e/a3_output/happydeepawali.org/output/content/durga-puja/india-regional-and-shakti-traditions/footer.fragment
durga-puja/india-regional-and-shakti-traditions/durga-puja-in-bengaluru-pandals-bhog-and-cultural-programs.html,durga-puja/india-regional-and-shakti-traditions/durga-puja-in-bengaluru-pandals-bhog-and-cultural-programs.html,no,merged,/Users/prashantdhingra/e/a3_output/happydeepawali.org/output/content/durga-puja/india-regional-and-shakti-traditions/footer.fragment
durga-puja/india-regional-and-shakti-traditions/durga-puja-in-patna-bengali-and-bihari-cultural-connections.html,durga-puja/india-regional-and-shakti-traditions/durga-puja-in-patna-bengali-and-bihari-cultural-connections.html,no,merged,/Users/prashantdhingra/e/a3_output/happydeepawali.org/output/content/durga-puja/india-regional-and-shakti-traditions/footer.fragment
durga-puja/india-regional-and-shakti-traditions/index.html,durga-puja/india-regional-and-shakti-traditions/index.html,no,merged,/Users/prashantdhingra/e/a3_output/happydeepawali.org/output/content/durga-puja/india-regional-and-shakti-traditions/footer.fragment
durga-puja/india-regional-and-shakti-traditions/durga-puja-in-jaipur-community-pandals-and-cultural-events.html,durga-puja/india-regional-and-shakti-traditions/durga-puja-in-jaipur-community-pandals-and-cultural-events.html,no,merged,/Users/prashantdhingra/e/a3_output/happydeepawali.org/output/content/durga-puja/india-regional-and-shakti-traditions/footer.fragment
durga-puja/india-regional-and-shakti-traditions/durga-puja-in-mumbai-community-pandals-and-cultural-programs.html,durga-puja/india-regional-and-shakti-traditions/durga-puja-in-mumbai-community-pandals-and-cultural-programs.html,no,merged,/Users/prashantdhingra/e/a3_output/happydeepawali.org/output/content/durga-puja/india-regional-and-shakti-traditions/footer.fragment
durga-puja/india-regional-and-shakti-traditions/durga-puja-in-pune-bengali-associations-and-festival-events.html,durga-puja/india-regional-and-shakti-traditions/durga-puja-in-pune-bengali-associations-and-festival-events.html,no,merged,/Users/prashantdhingra/e/a3_output/happydeepawali.org/output/content/durga-puja/india-regional-and-shakti-traditions/footer.fragment
durga-puja/india-regional-and-shakti-traditions/durga-puja-in-hyderabad-bengali-community-celebrations.html,durga-puja/india-regional-and-shakti-traditions/durga-puja-in-hyderabad-bengali-community-celebrations.html,no,merged,/Users/prashantdhingra/e/a3_output/happydeepawali.org/output/content/durga-puja/india-regional-and-shakti-traditions/footer.fragment
durga-puja/india-regional-and-shakti-traditions/durga-puja-in-goa-community-events-and-festival-culture.html,durga-puja/india-regional-and-shakti-traditions/durga-puja-in-goa-community-events-and-festival-culture.html,no,merged,/Users/prashantdhingra/e/a3_output/happydeepawali.org/output/content/durga-puja/india-regional-and-shakti-traditions/footer.fragment
durga-puja/india-regional-and-shakti-traditions/durga-puja-in-lucknow-bengali-associations-and-cultural-programs.html,durga-puja/india-regional-and-shakti-traditions/durga-puja-in-lucknow-bengali-associations-and-cultural-programs.html,no,merged,/Users/prashantdhingra/e/a3_output/happydeepawali.org/output/content/durga-puja/india-regional-and-shakti-traditions/footer.fragment
durga-puja/india-regional-and-shakti-traditions/how-durga-puja-traditions-differ-across-indian-cities.html,durga-puja/india-regional-and-shakti-traditions/how-durga-puja-traditions-differ-across-indian-cities.html,no,merged,/Users/prashantdhingra/e/a3_output/happydeepawali.org/output/content/durga-puja/india-regional-and-shakti-traditions/footer.fragment
durga-puja/india-regional-and-shakti-traditions/durga-puja-in-delhi-cr-park-community-pandals-and-bengali-traditions.html,durga-puja/india-regional-and-shakti-traditions/durga-puja-in-delhi-cr-park-community-pandals-and-bengali-traditions.html,no,merged,/Users/prashantdhingra/e/a3_output/happydeepawali.org/output/content/durga-puja/india-regional-and-shakti-traditions/footer.fragment
durga-puja/india-regional-and-shakti-traditions/durga-puja-in-chennai-bengali-associations-and-festival-traditions.html,durga-puja/india-regional-and-shakti-traditions/durga-puja-in-chennai-bengali-associations-and-festival-traditions.html,no,merged,/Users/prashantdhingra/e/a3_output/happydeepawali.org/output/content/durga-puja/india-regional-and-shakti-traditions/footer.fragment
durga-puja/india-regional-and-shakti-traditions/durga-puja-in-guwahati-assam-traditions-and-community-celebrations.html,durga-puja/india-regional-and-shakti-traditions/durga-puja-in-guwahati-assam-traditions-and-community-celebrations.html,no,merged,/Users/prashantdhingra/e/a3_output/happydeepawali.org/output/content/durga-puja/india-regional-and-shakti-traditions/footer.fragment
durga-puja/india-regional-and-shakti-traditions/durga-puja-in-jharkhand-ranchi-jamshedpur-and-community-pandals.html,durga-puja/india-regional-and-shakti-traditions/durga-puja-in-jharkhand-ranchi-jamshedpur-and-community-pandals.html,no,merged,/Users/prashantdhingra/e/a3_output/happydeepawali.org/output/content/durga-puja/india-regional-and-shakti-traditions/footer.fragment
durga-puja/india-regional-and-shakti-traditions/durga-puja-in-bhubaneswar-odisha-traditions-and-community-pandals.html,durga-puja/india-regional-and-shakti-traditions/durga-puja-in-bhubaneswar-odisha-traditions-and-community-pandals.html,no,merged,/Users/prashantdhingra/e/a3_output/happydeepawali.org/output/content/durga-puja/india-regional-and-shakti-traditions/footer.fragment
durga-puja/india-regional-and-shakti-traditions/durga-puja-in-surat-community-pujas-and-cultural-events.html,durga-puja/india-regional-and-shakti-traditions/durga-puja-in-surat-community-pujas-and-cultural-events.html,no,merged,/Users/prashantdhingra/e/a3_output/happydeepawali.org/output/content/durga-puja/india-regional-and-shakti-traditions/footer.fragment
durga-puja/india-regional-and-shakti-traditions/durga-puja-in-cuttack-silver-filigree-pandals-and-local-culture.html,durga-puja/india-regional-and-shakti-traditions/durga-puja-in-cuttack-silver-filigree-pandals-and-local-culture.html,no,merged,/Users/prashantdhingra/e/a3_output/happydeepawali.org/output/content/durga-puja/india-regional-and-shakti-traditions/footer.fragment
durga-puja/india-regional-and-shakti-traditions/durga-puja-in-kerala-bengali-community-celebrations.html,durga-puja/india-regional-and-shakti-traditions/durga-puja-in-kerala-bengali-community-celebrations.html,no,merged,/Users/prashantdhingra/e/a3_output/happydeepawali.org/output/content/durga-puja/india-regional-and-shakti-traditions/footer.fragment
durga-puja/india-regional-and-shakti-traditions/durga-puja-in-ahmedabad-bengali-community-celebrations.html,durga-puja/india-regional-and-shakti-traditions/durga-puja-in-ahmedabad-bengali-community-celebrations.html,no,merged,/Users/prashantdhingra/e/a3_output/happydeepawali.org/output/content/durga-puja/india-regional-and-shakti-traditions/footer.fragment
durga-puja/bhog-prasad-food-and-festive-recipes/index.html,durga-puja/bhog-prasad-food-and-festive-recipes/index.html,no,merged,/Users/prashantdhingra/e/a3_output/happydeepawali.org/output/content/durga-puja/bhog-prasad-food-and-festive-recipes/footer.fragment
durga-puja/bhog-prasad-food-and-festive-recipes/vegetarian-durga-puja-bhog-menu.html,durga-puja/bhog-prasad-food-and-festive-recipes/vegetarian-durga-puja-bhog-menu.html,no,merged,/Users/prashantdhingra/e/a3_output/happydeepawali.org/output/content/durga-puja/bhog-prasad-food-and-festive-recipes/footer.fragment
durga-puja/bhog-prasad-food-and-festive-recipes/easy-durga-puja-recipes-you-can-make-at-home.html,durga-puja/bhog-prasad-food-and-festive-recipes/easy-durga-puja-recipes-you-can-make-at-home.html,no,merged,/Users/prashantdhingra/e/a3_output/happydeepawali.org/output/content/durga-puja/bhog-prasad-food-and-festive-recipes/footer.fragment
durga-puja/bhog-prasad-food-and-festive-recipes/bhog-serving-etiquette-at-durga-puja-pandals.html,durga-puja/bhog-prasad-food-and-festive-recipes/bhog-serving-etiquette-at-durga-puja-pandals.html,no,merged,/Users/prashantdhingra/e/a3_output/happydeepawali.org/output/content/durga-puja/bhog-prasad-food-and-festive-recipes/footer.fragment
durga-puja/bhog-prasad-food-and-festive-recipes/durga-puja-potluck-menu-ideas.html,durga-puja/bhog-prasad-food-and-festive-recipes/durga-puja-potluck-menu-ideas.html,no,merged,/Users/prashantdhingra/e/a3_output/happydeepawali.org/output/content/durga-puja/bhog-prasad-food-and-festive-recipes/footer.fragment
durga-puja/bhog-prasad-food-and-festive-recipes/durga-puja-sweets-sandesh-rasgulla-and-bengali-mithai.html,durga-puja/bhog-prasad-food-and-festive-recipes/durga-puja-sweets-sandesh-rasgulla-and-bengali-mithai.html,no,merged,/Users/prashantdhingra/e/a3_output/happydeepawali.org/output/content/durga-puja/bhog-prasad-food-and-festive-recipes/footer.fragment
durga-puja/bhog-prasad-food-and-festive-recipes/durga-puja-dinner-ideas-for-family-gatherings.html,durga-puja/bhog-prasad-food-and-festive-recipes/durga-puja-dinner-ideas-for-family-gatherings.html,no,merged,/Users/prashantdhingra/e/a3_output/happydeepawali.org/output/content/durga-puja/bhog-prasad-food-and-festive-recipes/footer.fragment
durga-puja/bhog-prasad-food-and-festive-recipes/durga-puja-street-food-guide.html,durga-puja/bhog-prasad-food-and-festive-recipes/durga-puja-street-food-guide.html,no,merged,/Users/prashantdhingra/e/a3_output/happydeepawali.org/output/content/durga-puja/bhog-prasad-food-and-festive-recipes/footer.fragment
durga-puja/bhog-prasad-food-and-festive-recipes/luchi-and-aloo-dum-for-durga-puja.html,durga-puja/bhog-prasad-food-and-festive-recipes/luchi-and-aloo-dum-for-durga-puja.html,no,merged,/Users/prashantdhingra/e/a3_output/happydeepawali.org/output/content/durga-puja/bhog-prasad-food-and-festive-recipes/footer.fragment
durga-puja/bhog-prasad-food-and-festive-recipes/khichuri-bhog-recipe-for-durga-puja.html,durga-puja/bhog-prasad-food-and-festive-recipes/khichuri-bhog-recipe-for-durga-puja.html,no,merged,/Users/prashantdhingra/e/a3_output/happydeepawali.org/output/content/durga-puja/bhog-prasad-food-and-festive-recipes/footer.fragment
durga-puja/bhog-prasad-food-and-festive-recipes/labra-recipe-for-durga-puja-bhog.html,durga-puja/bhog-prasad-food-and-festive-recipes/labra-recipe-for-durga-puja-bhog.html,no,merged,/Users/prashantdhingra/e/a3_output/happydeepawali.org/output/content/durga-puja/bhog-prasad-food-and-festive-recipes/footer.fragment
durga-puja/bhog-prasad-food-and-festive-recipes/durga-puja-food-traditions-across-bengal.html,durga-puja/bhog-prasad-food-and-festive-recipes/durga-puja-food-traditions-across-bengal.html,no,merged,/Users/prashantdhingra/e/a3_output/happydeepawali.org/output/content/durga-puja/bhog-prasad-food-and-festive-recipes/footer.fragment
durga-puja/bhog-prasad-food-and-festive-recipes/bhoger-khichuri-vs-regular-khichdi-what-is-the-difference.html,durga-puja/bhog-prasad-food-and-festive-recipes/bhoger-khichuri-vs-regular-khichdi-what-is-the-difference.html,no,merged,/Users/prashantdhingra/e/a3_output/happydeepawali.org/output/content/durga-puja/bhog-prasad-food-and-festive-recipes/footer.fragment
durga-puja/bhog-prasad-food-and-festive-recipes/20-traditional-and-modern-durga-puja-recipes.html,durga-puja/bhog-prasad-food-and-festive-recipes/20-traditional-and-modern-durga-puja-recipes.html,no,merged,/Users/prashantdhingra/e/a3_output/happydeepawali.org/output/content/durga-puja/bhog-prasad-food-and-festive-recipes/footer.fragment
durga-puja/bhog-prasad-food-and-festive-recipes/payesh-recipe-for-durga-puja.html,durga-puja/bhog-prasad-food-and-festive-recipes/payesh-recipe-for-durga-puja.html,no,merged,/Users/prashantdhingra/e/a3_output/happydeepawali.org/output/content/durga-puja/bhog-prasad-food-and-festive-recipes/footer.fragment
durga-puja/bhog-prasad-food-and-festive-recipes/beguni-recipe-for-durga-puja.html,durga-puja/bhog-prasad-food-and-festive-recipes/beguni-recipe-for-durga-puja.html,no,merged,/Users/prashantdhingra/e/a3_output/happydeepawali.org/output/content/durga-puja/bhog-prasad-food-and-festive-recipes/footer.fragment
durga-puja/bhog-prasad-food-and-festive-recipes/kolkata-street-foods-to-try-during-durga-puja.html,durga-puja/bhog-prasad-food-and-festive-recipes/kolkata-street-foods-to-try-during-durga-puja.html,no,merged,/Users/prashantdhingra/e/a3_output/happydeepawali.org/output/content/durga-puja/bhog-prasad-food-and-festive-recipes/footer.fragment
durga-puja/bhog-prasad-food-and-festive-recipes/durga-puja-bhog-complete-guide-to-traditional-food-and-prasad.html,durga-puja/bhog-prasad-food-and-festive-recipes/durga-puja-bhog-complete-guide-to-traditional-food-and-prasad.html,no,merged,/Users/prashantdhingra/e/a3_output/happydeepawali.org/output/content/durga-puja/bhog-prasad-food-and-festive-recipes/footer.fragment
durga-puja/bhog-prasad-food-and-festive-recipes/cholar-dal-and-luchi-bengali-festive-recipe.html,durga-puja/bhog-prasad-food-and-festive-recipes/cholar-dal-and-luchi-bengali-festive-recipe.html,no,merged,/Users/prashantdhingra/e/a3_output/happydeepawali.org/output/content/durga-puja/bhog-prasad-food-and-festive-recipes/footer.fragment
durga-puja/bhog-prasad-food-and-festive-recipes/traditional-durga-puja-lunch-menu.html,durga-puja/bhog-prasad-food-and-festive-recipes/traditional-durga-puja-lunch-menu.html,no,merged,/Users/prashantdhingra/e/a3_output/happydeepawali.org/output/content/durga-puja/bhog-prasad-food-and-festive-recipes/footer.fragment
durga-puja/bhog-prasad-food-and-festive-recipes/traditional-bengali-sweets-for-durga-puja.html,durga-puja/bhog-prasad-food-and-festive-recipes/traditional-bengali-sweets-for-durga-puja.html,no,merged,/Users/prashantdhingra/e/a3_output/happydeepawali.org/output/content/durga-puja/bhog-prasad-food-and-festive-recipes/footer.fragment
durga-puja/wishes-quotes-messages-captions-and-greetings/maha-saptami-wishes-and-greetings.html,durga-puja/wishes-quotes-messages-captions-and-greetings/maha-saptami-wishes-and-greetings.html,no,merged,/Users/prashantdhingra/e/a3_output/happydeepawali.org/output/content/durga-puja/wishes-quotes-messages-captions-and-greetings/footer.fragment
durga-puja/wishes-quotes-messages-captions-and-greetings/durga-puja-whatsapp-status-ideas.html,durga-puja/wishes-quotes-messages-captions-and-greetings/durga-puja-whatsapp-status-ideas.html,no,merged,/Users/prashantdhingra/e/a3_output/happydeepawali.org/output/content/durga-puja/wishes-quotes-messages-captions-and-greetings/footer.fragment
durga-puja/wishes-quotes-messages-captions-and-greetings/durga-puja-quotes-about-shakti-courage-and-devotion.html,durga-puja/wishes-quotes-messages-captions-and-greetings/durga-puja-quotes-about-shakti-courage-and-devotion.html,no,merged,/Users/prashantdhingra/e/a3_output/happydeepawali.org/output/content/durga-puja/wishes-quotes-messages-captions-and-greetings/footer.fragment
durga-puja/wishes-quotes-messages-captions-and-greetings/durga-puja-wishes-in-hindi.html,durga-puja/wishes-quotes-messages-captions-and-greetings/durga-puja-wishes-in-hindi.html,no,merged,/Users/prashantdhingra/e/a3_output/happydeepawali.org/output/content/durga-puja/wishes-quotes-messages-captions-and-greetings/footer.fragment
durga-puja/wishes-quotes-messages-captions-and-greetings/index.html,durga-puja/wishes-quotes-messages-captions-and-greetings/index.html,no,merged,/Users/prashantdhingra/e/a3_output/happydeepawali.org/output/content/durga-puja/wishes-quotes-messages-captions-and-greetings/footer.fragment
durga-puja/wishes-quotes-messages-captions-and-greetings/durga-puja-wishes-in-english.html,durga-puja/wishes-quotes-messages-captions-and-greetings/durga-puja-wishes-in-english.html,no,merged,/Users/prashantdhingra/e/a3_output/happydeepawali.org/output/content/durga-puja/wishes-quotes-messages-captions-and-greetings/footer.fragment
durga-puja/wishes-quotes-messages-captions-and-greetings/durga-puja-wishes-for-friends-and-colleagues.html,durga-puja/wishes-quotes-messages-captions-and-greetings/durga-puja-wishes-for-friends-and-colleagues.html,no,merged,/Users/prashantdhingra/e/a3_output/happydeepawali.org/output/content/durga-puja/wishes-quotes-messages-captions-and-greetings/footer.fragment
durga-puja/wishes-quotes-messages-captions-and-greetings/maha-ashtami-wishes-and-messages.html,durga-puja/wishes-quotes-messages-captions-and-greetings/maha-ashtami-wishes-and-messages.html,no,merged,/Users/prashantdhingra/e/a3_output/happydeepawali.org/output/content/durga-puja/wishes-quotes-messages-captions-and-greetings/footer.fragment
durga-puja/wishes-quotes-messages-captions-and-greetings/durga-puja-wishes-for-parents-and-elders.html,durga-puja/wishes-quotes-messages-captions-and-greetings/durga-puja-wishes-for-parents-and-elders.html,no,merged,/Users/prashantdhingra/e/a3_output/happydeepawali.org/output/content/durga-puja/wishes-quotes-messages-captions-and-greetings/footer.fragment
durga-puja/wishes-quotes-messages-captions-and-greetings/professional-durga-puja-greetings-for-clients-and-employees.html,durga-puja/wishes-quotes-messages-captions-and-greetings/professional-durga-puja-greetings-for-clients-and-employees.html,no,merged,/Users/prashantdhingra/e/a3_output/happydeepawali.org/output/content/durga-puja/wishes-quotes-messages-captions-and-greetings/footer.fragment
durga-puja/wishes-quotes-messages-captions-and-greetings/short-durga-puja-wishes-for-whatsapp-and-sms.html,durga-puja/wishes-quotes-messages-captions-and-greetings/short-durga-puja-wishes-for-whatsapp-and-sms.html,no,merged,/Users/prashantdhingra/e/a3_output/happydeepawali.org/output/content/durga-puja/wishes-quotes-messages-captions-and-greetings/footer.fragment
durga-puja/wishes-quotes-messages-captions-and-greetings/bijoya-dashami-wishes-in-bengali-and-english.html,durga-puja/wishes-quotes-messages-captions-and-greetings/bijoya-dashami-wishes-in-bengali-and-english.html,no,merged,/Users/prashantdhingra/e/a3_output/happydeepawali.org/output/content/durga-puja/wishes-quotes-messages-captions-and-greetings/footer.fragment
durga-puja/wishes-quotes-messages-captions-and-greetings/durga-puja-greeting-card-messages.html,durga-puja/wishes-quotes-messages-captions-and-greetings/durga-puja-greeting-card-messages.html,no,merged,/Users/prashantdhingra/e/a3_output/happydeepawali.org/output/content/durga-puja/wishes-quotes-messages-captions-and-greetings/footer.fragment
durga-puja/wishes-quotes-messages-captions-and-greetings/durga-puja-instagram-captions.html,durga-puja/wishes-quotes-messages-captions-and-greetings/durga-puja-instagram-captions.html,no,merged,/Users/prashantdhingra/e/a3_output/happydeepawali.org/output/content/durga-puja/wishes-quotes-messages-captions-and-greetings/footer.fragment
durga-puja/wishes-quotes-messages-captions-and-greetings/mahalaya-wishes-and-messages.html,durga-puja/wishes-quotes-messages-captions-and-greetings/mahalaya-wishes-and-messages.html,no,merged,/Users/prashantdhingra/e/a3_output/happydeepawali.org/output/content/durga-puja/wishes-quotes-messages-captions-and-greetings/footer.fragment
durga-puja/wishes-quotes-messages-captions-and-greetings/durga-puja-wishes-in-bengali.html,durga-puja/wishes-quotes-messages-captions-and-greetings/durga-puja-wishes-in-bengali.html,no,merged,/Users/prashantdhingra/e/a3_output/happydeepawali.org/output/content/durga-puja/wishes-quotes-messages-captions-and-greetings/footer.fragment
durga-puja/wishes-quotes-messages-captions-and-greetings/happy-durga-puja-2027-wishes-quotes-messages-and-captions.html,durga-puja/wishes-quotes-messages-captions-and-greetings/happy-durga-puja-2027-wishes-quotes-messages-and-captions.html,no,merged,/Users/prashantdhingra/e/a3_output/happydeepawali.org/output/content/durga-puja/wishes-quotes-messages-captions-and-greetings/footer.fragment
durga-puja/wishes-quotes-messages-captions-and-greetings/durga-puja-facebook-captions-and-social-posts.html,durga-puja/wishes-quotes-messages-captions-and-greetings/durga-puja-facebook-captions-and-social-posts.html,no,merged,/Users/prashantdhingra/e/a3_output/happydeepawali.org/output/content/durga-puja/wishes-quotes-messages-captions-and-greetings/footer.fragment
durga-puja/wishes-quotes-messages-captions-and-greetings/100-happy-durga-puja-wishes-for-family-and-friends.html,durga-puja/wishes-quotes-messages-captions-and-greetings/100-happy-durga-puja-wishes-for-family-and-friends.html,no,merged,/Users/prashantdhingra/e/a3_output/happydeepawali.org/output/content/durga-puja/wishes-quotes-messages-captions-and-greetings/footer.fragment
durga-puja/wishes-quotes-messages-captions-and-greetings/durga-puja-wishes-for-husband-wife-and-family.html,durga-puja/wishes-quotes-messages-captions-and-greetings/durga-puja-wishes-for-husband-wife-and-family.html,no,merged,/Users/prashantdhingra/e/a3_output/happydeepawali.org/output/content/durga-puja/wishes-quotes-messages-captions-and-greetings/footer.fragment
durga-puja/wishes-quotes-messages-captions-and-greetings/maha-navami-wishes-and-greetings.html,durga-puja/wishes-quotes-messages-captions-and-greetings/maha-navami-wishes-and-greetings.html,no,merged,/Users/prashantdhingra/e/a3_output/happydeepawali.org/output/content/durga-puja/wishes-quotes-messages-captions-and-greetings/footer.fragment
durga-puja/durga-puja-2027-city-events-and-local-search/durga-puja-2027-in-ranchi-pandals-and-community-events.html,durga-puja/durga-puja-2027-city-events-and-local-search/durga-puja-2027-in-ranchi-pandals-and-community-events.html,no,merged,/Users/prashantdhingra/e/a3_output/happydeepawali.org/output/content/durga-puja/durga-puja-2027-city-events-and-local-search/footer.fragment
durga-puja/durga-puja-2027-city-events-and-local-search/durga-puja-2027-in-delhi-cr-park-pandals-and-events.html,durga-puja/durga-puja-2027-city-events-and-local-search/durga-puja-2027-in-delhi-cr-park-pandals-and-events.html,no,merged,/Users/prashantdhingra/e/a3_output/happydeepawali.org/output/content/durga-puja/durga-puja-2027-city-events-and-local-search/footer.fragment
durga-puja/durga-puja-2027-city-events-and-local-search/durga-puja-2027-in-noida-pandals-and-community-events.html,durga-puja/durga-puja-2027-city-events-and-local-search/durga-puja-2027-in-noida-pandals-and-community-events.html,no,merged,/Users/prashantdhingra/e/a3_output/happydeepawali.org/output/content/durga-puja/durga-puja-2027-city-events-and-local-search/footer.fragment
durga-puja/durga-puja-2027-city-events-and-local-search/durga-puja-2027-in-bengaluru-pandals-and-community-celebrations.html,durga-puja/durga-puja-2027-city-events-and-local-search/durga-puja-2027-in-bengaluru-pandals-and-community-celebrations.html,no,merged,/Users/prashantdhingra/e/a3_output/happydeepawali.org/output/content/durga-puja/durga-puja-2027-city-events-and-local-search/footer.fragment
durga-puja/durga-puja-2027-city-events-and-local-search/index.html,durga-puja/durga-puja-2027-city-events-and-local-search/index.html,no,merged,/Users/prashantdhingra/e/a3_output/happydeepawali.org/output/content/durga-puja/durga-puja-2027-city-events-and-local-search/footer.fragment
durga-puja/durga-puja-2027-city-events-and-local-search/durga-puja-2027-in-london-bengali-community-events.html,durga-puja/durga-puja-2027-city-events-and-local-search/durga-puja-2027-in-london-bengali-community-events.html,no,merged,/Users/prashantdhingra/e/a3_output/happydeepawali.org/output/content/durga-puja/durga-puja-2027-city-events-and-local-search/footer.fragment
durga-puja/durga-puja-2027-city-events-and-local-search/durga-puja-2027-in-guwahati-pandals-and-celebration-guide.html,durga-puja/durga-puja-2027-city-events-and-local-search/durga-puja-2027-in-guwahati-pandals-and-celebration-guide.html,no,merged,/Users/prashantdhingra/e/a3_output/happydeepawali.org/output/content/durga-puja/durga-puja-2027-city-events-and-local-search/footer.fragment
durga-puja/durga-puja-2027-city-events-and-local-search/durga-puja-2027-in-new-york-city-bengali-community-celebrations.html,durga-puja/durga-puja-2027-city-events-and-local-search/durga-puja-2027-in-new-york-city-bengali-community-celebrations.html,no,merged,/Users/prashantdhingra/e/a3_output/happydeepawali.org/output/content/durga-puja/durga-puja-2027-city-events-and-local-search/footer.fragment
durga-puja/durga-puja-2027-city-events-and-local-search/durga-puja-2027-in-hyderabad-pandals-and-bengali-association-events.html,durga-puja/durga-puja-2027-city-events-and-local-search/durga-puja-2027-in-hyderabad-pandals-and-bengali-association-events.html,no,merged,/Users/prashantdhingra/e/a3_output/happydeepawali.org/output/content/durga-puja/durga-puja-2027-city-events-and-local-search/footer.fragment
durga-puja/durga-puja-2027-city-events-and-local-search/durga-puja-2027-in-mumbai-pandals-and-bengali-community-events.html,durga-puja/durga-puja-2027-city-events-and-local-search/durga-puja-2027-in-mumbai-pandals-and-bengali-community-events.html,no,merged,/Users/prashantdhingra/e/a3_output/happydeepawali.org/output/content/durga-puja/durga-puja-2027-city-events-and-local-search/footer.fragment
durga-puja/durga-puja-2027-city-events-and-local-search/durga-puja-2027-in-howrah-pandals-and-local-events.html,durga-puja/durga-puja-2027-city-events-and-local-search/durga-puja-2027-in-howrah-pandals-and-local-events.html,no,merged,/Users/prashantdhingra/e/a3_output/happydeepawali.org/output/content/durga-puja/durga-puja-2027-city-events-and-local-search/footer.fragment
durga-puja/durga-puja-2027-city-events-and-local-search/durga-puja-2027-in-pune-pandals-bhog-and-cultural-programs.html,durga-puja/durga-puja-2027-city-events-and-local-search/durga-puja-2027-in-pune-pandals-bhog-and-cultural-programs.html,no,merged,/Users/prashantdhingra/e/a3_output/happydeepawali.org/output/content/durga-puja/durga-puja-2027-city-events-and-local-search/footer.fragment
durga-puja/durga-puja-2027-city-events-and-local-search/durga-puja-2027-near-me-how-to-find-pandals-bhog-and-cultural-programs.html,durga-puja/durga-puja-2027-city-events-and-local-search/durga-puja-2027-near-me-how-to-find-pandals-bhog-and-cultural-programs.html,no,merged,/Users/prashantdhingra/e/a3_output/happydeepawali.org/output/content/durga-puja/durga-puja-2027-city-events-and-local-search/footer.fragment
durga-puja/durga-puja-2027-city-events-and-local-search/durga-puja-2027-in-toronto-pandals-and-cultural-events.html,durga-puja/durga-puja-2027-city-events-and-local-search/durga-puja-2027-in-toronto-pandals-and-cultural-events.html,no,merged,/Users/prashantdhingra/e/a3_output/happydeepawali.org/output/content/durga-puja/durga-puja-2027-city-events-and-local-search/footer.fragment
durga-puja/durga-puja-2027-city-events-and-local-search/durga-puja-2027-in-bhubaneswar-pandals-and-local-traditions.html,durga-puja/durga-puja-2027-city-events-and-local-search/durga-puja-2027-in-bhubaneswar-pandals-and-local-traditions.html,no,merged,/Users/prashantdhingra/e/a3_output/happydeepawali.org/output/content/durga-puja/durga-puja-2027-city-events-and-local-search/footer.fragment
durga-puja/durga-puja-2027-city-events-and-local-search/durga-puja-2027-in-cuttack-silver-filigree-pandals-and-events.html,durga-puja/durga-puja-2027-city-events-and-local-search/durga-puja-2027-in-cuttack-silver-filigree-pandals-and-events.html,no,merged,/Users/prashantdhingra/e/a3_output/happydeepawali.org/output/content/durga-puja/durga-puja-2027-city-events-and-local-search/footer.fragment
durga-puja/durga-puja-2027-city-events-and-local-search/durga-puja-2027-in-siliguri-pandals-and-festival-guide.html,durga-puja/durga-puja-2027-city-events-and-local-search/durga-puja-2027-in-siliguri-pandals-and-festival-guide.html,no,merged,/Users/prashantdhingra/e/a3_output/happydeepawali.org/output/content/durga-puja/durga-puja-2027-city-events-and-local-search/footer.fragment
durga-puja/durga-puja-2027-city-events-and-local-search/durga-puja-2027-in-gurugram-pandals-and-cultural-programs.html,durga-puja/durga-puja-2027-city-events-and-local-search/durga-puja-2027-in-gurugram-pandals-and-cultural-programs.html,no,merged,/Users/prashantdhingra/e/a3_output/happydeepawali.org/output/content/durga-puja/durga-puja-2027-city-events-and-local-search/footer.fragment
durga-puja/durga-puja-2027-city-events-and-local-search/durga-puja-2027-in-new-jersey-community-pandals-and-events.html,durga-puja/durga-puja-2027-city-events-and-local-search/durga-puja-2027-in-new-jersey-community-pandals-and-events.html,no,merged,/Users/prashantdhingra/e/a3_output/happydeepawali.org/output/content/durga-puja/durga-puja-2027-city-events-and-local-search/footer.fragment
durga-puja/durga-puja-2027-city-events-and-local-search/durga-puja-2027-in-chennai-community-pujas-and-cultural-programs.html,durga-puja/durga-puja-2027-city-events-and-local-search/durga-puja-2027-in-chennai-community-pujas-and-cultural-programs.html,no,merged,/Users/prashantdhingra/e/a3_output/happydeepawali.org/output/content/durga-puja/durga-puja-2027-city-events-and-local-search/footer.fragment
durga-puja/durga-puja-2027-city-events-and-local-search/durga-puja-2027-in-kolkata-dates-pandals-and-celebration-guide.html,durga-puja/durga-puja-2027-city-events-and-local-search/durga-puja-2027-in-kolkata-dates-pandals-and-celebration-guide.html,no,merged,/Users/prashantdhingra/e/a3_output/happydeepawali.org/output/content/durga-puja/durga-puja-2027-city-events-and-local-search/footer.fragment
durga-puja/travel-pandal-hopping-photography-and-cultural-tourism/durga-puja-street-photography-etiquette.html,durga-puja/travel-pandal-hopping-photography-and-cultural-tourism/durga-puja-street-photography-etiquette.html,no,merged,/Users/prashantdhingra/e/a3_output/happydeepawali.org/output/content/durga-puja/travel-pandal-hopping-photography-and-cultural-tourism/footer.fragment
durga-puja/travel-pandal-hopping-photography-and-cultural-tourism/what-to-wear-for-pandal-hopping-in-kolkata.html,durga-puja/travel-pandal-hopping-photography-and-cultural-tourism/what-to-wear-for-pandal-hopping-in-kolkata.html,no,merged,/Users/prashantdhingra/e/a3_output/happydeepawali.org/output/content/durga-puja/travel-pandal-hopping-photography-and-cultural-tourism/footer.fragment
durga-puja/travel-pandal-hopping-photography-and-cultural-tourism/durga-puja-photography-guide-idols-pandals-and-street-life.html,durga-puja/travel-pandal-hopping-photography-and-cultural-tourism/durga-puja-photography-guide-idols-pandals-and-street-life.html,no,merged,/Users/prashantdhingra/e/a3_output/happydeepawali.org/output/content/durga-puja/travel-pandal-hopping-photography-and-cultural-tourism/footer.fragment
durga-puja/travel-pandal-hopping-photography-and-cultural-tourism/durga-puja-travel-with-kids-family-planning-guide.html,durga-puja/travel-pandal-hopping-photography-and-cultural-tourism/durga-puja-travel-with-kids-family-planning-guide.html,no,merged,/Users/prashantdhingra/e/a3_output/happydeepawali.org/output/content/durga-puja/travel-pandal-hopping-photography-and-cultural-tourism/footer.fragment
durga-puja/travel-pandal-hopping-photography-and-cultural-tourism/why-durga-puja-is-one-of-indias-great-cultural-tourism-experiences.html,durga-puja/travel-pandal-hopping-photography-and-cultural-tourism/why-durga-puja-is-one-of-indias-great-cultural-tourism-experiences.html,no,merged,/Users/prashantdhingra/e/a3_output/happydeepawali.org/output/content/durga-puja/travel-pandal-hopping-photography-and-cultural-tourism/footer.fragment
durga-puja/travel-pandal-hopping-photography-and-cultural-tourism/index.html,durga-puja/travel-pandal-hopping-photography-and-cultural-tourism/index.html,no,merged,/Users/prashantdhingra/e/a3_output/happydeepawali.org/output/content/durga-puja/travel-pandal-hopping-photography-and-cultural-tourism/footer.fragment
durga-puja/travel-pandal-hopping-photography-and-cultural-tourism/how-to-use-public-transport-during-kolkata-durga-puja.html,durga-puja/travel-pandal-hopping-photography-and-cultural-tourism/how-to-use-public-transport-during-kolkata-durga-puja.html,no,merged,/Users/prashantdhingra/e/a3_output/happydeepawali.org/output/content/durga-puja/travel-pandal-hopping-photography-and-cultural-tourism/footer.fragment
durga-puja/travel-pandal-hopping-photography-and-cultural-tourism/how-international-visitors-can-experience-durga-puja-respectfully.html,durga-puja/travel-pandal-hopping-photography-and-cultural-tourism/how-international-visitors-can-experience-durga-puja-respectfully.html,no,merged,/Users/prashantdhingra/e/a3_output/happydeepawali.org/output/content/durga-puja/travel-pandal-hopping-photography-and-cultural-tourism/footer.fragment
durga-puja/travel-pandal-hopping-photography-and-cultural-tourism/best-durga-puja-photography-subjects-beyond-the-main-idol.html,durga-puja/travel-pandal-hopping-photography-and-cultural-tourism/best-durga-puja-photography-subjects-beyond-the-main-idol.html,no,merged,/Users/prashantdhingra/e/a3_output/happydeepawali.org/output/content/durga-puja/travel-pandal-hopping-photography-and-cultural-tourism/footer.fragment
durga-puja/travel-pandal-hopping-photography-and-cultural-tourism/how-to-photograph-dhunuchi-dance-and-evening-aarti.html,durga-puja/travel-pandal-hopping-photography-and-cultural-tourism/how-to-photograph-dhunuchi-dance-and-evening-aarti.html,no,merged,/Users/prashantdhingra/e/a3_output/happydeepawali.org/output/content/durga-puja/travel-pandal-hopping-photography-and-cultural-tourism/footer.fragment
durga-puja/travel-pandal-hopping-photography-and-cultural-tourism/3-day-kolkata-durga-puja-pandal-hopping-itinerary.html,durga-puja/travel-pandal-hopping-photography-and-cultural-tourism/3-day-kolkata-durga-puja-pandal-hopping-itinerary.html,no,merged,/Users/prashantdhingra/e/a3_output/happydeepawali.org/output/content/durga-puja/travel-pandal-hopping-photography-and-cultural-tourism/footer.fragment
durga-puja/travel-pandal-hopping-photography-and-cultural-tourism/where-to-stay-in-kolkata-during-durga-puja.html,durga-puja/travel-pandal-hopping-photography-and-cultural-tourism/where-to-stay-in-kolkata-during-durga-puja.html,no,merged,/Users/prashantdhingra/e/a3_output/happydeepawali.org/output/content/durga-puja/travel-pandal-hopping-photography-and-cultural-tourism/footer.fragment
durga-puja/travel-pandal-hopping-photography-and-cultural-tourism/durga-puja-food-trail-in-kolkata.html,durga-puja/travel-pandal-hopping-photography-and-cultural-tourism/durga-puja-food-trail-in-kolkata.html,no,merged,/Users/prashantdhingra/e/a3_output/happydeepawali.org/output/content/durga-puja/travel-pandal-hopping-photography-and-cultural-tourism/footer.fragment
durga-puja/travel-pandal-hopping-photography-and-cultural-tourism/durga-puja-travel-tips-for-first-time-visitors.html,durga-puja/travel-pandal-hopping-photography-and-cultural-tourism/durga-puja-travel-tips-for-first-time-visitors.html,no,merged,/Users/prashantdhingra/e/a3_output/happydeepawali.org/output/content/durga-puja/travel-pandal-hopping-photography-and-cultural-tourism/footer.fragment
durga-puja/travel-pandal-hopping-photography-and-cultural-tourism/durga-puja-pandal-hopping-routes-in-south-kolkata.html,durga-puja/travel-pandal-hopping-photography-and-cultural-tourism/durga-puja-pandal-hopping-routes-in-south-kolkata.html,no,merged,/Users/prashantdhingra/e/a3_output/happydeepawali.org/output/content/durga-puja/travel-pandal-hopping-photography-and-cultural-tourism/footer.fragment
durga-puja/travel-pandal-hopping-photography-and-cultural-tourism/how-to-avoid-crowds-during-durga-puja-pandal-hopping.html,durga-puja/travel-pandal-hopping-photography-and-cultural-tourism/how-to-avoid-crowds-during-durga-puja-pandal-hopping.html,no,merged,/Users/prashantdhingra/e/a3_output/happydeepawali.org/output/content/durga-puja/travel-pandal-hopping-photography-and-cultural-tourism/footer.fragment
durga-puja/travel-pandal-hopping-photography-and-cultural-tourism/5-day-kolkata-durga-puja-travel-itinerary.html,durga-puja/travel-pandal-hopping-photography-and-cultural-tourism/5-day-kolkata-durga-puja-travel-itinerary.html,no,merged,/Users/prashantdhingra/e/a3_output/happydeepawali.org/output/content/durga-puja/travel-pandal-hopping-photography-and-cultural-tourism/footer.fragment
durga-puja/travel-pandal-hopping-photography-and-cultural-tourism/durga-puja-travel-packing-list.html,durga-puja/travel-pandal-hopping-photography-and-cultural-tourism/durga-puja-travel-packing-list.html,no,merged,/Users/prashantdhingra/e/a3_output/happydeepawali.org/output/content/durga-puja/travel-pandal-hopping-photography-and-cultural-tourism/footer.fragment
durga-puja/travel-pandal-hopping-photography-and-cultural-tourism/best-time-of-day-for-durga-puja-pandal-hopping.html,durga-puja/travel-pandal-hopping-photography-and-cultural-tourism/best-time-of-day-for-durga-puja-pandal-hopping.html,no,merged,/Users/prashantdhingra/e/a3_output/happydeepawali.org/output/content/durga-puja/travel-pandal-hopping-photography-and-cultural-tourism/footer.fragment
durga-puja/travel-pandal-hopping-photography-and-cultural-tourism/durga-puja-walking-routes-in-north-kolkata.html,durga-puja/travel-pandal-hopping-photography-and-cultural-tourism/durga-puja-walking-routes-in-north-kolkata.html,no,merged,/Users/prashantdhingra/e/a3_output/happydeepawali.org/output/content/durga-puja/travel-pandal-hopping-photography-and-cultural-tourism/footer.fragment
durga-puja/travel-pandal-hopping-photography-and-cultural-tourism/how-to-plan-a-durga-puja-trip-to-kolkata.html,durga-puja/travel-pandal-hopping-photography-and-cultural-tourism/how-to-plan-a-durga-puja-trip-to-kolkata.html,no,merged,/Users/prashantdhingra/e/a3_output/happydeepawali.org/output/content/durga-puja/travel-pandal-hopping-photography-and-cultural-tourism/footer.fragment
durga-puja/fashion-sindoor-dhunuchi-dance-and-cultural-programs/durga-puja-outfit-ideas-for-men.html,durga-puja/fashion-sindoor-dhunuchi-dance-and-cultural-programs/durga-puja-outfit-ideas-for-men.html,no,merged,/Users/prashantdhingra/e/a3_output/happydeepawali.org/output/content/durga-puja/fashion-sindoor-dhunuchi-dance-and-cultural-programs/footer.fragment
durga-puja/fashion-sindoor-dhunuchi-dance-and-cultural-programs/dhunuchi-naach-meaning-history-and-performance-tradition.html,durga-puja/fashion-sindoor-dhunuchi-dance-and-cultural-programs/dhunuchi-naach-meaning-history-and-performance-tradition.html,no,merged,/Users/prashantdhingra/e/a3_output/happydeepawali.org/output/content/durga-puja/fashion-sindoor-dhunuchi-dance-and-cultural-programs/footer.fragment
durga-puja/fashion-sindoor-dhunuchi-dance-and-cultural-programs/traditional-dhak-rhythms-and-durga-puja-atmosphere.html,durga-puja/fashion-sindoor-dhunuchi-dance-and-cultural-programs/traditional-dhak-rhythms-and-durga-puja-atmosphere.html,no,merged,/Users/prashantdhingra/e/a3_output/happydeepawali.org/output/content/durga-puja/fashion-sindoor-dhunuchi-dance-and-cultural-programs/footer.fragment
durga-puja/fashion-sindoor-dhunuchi-dance-and-cultural-programs/durga-puja-stage-decoration-ideas.html,durga-puja/fashion-sindoor-dhunuchi-dance-and-cultural-programs/durga-puja-stage-decoration-ideas.html,no,merged,/Users/prashantdhingra/e/a3_output/happydeepawali.org/output/content/durga-puja/fashion-sindoor-dhunuchi-dance-and-cultural-programs/footer.fragment
durga-puja/fashion-sindoor-dhunuchi-dance-and-cultural-programs/dhak-why-the-drum-is-central-to-durga-puja.html,durga-puja/fashion-sindoor-dhunuchi-dance-and-cultural-programs/dhak-why-the-drum-is-central-to-durga-puja.html,no,merged,/Users/prashantdhingra/e/a3_output/happydeepawali.org/output/content/durga-puja/fashion-sindoor-dhunuchi-dance-and-cultural-programs/footer.fragment
durga-puja/fashion-sindoor-dhunuchi-dance-and-cultural-programs/index.html,durga-puja/fashion-sindoor-dhunuchi-dance-and-cultural-programs/index.html,no,merged,/Users/prashantdhingra/e/a3_output/happydeepawali.org/output/content/durga-puja/fashion-sindoor-dhunuchi-dance-and-cultural-programs/footer.fragment
durga-puja/fashion-sindoor-dhunuchi-dance-and-cultural-programs/durga-puja-photo-booth-and-backdrop-ideas.html,durga-puja/fashion-sindoor-dhunuchi-dance-and-cultural-programs/durga-puja-photo-booth-and-backdrop-ideas.html,no,merged,/Users/prashantdhingra/e/a3_output/happydeepawali.org/output/content/durga-puja/fashion-sindoor-dhunuchi-dance-and-cultural-programs/footer.fragment
durga-puja/fashion-sindoor-dhunuchi-dance-and-cultural-programs/durga-puja-saree-ideas-for-saptami-ashtami-navami-and-dashami.html,durga-puja/fashion-sindoor-dhunuchi-dance-and-cultural-programs/durga-puja-saree-ideas-for-saptami-ashtami-navami-and-dashami.html,no,merged,/Users/prashantdhingra/e/a3_output/happydeepawali.org/output/content/durga-puja/fashion-sindoor-dhunuchi-dance-and-cultural-programs/footer.fragment
durga-puja/fashion-sindoor-dhunuchi-dance-and-cultural-programs/how-dhunuchi-dance-is-performed-during-durga-puja.html,durga-puja/fashion-sindoor-dhunuchi-dance-and-cultural-programs/how-dhunuchi-dance-is-performed-during-durga-puja.html,no,merged,/Users/prashantdhingra/e/a3_output/happydeepawali.org/output/content/durga-puja/fashion-sindoor-dhunuchi-dance-and-cultural-programs/footer.fragment
durga-puja/fashion-sindoor-dhunuchi-dance-and-cultural-programs/durga-puja-makeup-ideas-for-a-traditional-bengali-look.html,durga-puja/fashion-sindoor-dhunuchi-dance-and-cultural-programs/durga-puja-makeup-ideas-for-a-traditional-bengali-look.html,no,merged,/Users/prashantdhingra/e/a3_output/happydeepawali.org/output/content/durga-puja/fashion-sindoor-dhunuchi-dance-and-cultural-programs/footer.fragment
durga-puja/fashion-sindoor-dhunuchi-dance-and-cultural-programs/sindoor-khela-look-saree-makeup-and-traditions.html,durga-puja/fashion-sindoor-dhunuchi-dance-and-cultural-programs/sindoor-khela-look-saree-makeup-and-traditions.html,no,merged,/Users/prashantdhingra/e/a3_output/happydeepawali.org/output/content/durga-puja/fashion-sindoor-dhunuchi-dance-and-cultural-programs/footer.fragment
durga-puja/fashion-sindoor-dhunuchi-dance-and-cultural-programs/traditional-bengali-sarees-to-wear-during-durga-puja.html,durga-puja/fashion-sindoor-dhunuchi-dance-and-cultural-programs/traditional-bengali-sarees-to-wear-during-durga-puja.html,no,merged,/Users/prashantdhingra/e/a3_output/happydeepawali.org/output/content/durga-puja/fashion-sindoor-dhunuchi-dance-and-cultural-programs/footer.fragment
durga-puja/fashion-sindoor-dhunuchi-dance-and-cultural-programs/how-to-plan-a-cultural-evening-at-a-durga-puja-pandal.html,durga-puja/fashion-sindoor-dhunuchi-dance-and-cultural-programs/how-to-plan-a-cultural-evening-at-a-durga-puja-pandal.html,no,merged,/Users/prashantdhingra/e/a3_output/happydeepawali.org/output/content/durga-puja/fashion-sindoor-dhunuchi-dance-and-cultural-programs/footer.fragment
durga-puja/fashion-sindoor-dhunuchi-dance-and-cultural-programs/what-to-wear-for-durga-puja-complete-fashion-guide.html,durga-puja/fashion-sindoor-dhunuchi-dance-and-cultural-programs/what-to-wear-for-durga-puja-complete-fashion-guide.html,no,merged,/Users/prashantdhingra/e/a3_output/happydeepawali.org/output/content/durga-puja/fashion-sindoor-dhunuchi-dance-and-cultural-programs/footer.fragment
durga-puja/fashion-sindoor-dhunuchi-dance-and-cultural-programs/durga-puja-cultural-program-ideas.html,durga-puja/fashion-sindoor-dhunuchi-dance-and-cultural-programs/durga-puja-cultural-program-ideas.html,no,merged,/Users/prashantdhingra/e/a3_output/happydeepawali.org/output/content/durga-puja/fashion-sindoor-dhunuchi-dance-and-cultural-programs/footer.fragment
durga-puja/fashion-sindoor-dhunuchi-dance-and-cultural-programs/durga-puja-music-and-song-themes.html,durga-puja/fashion-sindoor-dhunuchi-dance-and-cultural-programs/durga-puja-music-and-song-themes.html,no,merged,/Users/prashantdhingra/e/a3_output/happydeepawali.org/output/content/durga-puja/fashion-sindoor-dhunuchi-dance-and-cultural-programs/footer.fragment
durga-puja/fashion-sindoor-dhunuchi-dance-and-cultural-programs/durga-puja-hairstyle-ideas-for-women.html,durga-puja/fashion-sindoor-dhunuchi-dance-and-cultural-programs/durga-puja-hairstyle-ideas-for-women.html,no,merged,/Users/prashantdhingra/e/a3_output/happydeepawali.org/output/content/durga-puja/fashion-sindoor-dhunuchi-dance-and-cultural-programs/footer.fragment
durga-puja/fashion-sindoor-dhunuchi-dance-and-cultural-programs/durga-puja-fashion-photography-ideas.html,durga-puja/fashion-sindoor-dhunuchi-dance-and-cultural-programs/durga-puja-fashion-photography-ideas.html,no,merged,/Users/prashantdhingra/e/a3_output/happydeepawali.org/output/content/durga-puja/fashion-sindoor-dhunuchi-dance-and-cultural-programs/footer.fragment
durga-puja/fashion-sindoor-dhunuchi-dance-and-cultural-programs/durga-puja-outfit-ideas-for-kids.html,durga-puja/fashion-sindoor-dhunuchi-dance-and-cultural-programs/durga-puja-outfit-ideas-for-kids.html,no,merged,/Users/prashantdhingra/e/a3_output/happydeepawali.org/output/content/durga-puja/fashion-sindoor-dhunuchi-dance-and-cultural-programs/footer.fragment
durga-puja/fashion-sindoor-dhunuchi-dance-and-cultural-programs/durga-puja-jewelry-and-accessory-ideas.html,durga-puja/fashion-sindoor-dhunuchi-dance-and-cultural-programs/durga-puja-jewelry-and-accessory-ideas.html,no,merged,/Users/prashantdhingra/e/a3_output/happydeepawali.org/output/content/durga-puja/fashion-sindoor-dhunuchi-dance-and-cultural-programs/footer.fragment
durga-puja/fashion-sindoor-dhunuchi-dance-and-cultural-programs/durga-puja-dance-performance-ideas.html,durga-puja/fashion-sindoor-dhunuchi-dance-and-cultural-programs/durga-puja-dance-performance-ideas.html,no,merged,/Users/prashantdhingra/e/a3_output/happydeepawali.org/output/content/durga-puja/fashion-sindoor-dhunuchi-dance-and-cultural-programs/footer.fragment
durga-puja/kids-school-essays-crafts-and-educational-content/index.html,durga-puja/kids-school-essays-crafts-and-educational-content/index.html,no,merged,/Users/prashantdhingra/e/a3_output/happydeepawali.org/output/content/durga-puja/kids-school-essays-crafts-and-educational-content/footer.fragment
durga-puja/kids-school-essays-crafts-and-educational-content/10-lines-on-durga-puja-for-kids.html,durga-puja/kids-school-essays-crafts-and-educational-content/10-lines-on-durga-puja-for-kids.html,no,merged,/Users/prashantdhingra/e/a3_output/happydeepawali.org/output/content/durga-puja/kids-school-essays-crafts-and-educational-content/footer.fragment
durga-puja/kids-school-essays-crafts-and-educational-content/durga-puja-quiz-for-kids-questions-and-answers.html,durga-puja/kids-school-essays-crafts-and-educational-content/durga-puja-quiz-for-kids-questions-and-answers.html,no,merged,/Users/prashantdhingra/e/a3_output/happydeepawali.org/output/content/durga-puja/kids-school-essays-crafts-and-educational-content/footer.fragment
durga-puja/kids-school-essays-crafts-and-educational-content/durga-puja-essay-in-bengali-for-students.html,durga-puja/kids-school-essays-crafts-and-educational-content/durga-puja-essay-in-bengali-for-students.html,no,merged,/Users/prashantdhingra/e/a3_output/happydeepawali.org/output/content/durga-puja/kids-school-essays-crafts-and-educational-content/footer.fragment
durga-puja/kids-school-essays-crafts-and-educational-content/durga-puja-project-ideas-for-school-students.html,durga-puja/kids-school-essays-crafts-and-educational-content/durga-puja-project-ideas-for-school-students.html,no,merged,/Users/prashantdhingra/e/a3_output/happydeepawali.org/output/content/durga-puja/kids-school-essays-crafts-and-educational-content/footer.fragment
durga-puja/kids-school-essays-crafts-and-educational-content/how-to-explain-durga-puja-to-children.html,durga-puja/kids-school-essays-crafts-and-educational-content/how-to-explain-durga-puja-to-children.html,no,merged,/Users/prashantdhingra/e/a3_output/happydeepawali.org/output/content/durga-puja/kids-school-essays-crafts-and-educational-content/footer.fragment
durga-puja/kids-school-essays-crafts-and-educational-content/short-essay-on-durga-puja-for-school-students.html,durga-puja/kids-school-essays-crafts-and-educational-content/short-essay-on-durga-puja-for-school-students.html,no,merged,/Users/prashantdhingra/e/a3_output/happydeepawali.org/output/content/durga-puja/kids-school-essays-crafts-and-educational-content/footer.fragment
durga-puja/kids-school-essays-crafts-and-educational-content/durga-puja-speech-for-school-assembly.html,durga-puja/kids-school-essays-crafts-and-educational-content/durga-puja-speech-for-school-assembly.html,no,merged,/Users/prashantdhingra/e/a3_output/happydeepawali.org/output/content/durga-puja/kids-school-essays-crafts-and-educational-content/footer.fragment
durga-puja/kids-school-essays-crafts-and-educational-content/easy-durga-puja-craft-ideas-for-children.html,durga-puja/kids-school-essays-crafts-and-educational-content/easy-durga-puja-craft-ideas-for-children.html,no,merged,/Users/prashantdhingra/e/a3_output/happydeepawali.org/output/content/durga-puja/kids-school-essays-crafts-and-educational-content/footer.fragment
durga-puja/kids-school-essays-crafts-and-educational-content/durga-puja-vocabulary-important-words-and-their-meanings.html,durga-puja/kids-school-essays-crafts-and-educational-content/durga-puja-vocabulary-important-words-and-their-meanings.html,no,merged,/Users/prashantdhingra/e/a3_output/happydeepawali.org/output/content/durga-puja/kids-school-essays-crafts-and-educational-content/footer.fragment
durga-puja/kids-school-essays-crafts-and-educational-content/durga-puja-drawing-ideas-for-kids.html,durga-puja/kids-school-essays-crafts-and-educational-content/durga-puja-drawing-ideas-for-kids.html,no,merged,/Users/prashantdhingra/e/a3_output/happydeepawali.org/output/content/durga-puja/kids-school-essays-crafts-and-educational-content/footer.fragment
durga-puja/kids-school-essays-crafts-and-educational-content/durga-puja-poster-ideas-for-school-competitions.html,durga-puja/kids-school-essays-crafts-and-educational-content/durga-puja-poster-ideas-for-school-competitions.html,no,merged,/Users/prashantdhingra/e/a3_output/happydeepawali.org/output/content/durga-puja/kids-school-essays-crafts-and-educational-content/footer.fragment
durga-puja/kids-school-essays-crafts-and-educational-content/50-durga-puja-general-knowledge-questions-for-students.html,durga-puja/kids-school-essays-crafts-and-educational-content/50-durga-puja-general-knowledge-questions-for-students.html,no,merged,/Users/prashantdhingra/e/a3_output/happydeepawali.org/output/content/durga-puja/kids-school-essays-crafts-and-educational-content/footer.fragment
durga-puja/kids-school-essays-crafts-and-educational-content/durga-puja-activities-for-families-and-children-at-home.html,durga-puja/kids-school-essays-crafts-and-educational-content/durga-puja-activities-for-families-and-children-at-home.html,no,merged,/Users/prashantdhingra/e/a3_output/happydeepawali.org/output/content/durga-puja/kids-school-essays-crafts-and-educational-content/footer.fragment
durga-puja/kids-school-essays-crafts-and-educational-content/durga-puja-essay-in-200-500-and-1000-words.html,durga-puja/kids-school-essays-crafts-and-educational-content/durga-puja-essay-in-200-500-and-1000-words.html,no,merged,/Users/prashantdhingra/e/a3_output/happydeepawali.org/output/content/durga-puja/kids-school-essays-crafts-and-educational-content/footer.fragment
durga-puja/kids-school-essays-crafts-and-educational-content/durga-puja-paragraph-for-class-3-4-and-5-students.html,durga-puja/kids-school-essays-crafts-and-educational-content/durga-puja-paragraph-for-class-3-4-and-5-students.html,no,merged,/Users/prashantdhingra/e/a3_output/happydeepawali.org/output/content/durga-puja/kids-school-essays-crafts-and-educational-content/footer.fragment
durga-puja/kids-school-essays-crafts-and-educational-content/how-to-make-a-durga-puja-pandal-model-for-a-school-project.html,durga-puja/kids-school-essays-crafts-and-educational-content/how-to-make-a-durga-puja-pandal-model-for-a-school-project.html,no,merged,/Users/prashantdhingra/e/a3_output/happydeepawali.org/output/content/durga-puja/kids-school-essays-crafts-and-educational-content/footer.fragment
durga-puja/kids-school-essays-crafts-and-educational-content/durga-puja-coloring-pages-and-printable-activities.html,durga-puja/kids-school-essays-crafts-and-educational-content/durga-puja-coloring-pages-and-printable-activities.html,no,merged,/Users/prashantdhingra/e/a3_output/happydeepawali.org/output/content/durga-puja/kids-school-essays-crafts-and-educational-content/footer.fragment
durga-puja/kids-school-essays-crafts-and-educational-content/durga-puja-essay-in-hindi-for-students.html,durga-puja/kids-school-essays-crafts-and-educational-content/durga-puja-essay-in-hindi-for-students.html,no,merged,/Users/prashantdhingra/e/a3_output/happydeepawali.org/output/content/durga-puja/kids-school-essays-crafts-and-educational-content/footer.fragment
durga-puja/kids-school-essays-crafts-and-educational-content/the-story-of-durga-and-mahishasura-for-kids.html,durga-puja/kids-school-essays-crafts-and-educational-content/the-story-of-durga-and-mahishasura-for-kids.html,no,merged,/Users/prashantdhingra/e/a3_output/happydeepawali.org/output/content/durga-puja/kids-school-essays-crafts-and-educational-content/footer.fragment
durga-puja/kids-school-essays-crafts-and-educational-content/short-durga-puja-speech-in-hindi.html,durga-puja/kids-school-essays-crafts-and-educational-content/short-durga-puja-speech-in-hindi.html,no,merged,/Users/prashantdhingra/e/a3_output/happydeepawali.org/output/content/durga-puja/kids-school-essays-crafts-and-educational-content/footer.fragment
durga-puja/pandal-art-themes-idols-and-craftsmanship/the-art-of-painting-durgas-eyes-chokkhu-daan-explained.html,durga-puja/pandal-art-themes-idols-and-craftsmanship/the-art-of-painting-durgas-eyes-chokkhu-daan-explained.html,no,merged,/Users/prashantdhingra/e/a3_output/happydeepawali.org/output/content/durga-puja/pandal-art-themes-idols-and-craftsmanship/footer.fragment
durga-puja/pandal-art-themes-idols-and-craftsmanship/best-durga-puja-pandal-theme-ideas.html,durga-puja/pandal-art-themes-idols-and-craftsmanship/best-durga-puja-pandal-theme-ideas.html,no,merged,/Users/prashantdhingra/e/a3_output/happydeepawali.org/output/content/durga-puja/pandal-art-themes-idols-and-craftsmanship/footer.fragment
durga-puja/pandal-art-themes-idols-and-craftsmanship/how-durga-puja-pandals-are-designed-and-built.html,durga-puja/pandal-art-themes-idols-and-craftsmanship/how-durga-puja-pandals-are-designed-and-built.html,no,merged,/Users/prashantdhingra/e/a3_output/happydeepawali.org/output/content/durga-puja/pandal-art-themes-idols-and-craftsmanship/footer.fragment
durga-puja/pandal-art-themes-idols-and-craftsmanship/index.html,durga-puja/pandal-art-themes-idols-and-craftsmanship/index.html,no,merged,/Users/prashantdhingra/e/a3_output/happydeepawali.org/output/content/durga-puja/pandal-art-themes-idols-and-craftsmanship/footer.fragment
durga-puja/pandal-art-themes-idols-and-craftsmanship/how-to-photograph-durga-puja-pandals-and-idols-respectfully.html,durga-puja/pandal-art-themes-idols-and-craftsmanship/how-to-photograph-durga-puja-pandals-and-idols-respectfully.html,no,merged,/Users/prashantdhingra/e/a3_output/happydeepawali.org/output/content/durga-puja/pandal-art-themes-idols-and-craftsmanship/footer.fragment
durga-puja/pandal-art-themes-idols-and-craftsmanship/how-durga-puja-idols-are-decorated.html,durga-puja/pandal-art-themes-idols-and-craftsmanship/how-durga-puja-idols-are-decorated.html,no,merged,/Users/prashantdhingra/e/a3_output/happydeepawali.org/output/content/durga-puja/pandal-art-themes-idols-and-craftsmanship/footer.fragment
durga-puja/pandal-art-themes-idols-and-craftsmanship/traditional-vs-theme-based-durga-puja-pandals.html,durga-puja/pandal-art-themes-idols-and-craftsmanship/traditional-vs-theme-based-durga-puja-pandals.html,no,merged,/Users/prashantdhingra/e/a3_output/happydeepawali.org/output/content/durga-puja/pandal-art-themes-idols-and-craftsmanship/footer.fragment
durga-puja/pandal-art-themes-idols-and-craftsmanship/durga-puja-pandals-history-meaning-and-why-they-matter.html,durga-puja/pandal-art-themes-idols-and-craftsmanship/durga-puja-pandals-history-meaning-and-why-they-matter.html,no,merged,/Users/prashantdhingra/e/a3_output/happydeepawali.org/output/content/durga-puja/pandal-art-themes-idols-and-craftsmanship/footer.fragment
durga-puja/pandal-art-themes-idols-and-craftsmanship/durga-puja-pandal-hopping-planning-etiquette-and-photography-tips.html,durga-puja/pandal-art-themes-idols-and-craftsmanship/durga-puja-pandal-hopping-planning-etiquette-and-photography-tips.html,no,merged,/Users/prashantdhingra/e/a3_output/happydeepawali.org/output/content/durga-puja/pandal-art-themes-idols-and-craftsmanship/footer.fragment
durga-puja/pandal-art-themes-idols-and-craftsmanship/the-role-of-craftspeople-in-durga-puja.html,durga-puja/pandal-art-themes-idols-and-craftsmanship/the-role-of-craftspeople-in-durga-puja.html,no,merged,/Users/prashantdhingra/e/a3_output/happydeepawali.org/output/content/durga-puja/pandal-art-themes-idols-and-craftsmanship/footer.fragment
durga-puja/pandal-art-themes-idols-and-craftsmanship/eco-friendly-durga-idols-materials-benefits-and-challenges.html,durga-puja/pandal-art-themes-idols-and-craftsmanship/eco-friendly-durga-idols-materials-benefits-and-challenges.html,no,merged,/Users/prashantdhingra/e/a3_output/happydeepawali.org/output/content/durga-puja/pandal-art-themes-idols-and-craftsmanship/footer.fragment
durga-puja/pandal-art-themes-idols-and-craftsmanship/durga-puja-as-public-art-architecture-sculpture-and-storytelling.html,durga-puja/pandal-art-themes-idols-and-craftsmanship/durga-puja-as-public-art-architecture-sculpture-and-storytelling.html,no,merged,/Users/prashantdhingra/e/a3_output/happydeepawali.org/output/content/durga-puja/pandal-art-themes-idols-and-craftsmanship/footer.fragment
durga-puja/pandal-art-themes-idols-and-craftsmanship/why-is-clay-from-different-places-used-in-durga-idol-making.html,durga-puja/pandal-art-themes-idols-and-craftsmanship/why-is-clay-from-different-places-used-in-durga-idol-making.html,no,merged,/Users/prashantdhingra/e/a3_output/happydeepawali.org/output/content/durga-puja/pandal-art-themes-idols-and-craftsmanship/footer.fragment
durga-puja/pandal-art-themes-idols-and-craftsmanship/kumartuli-the-story-of-kolkatas-durga-idol-makers.html,durga-puja/pandal-art-themes-idols-and-craftsmanship/kumartuli-the-story-of-kolkatas-durga-idol-makers.html,no,merged,/Users/prashantdhingra/e/a3_output/happydeepawali.org/output/content/durga-puja/pandal-art-themes-idols-and-craftsmanship/footer.fragment
durga-puja/pandal-art-themes-idols-and-craftsmanship/how-artists-create-immersive-durga-puja-experiences.html,durga-puja/pandal-art-themes-idols-and-craftsmanship/how-artists-create-immersive-durga-puja-experiences.html,no,merged,/Users/prashantdhingra/e/a3_output/happydeepawali.org/output/content/durga-puja/pandal-art-themes-idols-and-craftsmanship/footer.fragment
durga-puja/pandal-art-themes-idols-and-craftsmanship/traditional-daaker-saaj-vs-modern-durga-idol-decoration.html,durga-puja/pandal-art-themes-idols-and-craftsmanship/traditional-daaker-saaj-vs-modern-durga-idol-decoration.html,no,merged,/Users/prashantdhingra/e/a3_output/happydeepawali.org/output/content/durga-puja/pandal-art-themes-idols-and-craftsmanship/footer.fragment
durga-puja/pandal-art-themes-idols-and-craftsmanship/ekchala-durga-idols-meaning-and-traditional-style.html,durga-puja/pandal-art-themes-idols-and-craftsmanship/ekchala-durga-idols-meaning-and-traditional-style.html,no,merged,/Users/prashantdhingra/e/a3_output/happydeepawali.org/output/content/durga-puja/pandal-art-themes-idols-and-craftsmanship/footer.fragment
durga-puja/pandal-art-themes-idols-and-craftsmanship/theme-puja-how-modern-durga-puja-pandals-tell-stories.html,durga-puja/pandal-art-themes-idols-and-craftsmanship/theme-puja-how-modern-durga-puja-pandals-tell-stories.html,no,merged,/Users/prashantdhingra/e/a3_output/happydeepawali.org/output/content/durga-puja/pandal-art-themes-idols-and-craftsmanship/footer.fragment
durga-puja/pandal-art-themes-idols-and-craftsmanship/what-materials-are-used-to-make-durga-idols.html,durga-puja/pandal-art-themes-idols-and-craftsmanship/what-materials-are-used-to-make-durga-idols.html,no,merged,/Users/prashantdhingra/e/a3_output/happydeepawali.org/output/content/durga-puja/pandal-art-themes-idols-and-craftsmanship/footer.fragment
durga-puja/pandal-art-themes-idols-and-craftsmanship/how-durga-idols-are-made-in-kumartuli.html,durga-puja/pandal-art-themes-idols-and-craftsmanship/how-durga-idols-are-made-in-kumartuli.html,no,merged,/Users/prashantdhingra/e/a3_output/happydeepawali.org/output/content/durga-puja/pandal-art-themes-idols-and-craftsmanship/footer.fragment
durga-puja/pandal-art-themes-idols-and-craftsmanship/how-lighting-design-transforms-durga-puja-pandals.html,durga-puja/pandal-art-themes-idols-and-craftsmanship/how-lighting-design-transforms-durga-puja-pandals.html,no,merged,/Users/prashantdhingra/e/a3_output/happydeepawali.org/output/content/durga-puja/pandal-art-themes-idols-and-craftsmanship/footer.fragment
pongal/pongal-cards.html,pongal/index.html,yes,merged,/Users/prashantdhingra/e/a3_output/happydeepawali.org/output/content/pongal/footer.fragment
pongal/receipes.html,pongal/food-guide.html,yes,merged,/Users/prashantdhingra/e/a3_output/happydeepawali.org/output/content/pongal/footer.fragment
pongal/pedda-festival.html,pongal/pongal-sweets.html,yes,merged,/Users/prashantdhingra/e/a3_output/happydeepawali.org/output/content/pongal/footer.fragment
pongal/pongal.html,pongal/pongal-guide.html,yes,merged,/Users/prashantdhingra/e/a3_output/happydeepawali.org/output/content/pongal/footer.fragment
wallpapers-photos/deepawali-home.html,wallpapers-photos/index.html,yes,merged,/Users/prashantdhingra/e/a3_output/happydeepawali.org/output/content/wallpapers-photos/footer.fragment
dhanteras-shopping-gold-silver-business-and-prosperity/dhanteras-buying-traditions-across-india.html,dhanteras-shopping-gold-silver-business-and-prosperity/dhanteras-buying-traditions-across-india.html,no,merged,/Users/prashantdhingra/e/a3_output/happydeepawali.org/output/content/dhanteras-shopping-gold-silver-business-and-prosperity/footer.fragment
dhanteras-shopping-gold-silver-business-and-prosperity/dhanteras-vs-diwali-what-is-the-difference.html,dhanteras-shopping-gold-silver-business-and-prosperity/dhanteras-vs-diwali-what-is-the-difference.html,no,merged,/Users/prashantdhingra/e/a3_output/happydeepawali.org/output/content/dhanteras-shopping-gold-silver-business-and-prosperity/footer.fragment
dhanteras-shopping-gold-silver-business-and-prosperity/dhanteras-complete-guide-to-meaning-puja-and-traditions.html,dhanteras-shopping-gold-silver-business-and-prosperity/dhanteras-complete-guide-to-meaning-puja-and-traditions.html,no,merged,/Users/prashantdhingra/e/a3_output/happydeepawali.org/output/content/dhanteras-shopping-gold-silver-business-and-prosperity/footer.fragment
dhanteras-shopping-gold-silver-business-and-prosperity/index.html,dhanteras-shopping-gold-silver-business-and-prosperity/index.html,no,merged,/Users/prashantdhingra/e/a3_output/happydeepawali.org/output/content/dhanteras-shopping-gold-silver-business-and-prosperity/footer.fragment
dhanteras-shopping-gold-silver-business-and-prosperity/dhanteras-gift-ideas-for-family-and-friends.html,dhanteras-shopping-gold-silver-business-and-prosperity/dhanteras-gift-ideas-for-family-and-friends.html,no,merged,/Users/prashantdhingra/e/a3_output/happydeepawali.org/output/content/dhanteras-shopping-gold-silver-business-and-prosperity/footer.fragment
dhanteras-shopping-gold-silver-business-and-prosperity/50-dhanteras-questions-and-answers.html,dhanteras-shopping-gold-silver-business-and-prosperity/50-dhanteras-questions-and-answers.html,no,merged,/Users/prashantdhingra/e/a3_output/happydeepawali.org/output/content/dhanteras-shopping-gold-silver-business-and-prosperity/footer.fragment
dhanteras-shopping-gold-silver-business-and-prosperity/why-do-people-buy-gold-on-dhanteras.html,dhanteras-shopping-gold-silver-business-and-prosperity/why-do-people-buy-gold-on-dhanteras.html,no,merged,/Users/prashantdhingra/e/a3_output/happydeepawali.org/output/content/dhanteras-shopping-gold-silver-business-and-prosperity/footer.fragment
dhanteras-shopping-gold-silver-business-and-prosperity/why-are-utensils-bought-on-dhanteras.html,dhanteras-shopping-gold-silver-business-and-prosperity/why-are-utensils-bought-on-dhanteras.html,no,merged,/Users/prashantdhingra/e/a3_output/happydeepawali.org/output/content/dhanteras-shopping-gold-silver-business-and-prosperity/footer.fragment
dhanteras-shopping-gold-silver-business-and-prosperity/dhanteras-puja-vidhi-for-home.html,dhanteras-shopping-gold-silver-business-and-prosperity/dhanteras-puja-vidhi-for-home.html,no,merged,/Users/prashantdhingra/e/a3_output/happydeepawali.org/output/content/dhanteras-shopping-gold-silver-business-and-prosperity/footer.fragment
dhanteras-shopping-gold-silver-business-and-prosperity/dhanteras-and-ayurveda-dhanvantari-traditions-explained.html,dhanteras-shopping-gold-silver-business-and-prosperity/dhanteras-and-ayurveda-dhanvantari-traditions-explained.html,no,merged,/Users/prashantdhingra/e/a3_output/happydeepawali.org/output/content/dhanteras-shopping-gold-silver-business-and-prosperity/footer.fragment
dhanteras-shopping-gold-silver-business-and-prosperity/why-are-brooms-bought-on-dhanteras.html,dhanteras-shopping-gold-silver-business-and-prosperity/why-are-brooms-bought-on-dhanteras.html,no,merged,/Users/prashantdhingra/e/a3_output/happydeepawali.org/output/content/dhanteras-shopping-gold-silver-business-and-prosperity/footer.fragment
dhanteras-shopping-gold-silver-business-and-prosperity/dhanteras-rangoli-and-decoration-ideas.html,dhanteras-shopping-gold-silver-business-and-prosperity/dhanteras-rangoli-and-decoration-ideas.html,no,merged,/Users/prashantdhingra/e/a3_output/happydeepawali.org/output/content/dhanteras-shopping-gold-silver-business-and-prosperity/footer.fragment
dhanteras-shopping-gold-silver-business-and-prosperity/what-should-you-avoid-buying-on-dhanteras.html,dhanteras-shopping-gold-silver-business-and-prosperity/what-should-you-avoid-buying-on-dhanteras.html,no,merged,/Users/prashantdhingra/e/a3_output/happydeepawali.org/output/content/dhanteras-shopping-gold-silver-business-and-prosperity/footer.fragment
dhanteras-shopping-gold-silver-business-and-prosperity/dhanteras-sweets-and-prasad-ideas.html,dhanteras-shopping-gold-silver-business-and-prosperity/dhanteras-sweets-and-prasad-ideas.html,no,merged,/Users/prashantdhingra/e/a3_output/happydeepawali.org/output/content/dhanteras-shopping-gold-silver-business-and-prosperity/footer.fragment
dhanteras-shopping-gold-silver-business-and-prosperity/dhanteras-puja-for-business-owners.html,dhanteras-shopping-gold-silver-business-and-prosperity/dhanteras-puja-for-business-owners.html,no,merged,/Users/prashantdhingra/e/a3_output/happydeepawali.org/output/content/dhanteras-shopping-gold-silver-business-and-prosperity/footer.fragment
dhanteras-shopping-gold-silver-business-and-prosperity/why-is-silver-bought-on-dhanteras.html,dhanteras-shopping-gold-silver-business-and-prosperity/why-is-silver-bought-on-dhanteras.html,no,merged,/Users/prashantdhingra/e/a3_output/happydeepawali.org/output/content/dhanteras-shopping-gold-silver-business-and-prosperity/footer.fragment
dhanteras-shopping-gold-silver-business-and-prosperity/dhanteras-wishes-quotes-and-messages.html,dhanteras-shopping-gold-silver-business-and-prosperity/dhanteras-wishes-quotes-and-messages.html,no,merged,/Users/prashantdhingra/e/a3_output/happydeepawali.org/output/content/dhanteras-shopping-gold-silver-business-and-prosperity/footer.fragment
dhanteras-shopping-gold-silver-business-and-prosperity/what-should-you-buy-on-dhanteras.html,dhanteras-shopping-gold-silver-business-and-prosperity/what-should-you-buy-on-dhanteras.html,no,merged,/Users/prashantdhingra/e/a3_output/happydeepawali.org/output/content/dhanteras-shopping-gold-silver-business-and-prosperity/footer.fragment
dhanteras-shopping-gold-silver-business-and-prosperity/dhanteras-business-and-prosperity-traditions.html,dhanteras-shopping-gold-silver-business-and-prosperity/dhanteras-business-and-prosperity-traditions.html,no,merged,/Users/prashantdhingra/e/a3_output/happydeepawali.org/output/content/dhanteras-shopping-gold-silver-business-and-prosperity/footer.fragment
dhanteras-shopping-gold-silver-business-and-prosperity/dhanteras-shopping-guide-gold-silver-utensils-and-more.html,dhanteras-shopping-gold-silver-business-and-prosperity/dhanteras-shopping-guide-gold-silver-utensils-and-more.html,no,merged,/Users/prashantdhingra/e/a3_output/happydeepawali.org/output/content/dhanteras-shopping-gold-silver-business-and-prosperity/footer.fragment
dhanteras-shopping-gold-silver-business-and-prosperity/dhanteras-for-first-time-celebrants.html,dhanteras-shopping-gold-silver-business-and-prosperity/dhanteras-for-first-time-celebrants.html,no,merged,/Users/prashantdhingra/e/a3_output/happydeepawali.org/output/content/dhanteras-shopping-gold-silver-business-and-prosperity/footer.fragment
gudi-padwa/spiritual-science-symbolism-of-gudi.html,gudi-padwa/spiritual-science-symbolism-of-gudi.html,no,merged,/Users/prashantdhingra/e/a3_output/happydeepawali.org/output/content/gudi-padwa/footer.fragment
gudi-padwa/index.html,gudi-padwa/index.html,no,merged,/Users/prashantdhingra/e/a3_output/happydeepawali.org/output/content/gudi-padwa/footer.fragment
gudi-padwa/astronomical-significance-lunisolar-calendar.html,gudi-padwa/astronomical-significance-lunisolar-calendar.html,no,merged,/Users/prashantdhingra/e/a3_output/happydeepawali.org/output/content/gudi-padwa/footer.fragment
gudi-padwa/lesser-known-maharashtrian-delicacies.html,gudi-padwa/lesser-known-maharashtrian-delicacies.html,no,merged,/Users/prashantdhingra/e/a3_output/happydeepawali.org/output/content/gudi-padwa/footer.fragment
gudi-padwa/chaitra-navratri-and-gudi-padwa.html,gudi-padwa/chaitra-navratri-and-gudi-padwa.html,no,merged,/Users/prashantdhingra/e/a3_output/happydeepawali.org/output/content/gudi-padwa/footer.fragment
gudi-padwa/neem-jaggery-tradition-gudi-padwa.html,gudi-padwa/neem-jaggery-tradition-gudi-padwa.html,no,merged,/Users/prashantdhingra/e/a3_output/happydeepawali.org/output/content/gudi-padwa/footer.fragment
gudi-padwa/gudi-padwa-ugadi-cheti-chand.html,gudi-padwa/gudi-padwa-ugadi-cheti-chand.html,no,merged,/Users/prashantdhingra/e/a3_output/happydeepawali.org/output/content/gudi-padwa/footer.fragment
gudi-padwa/puran-poli-recipe-tips.html,gudi-padwa/puran-poli-recipe-tips.html,no,merged,/Users/prashantdhingra/e/a3_output/happydeepawali.org/output/content/gudi-padwa/footer.fragment
gudi-padwa/gudi-padwa-maharashtrian-diaspora.html,gudi-padwa/gudi-padwa-maharashtrian-diaspora.html,no,merged,/Users/prashantdhingra/e/a3_output/happydeepawali.org/output/content/gudi-padwa/footer.fragment
gudi-padwa/eco-friendly-gudi-padwa.html,gudi-padwa/eco-friendly-gudi-padwa.html,no,merged,/Users/prashantdhingra/e/a3_output/happydeepawali.org/output/content/gudi-padwa/footer.fragment
gudi-padwa/gudi-padwa-rangoli-designs.html,gudi-padwa/gudi-padwa-rangoli-designs.html,no,merged,/Users/prashantdhingra/e/a3_output/happydeepawali.org/output/content/gudi-padwa/footer.fragment
gudi-padwa/mens-gudi-padwa-fashion-pheta-kurta.html,gudi-padwa/mens-gudi-padwa-fashion-pheta-kurta.html,no,merged,/Users/prashantdhingra/e/a3_output/happydeepawali.org/output/content/gudi-padwa/footer.fragment
gudi-padwa/gudi-padwa-for-children-next-generation.html,gudi-padwa/gudi-padwa-for-children-next-generation.html,no,merged,/Users/prashantdhingra/e/a3_output/happydeepawali.org/output/content/gudi-padwa/footer.fragment
gudi-padwa/nauvari-saree-beginners-guide.html,gudi-padwa/nauvari-saree-beginners-guide.html,no,merged,/Users/prashantdhingra/e/a3_output/happydeepawali.org/output/content/gudi-padwa/footer.fragment
gudi-padwa/traditional-gudi-padwa-feast.html,gudi-padwa/traditional-gudi-padwa-feast.html,no,merged,/Users/prashantdhingra/e/a3_output/happydeepawali.org/output/content/gudi-padwa/footer.fragment
gudi-padwa/mythology-behind-gudi-padwa.html,gudi-padwa/mythology-behind-gudi-padwa.html,no,merged,/Users/prashantdhingra/e/a3_output/happydeepawali.org/output/content/gudi-padwa/footer.fragment
gudi-padwa/panchang-shravan-gudi-padwa.html,gudi-padwa/panchang-shravan-gudi-padwa.html,no,merged,/Users/prashantdhingra/e/a3_output/happydeepawali.org/output/content/gudi-padwa/footer.fragment
gudi-padwa/mango-leaf-marigold-toran.html,gudi-padwa/mango-leaf-marigold-toran.html,no,merged,/Users/prashantdhingra/e/a3_output/happydeepawali.org/output/content/gudi-padwa/footer.fragment
gudi-padwa/gudi-padwa-homemade-gifts.html,gudi-padwa/gudi-padwa-homemade-gifts.html,no,merged,/Users/prashantdhingra/e/a3_output/happydeepawali.org/output/content/gudi-padwa/footer.fragment
gudi-padwa/how-to-hoist-gudi-at-home.html,gudi-padwa/how-to-hoist-gudi-at-home.html,no,merged,/Users/prashantdhingra/e/a3_output/happydeepawali.org/output/content/gudi-padwa/footer.fragment
gudi-padwa/maratha-legacy-shivaji-gudi-padwa.html,gudi-padwa/maratha-legacy-shivaji-gudi-padwa.html,no,merged,/Users/prashantdhingra/e/a3_output/happydeepawali.org/output/content/gudi-padwa/footer.fragment
sweets/index.html,sweets/index.html,no,merged,/Users/prashantdhingra/e/a3_output/happydeepawali.org/output/content/sweets/footer.fragment
sweets/regional-diwali-sweets/the-common-threads-in-indian-regional-sweets.html,sweets/regional-diwali-sweets/the-common-threads-in-indian-regional-sweets.html,no,merged,/Users/prashantdhingra/e/a3_output/happydeepawali.org/output/content/sweets/regional-diwali-sweets/footer.fragment
sweets/regional-diwali-sweets/kashmiri-shufta-a-rich-dry-fruit-syrupy-dessert.html,sweets/regional-diwali-sweets/kashmiri-shufta-a-rich-dry-fruit-syrupy-dessert.html,no,merged,/Users/prashantdhingra/e/a3_output/happydeepawali.org/output/content/sweets/regional-diwali-sweets/footer.fragment
sweets/regional-diwali-sweets/index.html,sweets/regional-diwali-sweets/index.html,no,merged,/Users/prashantdhingra/e/a3_output/happydeepawali.org/output/content/sweets/regional-diwali-sweets/footer.fragment
sweets/regional-diwali-sweets/exploring-the-sweets-of-the-north-east-pitha-varieties.html,sweets/regional-diwali-sweets/exploring-the-sweets-of-the-north-east-pitha-varieties.html,no,merged,/Users/prashantdhingra/e/a3_output/happydeepawali.org/output/content/sweets/regional-diwali-sweets/footer.fragment
sweets/regional-diwali-sweets/regional-spotlight-maharashtrian-puran-poli-for-diwali.html,sweets/regional-diwali-sweets/regional-spotlight-maharashtrian-puran-poli-for-diwali.html,no,merged,/Users/prashantdhingra/e/a3_output/happydeepawali.org/output/content/sweets/regional-diwali-sweets/footer.fragment
sweets/regional-diwali-sweets/adhirasam-the-south-indian-jaggery-and-rice-flour-sweet.html,sweets/regional-diwali-sweets/adhirasam-the-south-indian-jaggery-and-rice-flour-sweet.html,no,merged,/Users/prashantdhingra/e/a3_output/happydeepawali.org/output/content/sweets/regional-diwali-sweets/footer.fragment
sweets/regional-diwali-sweets/odia-chhena-poda-the-roasted-cheese-dessert.html,sweets/regional-diwali-sweets/odia-chhena-poda-the-roasted-cheese-dessert.html,no,merged,/Users/prashantdhingra/e/a3_output/happydeepawali.org/output/content/sweets/regional-diwali-sweets/footer.fragment
sweets/regional-diwali-sweets/bengali-sandesh-variations-for-kali-puja.html,sweets/regional-diwali-sweets/bengali-sandesh-variations-for-kali-puja.html,no,merged,/Users/prashantdhingra/e/a3_output/happydeepawali.org/output/content/sweets/regional-diwali-sweets/footer.fragment
sweets/regional-diwali-sweets/sindhi-khorak-the-ultimate-winter-sweet.html,sweets/regional-diwali-sweets/sindhi-khorak-the-ultimate-winter-sweet.html,no,merged,/Users/prashantdhingra/e/a3_output/happydeepawali.org/output/content/sweets/regional-diwali-sweets/footer.fragment
sweets/regional-diwali-sweets/goan-neureos-the-coastal-stuffed-pastry.html,sweets/regional-diwali-sweets/goan-neureos-the-coastal-stuffed-pastry.html,no,merged,/Users/prashantdhingra/e/a3_output/happydeepawali.org/output/content/sweets/regional-diwali-sweets/footer.fragment
sweets/regional-diwali-sweets/up-and-bihar-favorites-thekua-and-pedakiya.html,sweets/regional-diwali-sweets/up-and-bihar-favorites-thekua-and-pedakiya.html,no,merged,/Users/prashantdhingra/e/a3_output/happydeepawali.org/output/content/sweets/regional-diwali-sweets/footer.fragment
sweets/mithai-foundations-pantry-technique/the-ultimate-diwali-mithai-pantry-essential-ingredients-to-stock.html,sweets/mithai-foundations-pantry-technique/the-ultimate-diwali-mithai-pantry-essential-ingredients-to-stock.html,no,merged,/Users/prashantdhingra/e/a3_output/happydeepawali.org/output/content/sweets/mithai-foundations-pantry-technique/footer.fragment
sweets/mithai-foundations-pantry-technique/index.html,sweets/mithai-foundations-pantry-technique/index.html,no,merged,/Users/prashantdhingra/e/a3_output/happydeepawali.org/output/content/sweets/mithai-foundations-pantry-technique/footer.fragment
sweets/mithai-foundations-pantry-technique/mawa-khoya-101-how-to-make-store-and-test-for-purity.html,sweets/mithai-foundations-pantry-technique/mawa-khoya-101-how-to-make-store-and-test-for-purity.html,no,merged,/Users/prashantdhingra/e/a3_output/happydeepawali.org/output/content/sweets/mithai-foundations-pantry-technique/footer.fragment
sweets/mithai-foundations-pantry-technique/understanding-sugar-syrups-the-1-string-and-2-string-tests-explained.html,sweets/mithai-foundations-pantry-technique/understanding-sugar-syrups-the-1-string-and-2-string-tests-explained.html,no,merged,/Users/prashantdhingra/e/a3_output/happydeepawali.org/output/content/sweets/mithai-foundations-pantry-technique/footer.fragment
sweets/mithai-foundations-pantry-technique/the-history-and-cultural-significance-of-diwali-sweets.html,sweets/mithai-foundations-pantry-technique/the-history-and-cultural-significance-of-diwali-sweets.html,no,merged,/Users/prashantdhingra/e/a3_output/happydeepawali.org/output/content/sweets/mithai-foundations-pantry-technique/footer.fragment
sweets/mithai-foundations-pantry-technique/essential-kitchen-tools-for-indian-sweet-making.html,sweets/mithai-foundations-pantry-technique/essential-kitchen-tools-for-indian-sweet-making.html,no,merged,/Users/prashantdhingra/e/a3_output/happydeepawali.org/output/content/sweets/mithai-foundations-pantry-technique/footer.fragment
sweets/mithai-foundations-pantry-technique/the-secret-to-the-perfect-besan-ladoo.html,sweets/mithai-foundations-pantry-technique/the-secret-to-the-perfect-besan-ladoo.html,no,merged,/Users/prashantdhingra/e/a3_output/happydeepawali.org/output/content/sweets/mithai-foundations-pantry-technique/footer.fragment
sweets/mithai-foundations-pantry-technique/the-significance-of-offering-naivedyam-prasad-to-goddess-lakshmi.html,sweets/mithai-foundations-pantry-technique/the-significance-of-offering-naivedyam-prasad-to-goddess-lakshmi.html,no,merged,/Users/prashantdhingra/e/a3_output/happydeepawali.org/output/content/sweets/mithai-foundations-pantry-technique/footer.fragment
sweets/mithai-foundations-pantry-technique/troubleshooting-common-mithai-mistakes.html,sweets/mithai-foundations-pantry-technique/troubleshooting-common-mithai-mistakes.html,no,merged,/Users/prashantdhingra/e/a3_output/happydeepawali.org/output/content/sweets/mithai-foundations-pantry-technique/footer.fragment
sweets/mithai-foundations-pantry-technique/how-to-make-kaju-katli-at-home-a-foolproof-guide.html,sweets/mithai-foundations-pantry-technique/how-to-make-kaju-katli-at-home-a-foolproof-guide.html,no,merged,/Users/prashantdhingra/e/a3_output/happydeepawali.org/output/content/sweets/mithai-foundations-pantry-technique/footer.fragment
sweets/mithai-foundations-pantry-technique/a-7-day-diwali-sweet-making-schedule.html,sweets/mithai-foundations-pantry-technique/a-7-day-diwali-sweet-making-schedule.html,no,merged,/Users/prashantdhingra/e/a3_output/happydeepawali.org/output/content/sweets/mithai-foundations-pantry-technique/footer.fragment
sweets/fusion-modern-mithai/the-rise-of-fusion-mithai-blending-east-and-west.html,sweets/fusion-modern-mithai/the-rise-of-fusion-mithai-blending-east-and-west.html,no,merged,/Users/prashantdhingra/e/a3_output/happydeepawali.org/output/content/sweets/fusion-modern-mithai/footer.fragment
sweets/fusion-modern-mithai/index.html,sweets/fusion-modern-mithai/index.html,no,merged,/Users/prashantdhingra/e/a3_output/happydeepawali.org/output/content/sweets/fusion-modern-mithai/footer.fragment
sweets/fusion-modern-mithai/gulkand-rose-petal-jam-stuffed-chocolates-and-ladoos.html,sweets/fusion-modern-mithai/gulkand-rose-petal-jam-stuffed-chocolates-and-ladoos.html,no,merged,/Users/prashantdhingra/e/a3_output/happydeepawali.org/output/content/sweets/fusion-modern-mithai/footer.fragment
sweets/fusion-modern-mithai/motichoor-cheesecake-a-stunning-diwali-centerpiece.html,sweets/fusion-modern-mithai/motichoor-cheesecake-a-stunning-diwali-centerpiece.html,no,merged,/Users/prashantdhingra/e/a3_output/happydeepawali.org/output/content/sweets/fusion-modern-mithai/footer.fragment
sweets/fusion-modern-mithai/paan-flavored-desserts-betel-leaf-truffles-and-macarons.html,sweets/fusion-modern-mithai/paan-flavored-desserts-betel-leaf-truffles-and-macarons.html,no,merged,/Users/prashantdhingra/e/a3_output/happydeepawali.org/output/content/sweets/fusion-modern-mithai/footer.fragment
sweets/fusion-modern-mithai/gulab-jamun-trifle-and-parfaits.html,sweets/fusion-modern-mithai/gulab-jamun-trifle-and-parfaits.html,no,merged,/Users/prashantdhingra/e/a3_output/happydeepawali.org/output/content/sweets/fusion-modern-mithai/footer.fragment
sweets/fusion-modern-mithai/creating-a-mithai-charcuterie-board-for-your-diwali-party.html,sweets/fusion-modern-mithai/creating-a-mithai-charcuterie-board-for-your-diwali-party.html,no,merged,/Users/prashantdhingra/e/a3_output/happydeepawali.org/output/content/sweets/fusion-modern-mithai/footer.fragment
sweets/fusion-modern-mithai/masala-chai-flavored-baked-goods-for-diwali-evening-tea.html,sweets/fusion-modern-mithai/masala-chai-flavored-baked-goods-for-diwali-evening-tea.html,no,merged,/Users/prashantdhingra/e/a3_output/happydeepawali.org/output/content/sweets/fusion-modern-mithai/footer.fragment
sweets/fusion-modern-mithai/rasmalai-tres-leches-cake.html,sweets/fusion-modern-mithai/rasmalai-tres-leches-cake.html,no,merged,/Users/prashantdhingra/e/a3_output/happydeepawali.org/output/content/sweets/fusion-modern-mithai/footer.fragment
sweets/fusion-modern-mithai/thandai-mousse-a-light-and-airy-festive-treat.html,sweets/fusion-modern-mithai/thandai-mousse-a-light-and-airy-festive-treat.html,no,merged,/Users/prashantdhingra/e/a3_output/happydeepawali.org/output/content/sweets/fusion-modern-mithai/footer.fragment
sweets/fusion-modern-mithai/chocolate-coated-mithai-a-hit-with-the-kids.html,sweets/fusion-modern-mithai/chocolate-coated-mithai-a-hit-with-the-kids.html,no,merged,/Users/prashantdhingra/e/a3_output/happydeepawali.org/output/content/sweets/fusion-modern-mithai/footer.fragment
sweets/healthier-dietary-adaptations/mindful-indulgence-managing-portion-sizes-during-the-festival.html,sweets/healthier-dietary-adaptations/mindful-indulgence-managing-portion-sizes-during-the-festival.html,no,merged,/Users/prashantdhingra/e/a3_output/happydeepawali.org/output/content/sweets/healthier-dietary-adaptations/footer.fragment
sweets/healthier-dietary-adaptations/nut-free-sweets-for-allergy-friendly-gifting.html,sweets/healthier-dietary-adaptations/nut-free-sweets-for-allergy-friendly-gifting.html,no,merged,/Users/prashantdhingra/e/a3_output/happydeepawali.org/output/content/sweets/healthier-dietary-adaptations/footer.fragment
sweets/healthier-dietary-adaptations/gluten-free-diwali-sweets-you-can-enjoy-worry-free.html,sweets/healthier-dietary-adaptations/gluten-free-diwali-sweets-you-can-enjoy-worry-free.html,no,merged,/Users/prashantdhingra/e/a3_output/happydeepawali.org/output/content/sweets/healthier-dietary-adaptations/footer.fragment
sweets/healthier-dietary-adaptations/healthy-diwali-sugar-free-date-and-nut-rolls-khajoor-roll.html,sweets/healthier-dietary-adaptations/healthy-diwali-sugar-free-date-and-nut-rolls-khajoor-roll.html,no,merged,/Users/prashantdhingra/e/a3_output/happydeepawali.org/output/content/sweets/healthier-dietary-adaptations/footer.fragment
sweets/healthier-dietary-adaptations/index.html,sweets/healthier-dietary-adaptations/index.html,no,merged,/Users/prashantdhingra/e/a3_output/happydeepawali.org/output/content/sweets/healthier-dietary-adaptations/footer.fragment
sweets/healthier-dietary-adaptations/adding-superfoods-to-your-diwali-sweets.html,sweets/healthier-dietary-adaptations/adding-superfoods-to-your-diwali-sweets.html,no,merged,/Users/prashantdhingra/e/a3_output/happydeepawali.org/output/content/sweets/healthier-dietary-adaptations/footer.fragment
sweets/healthier-dietary-adaptations/baking-vs-frying-healthier-gujiyas-and-samosas.html,sweets/healthier-dietary-adaptations/baking-vs-frying-healthier-gujiyas-and-samosas.html,no,merged,/Users/prashantdhingra/e/a3_output/happydeepawali.org/output/content/sweets/healthier-dietary-adaptations/footer.fragment
sweets/healthier-dietary-adaptations/keto-friendly-indian-sweets-for-low-carb-diets.html,sweets/healthier-dietary-adaptations/keto-friendly-indian-sweets-for-low-carb-diets.html,no,merged,/Users/prashantdhingra/e/a3_output/happydeepawali.org/output/content/sweets/healthier-dietary-adaptations/footer.fragment
sweets/healthier-dietary-adaptations/jaggery-vs-refined-sugar-making-the-swap-in-mithai.html,sweets/healthier-dietary-adaptations/jaggery-vs-refined-sugar-making-the-swap-in-mithai.html,no,merged,/Users/prashantdhingra/e/a3_output/happydeepawali.org/output/content/sweets/healthier-dietary-adaptations/footer.fragment
sweets/healthier-dietary-adaptations/veganizing-classic-indian-sweets.html,sweets/healthier-dietary-adaptations/veganizing-classic-indian-sweets.html,no,merged,/Users/prashantdhingra/e/a3_output/happydeepawali.org/output/content/sweets/healthier-dietary-adaptations/footer.fragment
sweets/healthier-dietary-adaptations/low-calorie-kheer-and-payasam-alternatives.html,sweets/healthier-dietary-adaptations/low-calorie-kheer-and-payasam-alternatives.html,no,merged,/Users/prashantdhingra/e/a3_output/happydeepawali.org/output/content/sweets/healthier-dietary-adaptations/footer.fragment
sweets/classic-syrup-milk-fried-sweets/rasgulla-secrets-making-spongy-bengali-sweets-at-home.html,sweets/classic-syrup-milk-fried-sweets/rasgulla-secrets-making-spongy-bengali-sweets-at-home.html,no,merged,/Users/prashantdhingra/e/a3_output/happydeepawali.org/output/content/sweets/classic-syrup-milk-fried-sweets/footer.fragment
sweets/classic-syrup-milk-fried-sweets/balushahi-indian-doughnuts-achieving-the-perfect-flaky-texture.html,sweets/classic-syrup-milk-fried-sweets/balushahi-indian-doughnuts-achieving-the-perfect-flaky-texture.html,no,merged,/Users/prashantdhingra/e/a3_output/happydeepawali.org/output/content/sweets/classic-syrup-milk-fried-sweets/footer.fragment
sweets/classic-syrup-milk-fried-sweets/index.html,sweets/classic-syrup-milk-fried-sweets/index.html,no,merged,/Users/prashantdhingra/e/a3_output/happydeepawali.org/output/content/sweets/classic-syrup-milk-fried-sweets/footer.fragment
sweets/classic-syrup-milk-fried-sweets/shahi-tukda-the-royal-awadhi-bread-dessert.html,sweets/classic-syrup-milk-fried-sweets/shahi-tukda-the-royal-awadhi-bread-dessert.html,no,merged,/Users/prashantdhingra/e/a3_output/happydeepawali.org/output/content/sweets/classic-syrup-milk-fried-sweets/footer.fragment
sweets/classic-syrup-milk-fried-sweets/imarti-vs-jalebi-understanding-the-differences.html,sweets/classic-syrup-milk-fried-sweets/imarti-vs-jalebi-understanding-the-differences.html,no,merged,/Users/prashantdhingra/e/a3_output/happydeepawali.org/output/content/sweets/classic-syrup-milk-fried-sweets/footer.fragment
sweets/classic-syrup-milk-fried-sweets/sweet-boondi-the-essential-temple-prasad.html,sweets/classic-syrup-milk-fried-sweets/sweet-boondi-the-essential-temple-prasad.html,no,merged,/Users/prashantdhingra/e/a3_output/happydeepawali.org/output/content/sweets/classic-syrup-milk-fried-sweets/footer.fragment
sweets/classic-syrup-milk-fried-sweets/ghevar-the-intricate-honeycomb-sweet-of-rajasthan.html,sweets/classic-syrup-milk-fried-sweets/ghevar-the-intricate-honeycomb-sweet-of-rajasthan.html,no,merged,/Users/prashantdhingra/e/a3_output/happydeepawali.org/output/content/sweets/classic-syrup-milk-fried-sweets/footer.fragment
sweets/classic-syrup-milk-fried-sweets/crispy-homemade-jalebis-fermentation-and-frying-techniques.html,sweets/classic-syrup-milk-fried-sweets/crispy-homemade-jalebis-fermentation-and-frying-techniques.html,no,merged,/Users/prashantdhingra/e/a3_output/happydeepawali.org/output/content/sweets/classic-syrup-milk-fried-sweets/footer.fragment
sweets/classic-syrup-milk-fried-sweets/mastering-gulab-jamun-khoya-vs-milk-powder-recipes.html,sweets/classic-syrup-milk-fried-sweets/mastering-gulab-jamun-khoya-vs-milk-powder-recipes.html,no,merged,/Users/prashantdhingra/e/a3_output/happydeepawali.org/output/content/sweets/classic-syrup-milk-fried-sweets/footer.fragment
sweets/classic-syrup-milk-fried-sweets/how-to-make-malpua-with-rabri.html,sweets/classic-syrup-milk-fried-sweets/how-to-make-malpua-with-rabri.html,no,merged,/Users/prashantdhingra/e/a3_output/happydeepawali.org/output/content/sweets/classic-syrup-milk-fried-sweets/footer.fragment
sweets/classic-syrup-milk-fried-sweets/rich-and-creamy-rasmalai-a-crowd-pleasing-diwali-dessert.html,sweets/classic-syrup-milk-fried-sweets/rich-and-creamy-rasmalai-a-crowd-pleasing-diwali-dessert.html,no,merged,/Users/prashantdhingra/e/a3_output/happydeepawali.org/output/content/sweets/classic-syrup-milk-fried-sweets/footer.fragment
sweets/halwa-ladoo-faral-classics/coconut-ladoo-nariyal-ladoo-3-ingredient-quick-fix.html,sweets/halwa-ladoo-faral-classics/coconut-ladoo-nariyal-ladoo-3-ingredient-quick-fix.html,no,merged,/Users/prashantdhingra/e/a3_output/happydeepawali.org/output/content/sweets/halwa-ladoo-faral-classics/footer.fragment
sweets/halwa-ladoo-faral-classics/index.html,sweets/halwa-ladoo-faral-classics/index.html,no,merged,/Users/prashantdhingra/e/a3_output/happydeepawali.org/output/content/sweets/halwa-ladoo-faral-classics/footer.fragment
sweets/halwa-ladoo-faral-classics/mohanthal-the-rich-gujarati-besan-fudge.html,sweets/halwa-ladoo-faral-classics/mohanthal-the-rich-gujarati-besan-fudge.html,no,merged,/Users/prashantdhingra/e/a3_output/happydeepawali.org/output/content/sweets/halwa-ladoo-faral-classics/footer.fragment
sweets/halwa-ladoo-faral-classics/mathura-peda-the-classic-caramelized-milk-sweet.html,sweets/halwa-ladoo-faral-classics/mathura-peda-the-classic-caramelized-milk-sweet.html,no,merged,/Users/prashantdhingra/e/a3_output/happydeepawali.org/output/content/sweets/halwa-ladoo-faral-classics/footer.fragment
sweets/halwa-ladoo-faral-classics/moong-dal-halwa-the-labor-of-love.html,sweets/halwa-ladoo-faral-classics/moong-dal-halwa-the-labor-of-love.html,no,merged,/Users/prashantdhingra/e/a3_output/happydeepawali.org/output/content/sweets/halwa-ladoo-faral-classics/footer.fragment
sweets/halwa-ladoo-faral-classics/gujiya-and-karanji-the-stuffed-fried-pastries-of-diwali.html,sweets/halwa-ladoo-faral-classics/gujiya-and-karanji-the-stuffed-fried-pastries-of-diwali.html,no,merged,/Users/prashantdhingra/e/a3_output/happydeepawali.org/output/content/sweets/halwa-ladoo-faral-classics/footer.fragment
sweets/halwa-ladoo-faral-classics/shankarpali-shakkarpara-sweet-crispy-bites.html,sweets/halwa-ladoo-faral-classics/shankarpali-shakkarpara-sweet-crispy-bites.html,no,merged,/Users/prashantdhingra/e/a3_output/happydeepawali.org/output/content/sweets/halwa-ladoo-faral-classics/footer.fragment
sweets/halwa-ladoo-faral-classics/traditional-panjiri-and-atta-ladoo.html,sweets/halwa-ladoo-faral-classics/traditional-panjiri-and-atta-ladoo.html,no,merged,/Users/prashantdhingra/e/a3_output/happydeepawali.org/output/content/sweets/halwa-ladoo-faral-classics/footer.fragment
sweets/halwa-ladoo-faral-classics/gajar-ka-halwa-transitioning-into-winter-sweets.html,sweets/halwa-ladoo-faral-classics/gajar-ka-halwa-transitioning-into-winter-sweets.html,no,merged,/Users/prashantdhingra/e/a3_output/happydeepawali.org/output/content/sweets/halwa-ladoo-faral-classics/footer.fragment
sweets/halwa-ladoo-faral-classics/kalakand-in-15-minutes-a-quick-condensed-milk-recipe.html,sweets/halwa-ladoo-faral-classics/kalakand-in-15-minutes-a-quick-condensed-milk-recipe.html,no,merged,/Users/prashantdhingra/e/a3_output/happydeepawali.org/output/content/sweets/halwa-ladoo-faral-classics/footer.fragment
sweets/halwa-ladoo-faral-classics/mysore-pak-the-south-indian-ghee-delicacy.html,sweets/halwa-ladoo-faral-classics/mysore-pak-the-south-indian-ghee-delicacy.html,no,merged,/Users/prashantdhingra/e/a3_output/happydeepawali.org/output/content/sweets/halwa-ladoo-faral-classics/footer.fragment
sweets/gifting-storage-presentation/repurposing-leftover-diwali-sweets.html,sweets/gifting-storage-presentation/repurposing-leftover-diwali-sweets.html,no,merged,/Users/prashantdhingra/e/a3_output/happydeepawali.org/output/content/sweets/gifting-storage-presentation/footer.fragment
sweets/gifting-storage-presentation/index.html,sweets/gifting-storage-presentation/index.html,no,merged,/Users/prashantdhingra/e/a3_output/happydeepawali.org/output/content/sweets/gifting-storage-presentation/footer.fragment
sweets/gifting-storage-presentation/the-shelf-life-of-different-diwali-sweets.html,sweets/gifting-storage-presentation/the-shelf-life-of-different-diwali-sweets.html,no,merged,/Users/prashantdhingra/e/a3_output/happydeepawali.org/output/content/sweets/gifting-storage-presentation/footer.fragment
sweets/gifting-storage-presentation/shipping-diwali-sweets-how-to-mail-mithai-without-spoilage.html,sweets/gifting-storage-presentation/shipping-diwali-sweets-how-to-mail-mithai-without-spoilage.html,no,merged,/Users/prashantdhingra/e/a3_output/happydeepawali.org/output/content/sweets/gifting-storage-presentation/footer.fragment
sweets/gifting-storage-presentation/can-you-freeze-indian-sweets-a-complete-guide.html,sweets/gifting-storage-presentation/can-you-freeze-indian-sweets-a-complete-guide.html,no,merged,/Users/prashantdhingra/e/a3_output/happydeepawali.org/output/content/sweets/gifting-storage-presentation/footer.fragment
sweets/gifting-storage-presentation/eco-friendly-packaging-for-your-diwali-sweet-boxes.html,sweets/gifting-storage-presentation/eco-friendly-packaging-for-your-diwali-sweet-boxes.html,no,merged,/Users/prashantdhingra/e/a3_output/happydeepawali.org/output/content/sweets/gifting-storage-presentation/footer.fragment
sweets/gifting-storage-presentation/using-edible-flowers-and-gold-dust-in-mithai-presentation.html,sweets/gifting-storage-presentation/using-edible-flowers-and-gold-dust-in-mithai-presentation.html,no,merged,/Users/prashantdhingra/e/a3_output/happydeepawali.org/output/content/sweets/gifting-storage-presentation/footer.fragment
sweets/gifting-storage-presentation/the-joy-of-sharing-distributing-sweets-to-the-less-fortunate.html,sweets/gifting-storage-presentation/the-joy-of-sharing-distributing-sweets-to-the-less-fortunate.html,no,merged,/Users/prashantdhingra/e/a3_output/happydeepawali.org/output/content/sweets/gifting-storage-presentation/footer.fragment
sweets/gifting-storage-presentation/how-to-professionally-package-homemade-sweets-for-gifting.html,sweets/gifting-storage-presentation/how-to-professionally-package-homemade-sweets-for-gifting.html,no,merged,/Users/prashantdhingra/e/a3_output/happydeepawali.org/output/content/sweets/gifting-storage-presentation/footer.fragment
sweets/gifting-storage-presentation/garnishing-like-a-pro-using-edible-silver-foil-vark.html,sweets/gifting-storage-presentation/garnishing-like-a-pro-using-edible-silver-foil-vark.html,no,merged,/Users/prashantdhingra/e/a3_output/happydeepawali.org/output/content/sweets/gifting-storage-presentation/footer.fragment
sweets/gifting-storage-presentation/adding-personalized-notes-and-calories-tags-to-gift-boxes.html,sweets/gifting-storage-presentation/adding-personalized-notes-and-calories-tags-to-gift-boxes.html,no,merged,/Users/prashantdhingra/e/a3_output/happydeepawali.org/output/content/sweets/gifting-storage-presentation/footer.fragment
sweets/popular-sweets/index.html,sweets/popular-sweets/index.html,no,merged,/Users/prashantdhingra/e/a3_output/happydeepawali.org/output/content/sweets/popular-sweets/footer.fragment
sweets/popular-sweets/bihari-diwali-sweets.html,sweets/popular-sweets/bihari-diwali-sweets.html,no,merged,/Users/prashantdhingra/e/a3_output/happydeepawali.org/output/content/sweets/popular-sweets/footer.fragment
sweets/popular-sweets/diwali-laddoos.html,sweets/popular-sweets/diwali-laddoos.html,no,merged,/Users/prashantdhingra/e/a3_output/happydeepawali.org/output/content/sweets/popular-sweets/footer.fragment
sweets/popular-sweets/karnataka-diwali-sweets.html,sweets/popular-sweets/karnataka-diwali-sweets.html,no,merged,/Users/prashantdhingra/e/a3_output/happydeepawali.org/output/content/sweets/popular-sweets/footer.fragment
sweets/popular-sweets/bengali-diwali-sweets.html,sweets/popular-sweets/bengali-diwali-sweets.html,no,merged,/Users/prashantdhingra/e/a3_output/happydeepawali.org/output/content/sweets/popular-sweets/footer.fragment
sweets/popular-sweets/rajasthani-diwali-sweets.html,sweets/popular-sweets/rajasthani-diwali-sweets.html,no,merged,/Users/prashantdhingra/e/a3_output/happydeepawali.org/output/content/sweets/popular-sweets/footer.fragment
sweets/popular-sweets/gujarati-diwali-sweets.html,sweets/popular-sweets/gujarati-diwali-sweets.html,no,merged,/Users/prashantdhingra/e/a3_output/happydeepawali.org/output/content/sweets/popular-sweets/footer.fragment
sweets/popular-sweets/maharashtrian-diwali-sweets.html,sweets/popular-sweets/maharashtrian-diwali-sweets.html,no,merged,/Users/prashantdhingra/e/a3_output/happydeepawali.org/output/content/sweets/popular-sweets/footer.fragment
sweets/popular-sweets/tamil-nadu-diwali-sweets.html,sweets/popular-sweets/tamil-nadu-diwali-sweets.html,no,merged,/Users/prashantdhingra/e/a3_output/happydeepawali.org/output/content/sweets/popular-sweets/footer.fragment
sweets/popular-sweets/andhra-diwali-sweets.html,sweets/popular-sweets/andhra-diwali-sweets.html,no,merged,/Users/prashantdhingra/e/a3_output/happydeepawali.org/output/content/sweets/popular-sweets/footer.fragment
sweets/popular-sweets/diwali-burfi.html,sweets/popular-sweets/diwali-burfi.html,no,merged,/Users/prashantdhingra/e/a3_output/happydeepawali.org/output/content/sweets/popular-sweets/footer.fragment
makar-sankranti/important-sankrantis.html,makar-sankranti/different-sankrantis.html,yes,merged,/Users/prashantdhingra/e/a3_output/happydeepawali.org/output/content/makar-sankranti/footer.fragment
makar-sankranti/lohri.recreated (1).html,makar-sankranti/lohri-recreated-1.html,yes,merged,/Users/prashantdhingra/e/a3_output/happydeepawali.org/output/content/makar-sankranti/footer.fragment
makar-sankranti/khichdi-purv.html,makar-sankranti/khichdi-purv.html,yes,merged,/Users/prashantdhingra/e/a3_output/happydeepawali.org/output/content/makar-sankranti/footer.fragment
makar-sankranti/makarsankranti-cards.html,makar-sankranti/makarsankranti-cards.html,yes,merged,/Users/prashantdhingra/e/a3_output/happydeepawali.org/output/content/makar-sankranti/footer.fragment
makar-sankranti/makarsankranti-wishes-in-gujrati.html,makar-sankranti/makarsankranti-wishes-in-gujrati.html,yes,merged,/Users/prashantdhingra/e/a3_output/happydeepawali.org/output/content/makar-sankranti/footer.fragment
makar-sankranti/important-sankrantis-themed.html,makar-sankranti/various-sankranti-days.html,yes,merged,/Users/prashantdhingra/e/a3_output/happydeepawali.org/output/content/makar-sankranti/footer.fragment
makar-sankranti/makarsankranti-wishes-in-hindi.html,makar-sankranti/makarsankranti-wishes-in-hindi.html,yes,merged,/Users/prashantdhingra/e/a3_output/happydeepawali.org/output/content/makar-sankranti/footer.fragment
makar-sankranti/makarsankranti-play-script.html,makar-sankranti/makarsankranti-play-script.html,yes,merged,/Users/prashantdhingra/e/a3_output/happydeepawali.org/output/content/makar-sankranti/footer.fragment
makar-sankranti/sankranti-names.html,makar-sankranti/sankranti-names.html,yes,merged,/Users/prashantdhingra/e/a3_output/happydeepawali.org/output/content/makar-sankranti/footer.fragment
makar-sankranti/cow-worship.html,makar-sankranti/cow-worship.html,yes,merged,/Users/prashantdhingra/e/a3_output/happydeepawali.org/output/content/makar-sankranti/footer.fragment
makar-sankranti/magh-bihu.html,makar-sankranti/magh-bihu.html,yes,merged,/Users/prashantdhingra/e/a3_output/happydeepawali.org/output/content/makar-sankranti/footer.fragment
makar-sankranti/what-is-uttarayaana.html,makar-sankranti/what-is-uttarayaana.html,yes,merged,/Users/prashantdhingra/e/a3_output/happydeepawali.org/output/content/makar-sankranti/footer.fragment
makar-sankranti/sankranti-start-of-spring.html,makar-sankranti/sankranti-start-of-spring.html,yes,merged,/Users/prashantdhingra/e/a3_output/happydeepawali.org/output/content/makar-sankranti/footer.fragment
makar-sankranti/sankranti-and-winter-solstice-recreated.html,makar-sankranti/sankranti-and-winter-solstice-recreated.html,yes,merged,/Users/prashantdhingra/e/a3_output/happydeepawali.org/output/content/makar-sankranti/footer.fragment
makar-sankranti/makarsankranti-greeting-cards.html,makar-sankranti/makarsankranti-greeting-cards.html,yes,merged,/Users/prashantdhingra/e/a3_output/happydeepawali.org/output/content/makar-sankranti/footer.fragment
makar-sankranti/makarsankranti-essay.html,makar-sankranti/makarsankranti-essay.html,yes,merged,/Users/prashantdhingra/e/a3_output/happydeepawali.org/output/content/makar-sankranti/footer.fragment
makar-sankranti/coconut-ladoo.html,makar-sankranti/coconut-ladoo.html,yes,merged,/Users/prashantdhingra/e/a3_output/happydeepawali.org/output/content/makar-sankranti/footer.fragment
makar-sankranti/index_recreated.html,makar-sankranti/makarsankranti-guide.html,yes,merged,/Users/prashantdhingra/e/a3_output/happydeepawali.org/output/content/makar-sankranti/footer.fragment
makar-sankranti/makarsankranti-wishes-in-bengali.html,makar-sankranti/makarsankranti-wishes-in-bengali.html,yes,merged,/Users/prashantdhingra/e/a3_output/happydeepawali.org/output/content/makar-sankranti/footer.fragment
makar-sankranti/farmers.html,makar-sankranti/farmers-villages.html,yes,merged,/Users/prashantdhingra/e/a3_output/happydeepawali.org/output/content/makar-sankranti/footer.fragment
makar-sankranti/makarsankranti-wishes-in-urdu.html,makar-sankranti/makarsankranti-wishes-in-urdu.html,yes,merged,/Users/prashantdhingra/e/a3_output/happydeepawali.org/output/content/makar-sankranti/footer.fragment
makar-sankranti/makarsankranti-wishes-in-rajasthani.html,makar-sankranti/makarsankranti-wishes-in-rajasthani.html,yes,merged,/Users/prashantdhingra/e/a3_output/happydeepawali.org/output/content/makar-sankranti/footer.fragment
makar-sankranti/makarsankranti-wishes-marathai.html,makar-sankranti/makarsankranti-wishes-marathai.html,yes,merged,/Users/prashantdhingra/e/a3_output/happydeepawali.org/output/content/makar-sankranti/footer.fragment
makar-sankranti/sankranti-tradition.html,makar-sankranti/sankranti-tradition.html,yes,merged,/Users/prashantdhingra/e/a3_output/happydeepawali.org/output/content/makar-sankranti/footer.fragment
makar-sankranti/shani-surya-story.html,makar-sankranti/shani-surya-story.html,yes,merged,/Users/prashantdhingra/e/a3_output/happydeepawali.org/output/content/makar-sankranti/footer.fragment
makar-sankranti/3-days-sankranti-pongal-celebration.html,makar-sankranti/3-days-sankranti-pongal-celebration.html,yes,merged,/Users/prashantdhingra/e/a3_output/happydeepawali.org/output/content/makar-sankranti/footer.fragment
makar-sankranti/kite-flying..html,makar-sankranti/kite-flying.html,yes,merged,/Users/prashantdhingra/e/a3_output/happydeepawali.org/output/content/makar-sankranti/footer.fragment
makar-sankranti/different-names-of-sankranti-recreated.html,makar-sankranti/terms-used-for-sankranti.html,yes,merged,/Users/prashantdhingra/e/a3_output/happydeepawali.org/output/content/makar-sankranti/footer.fragment
makar-sankranti/makarsankranti-wishes-in-garhwali.html,makar-sankranti/makarsankranti-wishes-in-garhwali.html,yes,merged,/Users/prashantdhingra/e/a3_output/happydeepawali.org/output/content/makar-sankranti/footer.fragment
makar-sankranti/sankranti-vs-makarsankranti.html,makar-sankranti/sankranti-vs-makarsankranti.html,yes,merged,/Users/prashantdhingra/e/a3_output/happydeepawali.org/output/content/makar-sankranti/footer.fragment
makar-sankranti/information.html,makar-sankranti/blog.html,yes,merged,/Users/prashantdhingra/e/a3_output/happydeepawali.org/output/content/makar-sankranti/footer.fragment
makar-sankranti/til-gud-ke-ladoo.html,makar-sankranti/til-gud-ke-ladoo.html,yes,merged,/Users/prashantdhingra/e/a3_output/happydeepawali.org/output/content/makar-sankranti/footer.fragment
makar-sankranti/lohri.html,makar-sankranti/lohri.html,yes,merged,/Users/prashantdhingra/e/a3_output/happydeepawali.org/output/content/makar-sankranti/footer.fragment
makar-sankranti/information-makarsankranti-detailed.html,makar-sankranti/index.html,yes,merged,/Users/prashantdhingra/e/a3_output/happydeepawali.org/output/content/makar-sankranti/footer.fragment
makar-sankranti/ganee-ki-kheer.html,makar-sankranti/sugarcane-pudding.html,yes,merged,/Users/prashantdhingra/e/a3_output/happydeepawali.org/output/content/makar-sankranti/footer.fragment
makar-sankranti/makarsankranti-theme-3day-pongal.html,makar-sankranti/makarsankranti-theme-3day-pongal.html,yes,merged,/Users/prashantdhingra/e/a3_output/happydeepawali.org/output/content/makar-sankranti/footer.fragment
makar-sankranti/sankranti-cards.html,makar-sankranti/sankranti-cards.html,yes,merged,/Users/prashantdhingra/e/a3_output/happydeepawali.org/output/content/makar-sankranti/footer.fragment
makar-sankranti/makarsankranti-wishes-in-marwari-language.html,makar-sankranti/makarsankranti-wishes-in-marwari-language.html,yes,merged,/Users/prashantdhingra/e/a3_output/happydeepawali.org/output/content/makar-sankranti/footer.fragment
makar-sankranti/hindu-festivals-calendar-2026.html,makar-sankranti/2026-hindu-festival-dates.html,yes,merged,/Users/prashantdhingra/e/a3_output/happydeepawali.org/output/content/makar-sankranti/footer.fragment
makar-sankranti/maghe-sankranti-recreated.html,makar-sankranti/maghe-sankranti-recreated.html,yes,merged,/Users/prashantdhingra/e/a3_output/happydeepawali.org/output/content/makar-sankranti/footer.fragment
makar-sankranti/makarsankranti-blog.html,makar-sankranti/makarsankranti-blog.html,yes,merged,/Users/prashantdhingra/e/a3_output/happydeepawali.org/output/content/makar-sankranti/footer.fragment
makar-sankranti/til-sweets.html,makar-sankranti/til-sweets.html,yes,merged,/Users/prashantdhingra/e/a3_output/happydeepawali.org/output/content/makar-sankranti/footer.fragment
makar-sankranti/sankranti-quotes.html,makar-sankranti/sankranti-quotes.html,yes,merged,/Users/prashantdhingra/e/a3_output/happydeepawali.org/output/content/makar-sankranti/footer.fragment
makar-sankranti/makar-sankranti-blog-photos.html,makar-sankranti/makar-sankranti-blog-photos.html,yes,merged,/Users/prashantdhingra/e/a3_output/happydeepawali.org/output/content/makar-sankranti/footer.fragment
makar-sankranti/makarsankranti-wishes-in-sanskrit-language.html,makar-sankranti/makarsankranti-wishes-in-sanskrit-language.html,yes,merged,/Users/prashantdhingra/e/a3_output/happydeepawali.org/output/content/makar-sankranti/footer.fragment
travel-ayodhya-varanasi-jaipur-and-cultural-tourism/best-places-in-india-to-experience-diwali.html,travel-ayodhya-varanasi-jaipur-and-cultural-tourism/best-places-in-india-to-experience-diwali.html,no,merged,/Users/prashantdhingra/e/a3_output/happydeepawali.org/output/content/travel-ayodhya-varanasi-jaipur-and-cultural-tourism/footer.fragment
travel-ayodhya-varanasi-jaipur-and-cultural-tourism/diwali-in-ayodhya-complete-travel-and-festival-guide.html,travel-ayodhya-varanasi-jaipur-and-cultural-tourism/diwali-in-ayodhya-complete-travel-and-festival-guide.html,no,merged,/Users/prashantdhingra/e/a3_output/happydeepawali.org/output/content/travel-ayodhya-varanasi-jaipur-and-cultural-tourism/footer.fragment
travel-ayodhya-varanasi-jaipur-and-cultural-tourism/how-international-visitors-can-experience-diwali-respectfully.html,travel-ayodhya-varanasi-jaipur-and-cultural-tourism/how-international-visitors-can-experience-diwali-respectfully.html,no,merged,/Users/prashantdhingra/e/a3_output/happydeepawali.org/output/content/travel-ayodhya-varanasi-jaipur-and-cultural-tourism/footer.fragment
travel-ayodhya-varanasi-jaipur-and-cultural-tourism/index.html,travel-ayodhya-varanasi-jaipur-and-cultural-tourism/index.html,no,merged,/Users/prashantdhingra/e/a3_output/happydeepawali.org/output/content/travel-ayodhya-varanasi-jaipur-and-cultural-tourism/footer.fragment
travel-ayodhya-varanasi-jaipur-and-cultural-tourism/how-to-photograph-diwali-lights-safely.html,travel-ayodhya-varanasi-jaipur-and-cultural-tourism/how-to-photograph-diwali-lights-safely.html,no,merged,/Users/prashantdhingra/e/a3_output/happydeepawali.org/output/content/travel-ayodhya-varanasi-jaipur-and-cultural-tourism/footer.fragment
travel-ayodhya-varanasi-jaipur-and-cultural-tourism/deepotsav-in-ayodhya-diyas-events-and-visitor-guide.html,travel-ayodhya-varanasi-jaipur-and-cultural-tourism/deepotsav-in-ayodhya-diyas-events-and-visitor-guide.html,no,merged,/Users/prashantdhingra/e/a3_output/happydeepawali.org/output/content/travel-ayodhya-varanasi-jaipur-and-cultural-tourism/footer.fragment
travel-ayodhya-varanasi-jaipur-and-cultural-tourism/diwali-in-amritsar-golden-temple-and-bandi-chhor-divas.html,travel-ayodhya-varanasi-jaipur-and-cultural-tourism/diwali-in-amritsar-golden-temple-and-bandi-chhor-divas.html,no,merged,/Users/prashantdhingra/e/a3_output/happydeepawali.org/output/content/travel-ayodhya-varanasi-jaipur-and-cultural-tourism/footer.fragment
travel-ayodhya-varanasi-jaipur-and-cultural-tourism/diwali-in-mumbai-lights-markets-and-community-celebrations.html,travel-ayodhya-varanasi-jaipur-and-cultural-tourism/diwali-in-mumbai-lights-markets-and-community-celebrations.html,no,merged,/Users/prashantdhingra/e/a3_output/happydeepawali.org/output/content/travel-ayodhya-varanasi-jaipur-and-cultural-tourism/footer.fragment
travel-ayodhya-varanasi-jaipur-and-cultural-tourism/diwali-travel-itinerary-3-days-in-ayodhya.html,travel-ayodhya-varanasi-jaipur-and-cultural-tourism/diwali-travel-itinerary-3-days-in-ayodhya.html,no,merged,/Users/prashantdhingra/e/a3_output/happydeepawali.org/output/content/travel-ayodhya-varanasi-jaipur-and-cultural-tourism/footer.fragment
travel-ayodhya-varanasi-jaipur-and-cultural-tourism/what-to-wear-while-traveling-during-diwali.html,travel-ayodhya-varanasi-jaipur-and-cultural-tourism/what-to-wear-while-traveling-during-diwali.html,no,merged,/Users/prashantdhingra/e/a3_output/happydeepawali.org/output/content/travel-ayodhya-varanasi-jaipur-and-cultural-tourism/footer.fragment
travel-ayodhya-varanasi-jaipur-and-cultural-tourism/diwali-in-jodhpur-markets-food-and-celebration-guide.html,travel-ayodhya-varanasi-jaipur-and-cultural-tourism/diwali-in-jodhpur-markets-food-and-celebration-guide.html,no,merged,/Users/prashantdhingra/e/a3_output/happydeepawali.org/output/content/travel-ayodhya-varanasi-jaipur-and-cultural-tourism/footer.fragment
travel-ayodhya-varanasi-jaipur-and-cultural-tourism/diwali-photography-guide-diyas-markets-rangoli-and-night-scenes.html,travel-ayodhya-varanasi-jaipur-and-cultural-tourism/diwali-photography-guide-diyas-markets-rangoli-and-night-scenes.html,no,merged,/Users/prashantdhingra/e/a3_output/happydeepawali.org/output/content/travel-ayodhya-varanasi-jaipur-and-cultural-tourism/footer.fragment
travel-ayodhya-varanasi-jaipur-and-cultural-tourism/diwali-in-jaipur-markets-lights-and-travel-guide.html,travel-ayodhya-varanasi-jaipur-and-cultural-tourism/diwali-in-jaipur-markets-lights-and-travel-guide.html,no,merged,/Users/prashantdhingra/e/a3_output/happydeepawali.org/output/content/travel-ayodhya-varanasi-jaipur-and-cultural-tourism/footer.fragment
travel-ayodhya-varanasi-jaipur-and-cultural-tourism/diwali-travel-itinerary-delhi-agra-and-jaipur.html,travel-ayodhya-varanasi-jaipur-and-cultural-tourism/diwali-travel-itinerary-delhi-agra-and-jaipur.html,no,merged,/Users/prashantdhingra/e/a3_output/happydeepawali.org/output/content/travel-ayodhya-varanasi-jaipur-and-cultural-tourism/footer.fragment
travel-ayodhya-varanasi-jaipur-and-cultural-tourism/diwali-travel-packing-list.html,travel-ayodhya-varanasi-jaipur-and-cultural-tourism/diwali-travel-packing-list.html,no,merged,/Users/prashantdhingra/e/a3_output/happydeepawali.org/output/content/travel-ayodhya-varanasi-jaipur-and-cultural-tourism/footer.fragment
travel-ayodhya-varanasi-jaipur-and-cultural-tourism/why-diwali-is-one-of-indias-great-cultural-tourism-experiences.html,travel-ayodhya-varanasi-jaipur-and-cultural-tourism/why-diwali-is-one-of-indias-great-cultural-tourism-experiences.html,no,merged,/Users/prashantdhingra/e/a3_output/happydeepawali.org/output/content/travel-ayodhya-varanasi-jaipur-and-cultural-tourism/footer.fragment
travel-ayodhya-varanasi-jaipur-and-cultural-tourism/diwali-travel-with-kids-family-planning-guide.html,travel-ayodhya-varanasi-jaipur-and-cultural-tourism/diwali-travel-with-kids-family-planning-guide.html,no,merged,/Users/prashantdhingra/e/a3_output/happydeepawali.org/output/content/travel-ayodhya-varanasi-jaipur-and-cultural-tourism/footer.fragment
travel-ayodhya-varanasi-jaipur-and-cultural-tourism/dev-deepawali-in-varanasi-how-it-differs-from-diwali.html,travel-ayodhya-varanasi-jaipur-and-cultural-tourism/dev-deepawali-in-varanasi-how-it-differs-from-diwali.html,no,merged,/Users/prashantdhingra/e/a3_output/happydeepawali.org/output/content/travel-ayodhya-varanasi-jaipur-and-cultural-tourism/footer.fragment
travel-ayodhya-varanasi-jaipur-and-cultural-tourism/diwali-in-varanasi-ghats-ganga-aarti-and-celebration-guide.html,travel-ayodhya-varanasi-jaipur-and-cultural-tourism/diwali-in-varanasi-ghats-ganga-aarti-and-celebration-guide.html,no,merged,/Users/prashantdhingra/e/a3_output/happydeepawali.org/output/content/travel-ayodhya-varanasi-jaipur-and-cultural-tourism/footer.fragment
travel-ayodhya-varanasi-jaipur-and-cultural-tourism/diwali-in-udaipur-palaces-lakes-and-festive-experiences.html,travel-ayodhya-varanasi-jaipur-and-cultural-tourism/diwali-in-udaipur-palaces-lakes-and-festive-experiences.html,no,merged,/Users/prashantdhingra/e/a3_output/happydeepawali.org/output/content/travel-ayodhya-varanasi-jaipur-and-cultural-tourism/footer.fragment
travel-ayodhya-varanasi-jaipur-and-cultural-tourism/diwali-in-delhi-markets-temples-and-festival-experiences.html,travel-ayodhya-varanasi-jaipur-and-cultural-tourism/diwali-in-delhi-markets-temples-and-festival-experiences.html,no,merged,/Users/prashantdhingra/e/a3_output/happydeepawali.org/output/content/travel-ayodhya-varanasi-jaipur-and-cultural-tourism/footer.fragment
diwali-2026-city-events-local-search-and-near-me/diwali-2026-in-jaipur-markets-lights-and-events.html,diwali-2026-city-events-local-search-and-near-me/diwali-2026-in-jaipur-markets-lights-and-events.html,no,merged,/Users/prashantdhingra/e/a3_output/happydeepawali.org/output/content/diwali-2026-city-events-local-search-and-near-me/footer.fragment
diwali-2026-city-events-local-search-and-near-me/index.html,diwali-2026-city-events-local-search-and-near-me/index.html,no,merged,/Users/prashantdhingra/e/a3_output/happydeepawali.org/output/content/diwali-2026-city-events-local-search-and-near-me/footer.fragment
diwali-2026-city-events-local-search-and-near-me/diwali-2026-in-mumbai-events-markets-and-community-celebrations.html,diwali-2026-city-events-local-search-and-near-me/diwali-2026-in-mumbai-events-markets-and-community-celebrations.html,no,merged,/Users/prashantdhingra/e/a3_output/happydeepawali.org/output/content/diwali-2026-city-events-local-search-and-near-me/footer.fragment
diwali-2026-city-events-local-search-and-near-me/diwali-2026-in-pune-events-and-community-celebrations.html,diwali-2026-city-events-local-search-and-near-me/diwali-2026-in-pune-events-and-community-celebrations.html,no,merged,/Users/prashantdhingra/e/a3_output/happydeepawali.org/output/content/diwali-2026-city-events-local-search-and-near-me/footer.fragment
diwali-2026-city-events-local-search-and-near-me/diwali-2026-in-dubai-events-shopping-and-celebration-guide.html,diwali-2026-city-events-local-search-and-near-me/diwali-2026-in-dubai-events-shopping-and-celebration-guide.html,no,merged,/Users/prashantdhingra/e/a3_output/happydeepawali.org/output/content/diwali-2026-city-events-local-search-and-near-me/footer.fragment
diwali-2026-city-events-local-search-and-near-me/diwali-2026-in-london-events-and-community-celebrations.html,diwali-2026-city-events-local-search-and-near-me/diwali-2026-in-london-events-and-community-celebrations.html,no,merged,/Users/prashantdhingra/e/a3_output/happydeepawali.org/output/content/diwali-2026-city-events-local-search-and-near-me/footer.fragment
diwali-2026-city-events-local-search-and-near-me/diwali-2026-in-noida-events-markets-and-community-celebrations.html,diwali-2026-city-events-local-search-and-near-me/diwali-2026-in-noida-events-markets-and-community-celebrations.html,no,merged,/Users/prashantdhingra/e/a3_output/happydeepawali.org/output/content/diwali-2026-city-events-local-search-and-near-me/footer.fragment
diwali-2026-city-events-local-search-and-near-me/diwali-2026-in-kolkata-kali-puja-and-festival-events.html,diwali-2026-city-events-local-search-and-near-me/diwali-2026-in-kolkata-kali-puja-and-festival-events.html,no,merged,/Users/prashantdhingra/e/a3_output/happydeepawali.org/output/content/diwali-2026-city-events-local-search-and-near-me/footer.fragment
diwali-2026-city-events-local-search-and-near-me/diwali-2026-in-faridabad-events-markets-and-community-guide.html,diwali-2026-city-events-local-search-and-near-me/diwali-2026-in-faridabad-events-markets-and-community-guide.html,no,merged,/Users/prashantdhingra/e/a3_output/happydeepawali.org/output/content/diwali-2026-city-events-local-search-and-near-me/footer.fragment
diwali-2026-city-events-local-search-and-near-me/diwali-2026-in-ghaziabad-events-and-local-celebration-guide.html,diwali-2026-city-events-local-search-and-near-me/diwali-2026-in-ghaziabad-events-and-local-celebration-guide.html,no,merged,/Users/prashantdhingra/e/a3_output/happydeepawali.org/output/content/diwali-2026-city-events-local-search-and-near-me/footer.fragment
diwali-2026-city-events-local-search-and-near-me/diwali-2026-in-hyderabad-events-markets-and-celebration-guide.html,diwali-2026-city-events-local-search-and-near-me/diwali-2026-in-hyderabad-events-markets-and-celebration-guide.html,no,merged,/Users/prashantdhingra/e/a3_output/happydeepawali.org/output/content/diwali-2026-city-events-local-search-and-near-me/footer.fragment
diwali-2026-city-events-local-search-and-near-me/diwali-2026-in-bengaluru-events-temples-and-community-programs.html,diwali-2026-city-events-local-search-and-near-me/diwali-2026-in-bengaluru-events-temples-and-community-programs.html,no,merged,/Users/prashantdhingra/e/a3_output/happydeepawali.org/output/content/diwali-2026-city-events-local-search-and-near-me/footer.fragment
diwali-2026-city-events-local-search-and-near-me/diwali-2026-in-varanasi-ghats-aarti-and-celebration-guide.html,diwali-2026-city-events-local-search-and-near-me/diwali-2026-in-varanasi-ghats-aarti-and-celebration-guide.html,no,merged,/Users/prashantdhingra/e/a3_output/happydeepawali.org/output/content/diwali-2026-city-events-local-search-and-near-me/footer.fragment
diwali-2026-city-events-local-search-and-near-me/diwali-2026-in-toronto-events-and-indian-community-celebrations.html,diwali-2026-city-events-local-search-and-near-me/diwali-2026-in-toronto-events-and-indian-community-celebrations.html,no,merged,/Users/prashantdhingra/e/a3_output/happydeepawali.org/output/content/diwali-2026-city-events-local-search-and-near-me/footer.fragment
diwali-2026-city-events-local-search-and-near-me/diwali-2026-near-me-how-to-find-temples-events-markets-and-fireworks.html,diwali-2026-city-events-local-search-and-near-me/diwali-2026-near-me-how-to-find-temples-events-markets-and-fireworks.html,no,merged,/Users/prashantdhingra/e/a3_output/happydeepawali.org/output/content/diwali-2026-city-events-local-search-and-near-me/footer.fragment
diwali-2026-city-events-local-search-and-near-me/diwali-2026-in-new-jersey-temples-and-indian-community-events.html,diwali-2026-city-events-local-search-and-near-me/diwali-2026-in-new-jersey-temples-and-indian-community-events.html,no,merged,/Users/prashantdhingra/e/a3_output/happydeepawali.org/output/content/diwali-2026-city-events-local-search-and-near-me/footer.fragment
diwali-2026-city-events-local-search-and-near-me/diwali-2026-in-new-york-city-events-and-community-celebrations.html,diwali-2026-city-events-local-search-and-near-me/diwali-2026-in-new-york-city-events-and-community-celebrations.html,no,merged,/Users/prashantdhingra/e/a3_output/happydeepawali.org/output/content/diwali-2026-city-events-local-search-and-near-me/footer.fragment
diwali-2026-city-events-local-search-and-near-me/diwali-2026-in-chennai-deepavali-events-and-family-celebrations.html,diwali-2026-city-events-local-search-and-near-me/diwali-2026-in-chennai-deepavali-events-and-family-celebrations.html,no,merged,/Users/prashantdhingra/e/a3_output/happydeepawali.org/output/content/diwali-2026-city-events-local-search-and-near-me/footer.fragment
diwali-2026-city-events-local-search-and-near-me/diwali-2026-in-gurugram-events-malls-and-community-celebrations.html,diwali-2026-city-events-local-search-and-near-me/diwali-2026-in-gurugram-events-malls-and-community-celebrations.html,no,merged,/Users/prashantdhingra/e/a3_output/happydeepawali.org/output/content/diwali-2026-city-events-local-search-and-near-me/footer.fragment
diwali-2026-city-events-local-search-and-near-me/diwali-2026-in-ayodhya-deepotsav-events-and-visitor-guide.html,diwali-2026-city-events-local-search-and-near-me/diwali-2026-in-ayodhya-deepotsav-events-and-visitor-guide.html,no,merged,/Users/prashantdhingra/e/a3_output/happydeepawali.org/output/content/diwali-2026-city-events-local-search-and-near-me/footer.fragment
diwali-2026-city-events-local-search-and-near-me/diwali-2026-in-delhi-events-markets-temples-and-celebration-guide.html,diwali-2026-city-events-local-search-and-near-me/diwali-2026-in-delhi-events-markets-temples-and-celebration-guide.html,no,merged,/Users/prashantdhingra/e/a3_output/happydeepawali.org/output/content/diwali-2026-city-events-local-search-and-near-me/footer.fragment
